new_id,rto
0,94065361.04608671
1,45037357.554861486
2,89992096.4057975
3,68229210.89706983
4,83006116.89346561
5,77790536.08225055
6,171556093.76139304
7,78517027.89352234
8,237728901.3949371
9,53522269.07648041
10,46123348.47888275
11,77709193.40315045
12,84748357.11703807
14,51685159.06329504
15,99277459.56694932
16,91143984.23272192
17,86010708.81490086
19,172051397.155618
20,58148738.01393372
21,111285109.4837067
24,91759634.54259096
25,69677199.3462047
26,35304906.819995515
27,194839924.21105912
28,60580232.41681967
29,66533791.26336119
30,47893737.43727591
31,54506132.94737497
32,49422338.64721043
33,111804231.45712125
34,107443501.51436684
35,76182548.8584606
37,92069560.0763111
38,97468125.14214754
39,117762741.22277334
40,115594415.4161335
41,110856484.07797511
42,311218726.29408437
43,91025353.35880433
44,72461670.79066388
45,195677223.88127762
47,92148465.11068484
48,95169613.94878702
49,72362636.6577643
51,70280332.6900056
53,115311991.90862931
54,117732926.42658147
55,57086042.22195141
56,111591453.90209557
57,96577246.0296491
58,117341736.38345857
59,45973783.895499304
60,80257433.42638278
61,85620405.62082568
62,75102425.94046582
63,69497553.0348403
64,65138440.97272138
65,174819008.83372813
66,75291820.5521855
67,63581468.93526028
68,102227362.2258526
69,70259094.16444473
70,86570538.93006185
71,241161129.5250903
72,71598327.36541142
73,97985142.33504838
74,170082578.41131842
75,172766061.10860533
77,84923621.95358688
78,101639625.85071057
79,111662828.01959425
80,86054565.02979171
81,46777208.95030513
82,92243724.40780365
83,86535895.07506177
84,76503714.34179303
85,154722650.40190077
86,78095699.63205993
87,92429600.88538696
88,101604387.61685969
89,56893904.59699546
90,75518161.41831642
91,71654134.82128638
92,83000049.4963736
93,249934256.0338877
94,63611250.61541287
95,122915683.0263725
96,46486570.72670695
97,107152837.40043533
98,148762879.88937184
99,77211995.25603192
100,175961107.9081343
101,114502055.13600853
102,63788555.87422959
104,79064661.100393
105,101533389.59206478
106,48309774.79039544
107,166585227.22621527
108,52610549.656716466
109,78746252.88171467
110,81536700.2149837
111,256075953.89960465
112,71886051.39336897
113,90698680.12785366
114,64849265.150093615
116,55226987.66938692
117,103038717.40810683
118,107017769.6373414
119,139743194.81262156
120,71104406.10588874
121,110952704.1252315
122,87751050.60528387
123,82843670.94241351
124,69395865.98534167
125,47075195.61598087
127,76181243.57463245
128,74211730.34315158
129,72283305.24794164
130,54018078.40988972
131,84698771.97997637
132,89645878.13477434
133,83646137.43131673
134,83614158.61121775
136,91584429.55161916
137,139602041.77794427
138,317063093.1241099
139,62685616.385441296
140,58432239.13163118
141,133844753.91973585
142,162046984.7574513
146,74478238.62557104
147,151692002.81337348
148,59340623.596092135
151,99008039.48621736
152,49002968.662892185
153,120694898.30011228
155,73509225.26885949
156,75204401.3335044
158,91485336.48550135
159,228936576.22608173
160,99888715.2975852
161,108915314.22898339
162,69554754.43902303
163,44674113.49686352
164,99023813.80176802
165,103030218.39196539
166,55605312.507786006
167,64242422.291129306
168,39043750.32712942
169,232325942.83996543
170,162246044.68658894
171,57996940.67736101
172,185919666.14048007
174,100633378.46460934
175,74444227.49371773
176,42314934.51004373
177,154856029.256021
180,73790271.68203571
181,197505687.41793442
182,92863255.30810516
183,229830353.0076992
184,94277745.05019683
185,87393521.01419343
186,130954232.60709697
187,88689766.84570287
188,208474168.56791657
189,113395271.8776579
190,124999171.38386554
191,119240701.45996411
193,135965993.45636672
194,124288806.85895821
196,68438095.63253243
197,73287726.37574418
198,46067744.825282015
200,64417852.156701826
201,71397514.44883008
202,38977720.465192445
203,56736106.24644216
205,69939127.28769739
206,226651352.89189875
207,69473398.40143141
208,78676979.79337639
210,63307813.0490845
211,152715523.07048863
212,101545547.34914407
213,77787716.65045936
214,94236388.90056698
215,137410247.49520463
216,59842614.43197089
217,347703747.5975911
218,110954355.90237886
219,57976072.31970133
221,155189034.3514629
222,101137267.71990408
224,62916925.272448115
225,283167389.5272291
226,172744698.10903576
227,94885518.5727174
228,141929534.64256313
229,80921798.01054752
230,81686459.81387925
231,90863162.28285192
232,55011454.377442256
233,114211112.06987604
234,52865633.965166226
235,97000831.76878254
236,76455347.79919308
237,147372221.42848277
238,78604212.803555
241,117937237.43556036
242,119055687.97431353
243,54171462.43653676
244,58437886.58193261
245,107954643.13416553
246,85587746.80344574
247,80007149.2632581
248,104394681.9646496
249,114332645.74872556
250,107181856.79726833
251,84831194.29746492
252,74066901.92383775
254,41418114.57988618
255,186802781.29009253
256,66758823.27783627
258,195606671.23755166
260,327618714.18535477
262,91872015.64215454
263,99115409.54764512
264,53193691.347486876
265,183259339.7724542
266,75378074.19750415
267,40670488.5913669
268,47410074.75919702
269,198671989.01707745
270,87131258.87946452
271,102221678.38307543
272,86055890.34268214
273,81861960.39631478
275,70962297.27144714
276,234819775.99953026
277,65353503.96908494
278,149642543.89574608
279,101369205.59585132
280,105561158.039384
282,90662680.33440885
283,102945172.32070623
284,102787392.84370627
285,48505831.83211583
286,103709800.70566753
288,68566781.46784677
289,53472234.6628717
290,71915461.81118494
291,88608567.0165561
292,79581544.71791597
293,57325634.34295335
294,53961474.471311554
295,70022038.61586665
296,315233798.24416167
297,81663487.40103212
298,119223441.70522586
299,60111739.983777456
300,136018483.95260492
301,130709645.90053217
302,41112501.89792827
303,252980331.97820905
304,84502577.82680023
305,163646014.43505433
306,77762620.80608399
309,106545002.22166994
310,117752718.75253317
311,135293908.34126416
312,168654177.7153584
313,51992940.08782039
314,148098192.972481
315,124369884.14290284
316,205080308.6103253
317,74730362.88180757
318,81491655.79221728
319,128767891.26499942
320,62966642.84100222
321,80108529.12919071
322,96196223.21566994
323,107117257.15903684
324,80128084.04345429
325,127521133.8786848
326,91448484.57262991
327,82406854.33844993
328,74444055.43738756
329,25829562.390978377
331,228768495.7360477
332,88457020.0280637
333,63258148.02899486
334,186904699.94638306
336,95536516.93005367
337,59642897.96801036
338,167380589.91904968
339,64119802.16809617
341,89300117.81024684
342,287586909.3517816
343,96856014.03720446
344,60704820.199230336
346,125420076.74364132
347,108322167.36593136
348,104063993.5614959
349,130729195.82112578
350,170362749.35625857
352,71437996.73591948
353,233441134.17143586
354,87143568.56513114
355,110504888.1142984
356,161712426.58970666
357,41699761.92452885
358,56397983.97104266
359,76265232.265703
360,62558779.981006406
361,52992626.93573259
364,56995318.74412161
365,175780362.56094226
366,100293570.20735863
367,107184573.6546418
368,67315422.25177434
369,143214770.08050555
371,124543546.45469849
372,87279706.06600507
374,87086132.26077822
375,127233634.66886824
377,123987860.59444039
380,52618601.39076927
381,57980480.43751993
382,149973080.322935
383,67048820.47357276
384,66837720.33765289
385,81113753.99059737
386,64166108.06263006
387,69559500.42534839
389,58816020.82909263
390,52669644.136066444
391,153909910.37583312
392,49267322.69297991
394,52262944.8451862
396,57203838.942086525
397,43989744.30683721
398,213613398.6042394
399,68474749.51528981
400,85545755.96078356
401,35190732.43523366
402,82052174.04467542
403,105366421.11066695
404,100517966.1472149
405,66206839.82761578
406,90669114.27881812
407,57164991.20534616
408,72212916.57663433
409,96793008.41459875
410,43075798.68863229
411,61200773.31835075
412,185524317.84353825
413,79823693.0215293
414,111085507.9062182
416,47914836.83008032
417,81504172.18272774
418,38577761.69459251
419,123456007.62675616
420,228890894.15618646
421,76088947.36195949
422,46267947.05613924
423,123697976.41554078
426,109475589.06570436
427,52022005.720564805
428,85231243.66568728
432,103190980.9162003
434,184270748.6658777
435,319751476.14410824
436,84323611.4426183
437,60190847.96317697
438,160525976.96155685
439,73432126.29010509
440,83069959.8097567
441,57424677.4088363
442,46728200.24529789
443,95735530.3804802
444,48682849.71687487
445,77190173.94419183
446,61180360.44139874
447,113521797.30884299
450,76565136.68879455
452,70646935.66059197
453,83990808.75308621
454,142468965.54208368
455,114906999.10766709
456,252752588.7187432
457,94318409.07167937
458,57104563.44216648
459,64973225.62166154
460,69172092.87862945
461,124418713.01880291
462,84895327.59573346
463,56657017.97203117
464,282154997.76706344
465,67013456.04670862
466,174211630.93364787
467,153348520.21239987
469,76585530.43470584
470,75440417.80337003
471,55357204.57399488
472,87993388.1701879
473,96914504.23039179
474,68957203.63813794
475,55958018.21015933
476,71986566.8108695
478,93199839.11947396
479,151532389.90824848
480,60707599.89856427
481,59335695.66620589
482,119865190.4674623
483,195380031.81891873
484,52877728.779288076
486,119100136.00074771
488,115165630.33856198
489,379858104.2347586
490,48521084.267225765
491,42075351.773054786
492,114267858.24190016
493,84358770.74274187
494,82838384.76728067
495,57856603.16257995
496,179844372.56931946
497,60003061.91729983
499,58829603.976424776
501,77341779.57632366
502,190825912.66345528
503,113870747.70646109
504,56717893.028132975
507,100274645.53574763
508,206190560.56961218
509,73783126.46697941
510,36871907.27241002
513,48686137.244377404
515,64946029.06238161
516,64687490.48896846
517,78074141.75823432
519,78008633.76200941
521,64053776.652245685
522,71662725.76362292
523,282528147.1541995
524,119168954.91527015
525,139336204.32555968
526,56938419.29310564
527,66318248.95695104
528,48878593.8760235
529,100404495.25913116
530,126793153.51315764
531,128380795.31444246
532,72486312.38384518
533,102494997.39957644
534,87767628.96164294
535,43971124.71737598
536,142069525.53647187
537,63778800.033342905
538,35873300.73740882
540,105451307.74061778
541,156502765.4965904
542,94505646.67673378
544,94480883.74753962
545,129207954.80045673
546,85315194.32237682
547,55803109.25170488
548,62347374.65901877
550,110850513.23826557
551,72545313.58663681
552,116143531.72808555
553,54892257.434066735
554,99323927.9512071
555,182943311.46154818
556,45465563.78196678
557,90193221.96080105
558,62035484.37810582
559,72218357.7027425
560,53203729.839058876
562,87031863.28495696
563,94901358.54945277
564,51424045.03239792
565,89238735.84332901
567,94197237.5918901
568,77450442.22866276
569,92009216.97495793
572,147105140.70343778
573,368794702.91477835
574,147534626.07334548
575,58160621.31682867
576,128309132.97221617
577,84522864.38721809
578,187430437.55119082
579,340720871.2612152
580,112909136.42023624
582,52950246.7220843
583,163284078.45526338
584,61145084.73163894
585,63993889.31801067
586,85078566.90173237
587,114171530.91269812
588,42250387.09418059
590,116222870.60438938
592,106062198.50932132
594,175051917.5265656
595,293324049.6632037
596,124482702.29413716
597,41137807.95222872
599,46599649.98488697
600,86250596.7750916
601,82687370.42615858
602,62449047.025672875
604,83077847.37498242
605,47368694.564635865
606,72283195.03304943
607,35915998.5246073
608,118413958.53303474
609,88939585.28026196
610,84186983.78836988
611,65960516.37979567
612,114517186.09907927
613,59008360.56568329
615,53810199.591859445
616,120204612.41382188
617,77142187.14586066
618,367916316.4213055
619,43815697.812828474
620,38670356.846917525
621,138906947.45707887
623,76637486.76248953
624,59840970.99068351
625,126432554.33624472
626,66689930.854472354
627,95622927.91366242
628,84132274.35942025
629,71660788.1149085
630,57651324.29527599
631,69878185.97599894
632,107367752.39759947
633,86019839.32786734
634,105355433.06070115
635,138433057.61358574
636,53334885.774173155
637,143695813.5131303
638,79241540.2631113
640,82313251.83407982
641,63992347.139891274
642,56955455.35758068
643,69647930.41186148
644,158236082.28423685
646,62659594.43755618
648,69882708.24609256
649,185655987.44328922
652,194273580.68846366
653,131561408.84002611
654,78690667.33587399
655,168485123.22639123
656,143988433.00298053
657,144967487.91383713
658,41274955.291613646
660,107526006.58391404
661,65476404.863489866
662,61165607.26005107
664,66124546.97560568
665,92661807.86170585
666,88447952.72049443
667,57819639.96710583
669,50205750.07370347
670,210308163.63644937
671,134781065.0559644
672,150554808.35335425
673,57126016.16684076
674,94676517.20981295
676,61698741.53804062
677,104514829.6630341
678,52347730.5982196
679,75964612.43107228
680,57475854.40239987
681,104407036.19919471
682,34606499.957212865
683,74927855.29137726
684,209695428.2730727
685,150811109.48134017
686,69982557.63123454
687,67415909.54660201
688,76066853.33416115
690,50819709.00858064
691,108122911.55649422
694,49345662.36001665
696,105411740.43614303
697,34658907.2560935
698,76153444.04916917
699,74262358.34214109
700,80957520.83121707
701,111446621.60291584
702,77259271.26718394
704,120312084.3638457
705,94146713.32345094
706,247979752.82715607
707,146471738.52174476
708,127280818.95083362
709,89863200.09147446
710,55354502.314862505
711,144280293.55256167
712,116374796.76531945
713,241023872.08481735
714,133690598.30199318
715,243714973.09936613
716,57405747.99014926
719,52768817.5499326
721,119537952.39968036
722,79591754.54514772
723,78145631.07751739
724,64111801.82102279
725,90925569.37953113
727,103426888.50003092
728,74658362.1059276
729,141856657.99220657
730,133502354.44834775
731,68593524.79481858
732,74297514.5861718
733,107010379.53308263
734,137621921.82208532
735,102279314.45218292
736,73862397.9930435
737,114949232.09929463
738,119180556.40652356
739,82945971.6544155
740,78724306.56248626
741,74145806.55142671
743,77232767.02335003
744,145173676.18185085
745,130631406.92633608
746,120782257.38682017
747,45507844.87133339
749,177880014.32892627
750,71061023.5859454
752,142085489.5340535
753,79142808.25849397
754,224897539.25786635
755,87437816.70527148
756,83518723.89698237
757,65666916.89748495
758,111962993.33670384
759,57206388.23936899
760,71715259.3083648
761,70666218.14324918
762,84391866.10377982
763,205131108.71792805
764,65867450.32277895
765,94400333.21563962
766,65147658.20519249
767,53756071.71648848
768,107944323.22327952
769,65230070.59757124
770,95051753.60185388
772,38106074.331411086
773,54757287.537784874
774,143017871.47584793
775,60871587.657367975
776,68122205.14859691
777,135550908.89796957
780,79592344.14676414
781,73947955.7882989
782,99739914.32176623
783,114664943.68153639
784,196839791.03977677
785,117488554.52921057
787,67349198.20484519
788,110657203.31822762
790,52023731.93185529
791,191464336.32859042
792,72204788.05013967
793,142491749.9266579
794,81489476.84324607
796,109358355.55338308
798,38302233.90676978
799,173881759.3529341
800,102733473.3660544
801,108672351.56815289
802,47795019.33290492
803,126622074.08008465
805,65399250.57357303
806,235796511.78284156
807,59671921.027742624
808,102823497.65207222
809,103905858.61776195
810,85122837.55630094
811,52913784.63547015
812,69418782.73786792
814,73173243.15885276
815,98110879.52261949
816,122272720.61819467
817,80575748.22859561
818,57964071.87212126
819,102006700.71832459
820,152677075.23472807
821,87935535.5595374
822,114029763.5459619
823,77478376.6445373
824,78968199.16506451
825,81520075.9433969
826,135629191.19024414
827,73682181.81217292
828,166759962.05137452
830,67152804.39526351
831,105400193.32726382
832,217373328.7022854
833,91936884.81457344
834,91837470.37880701
835,75371590.3017675
836,62727302.184983626
837,129546629.3402522
838,124851005.10367146
839,52756123.80736393
840,57184857.45402345
841,89818881.3663038
842,173218154.4227249
843,95714616.94835459
844,100607201.42615029
845,42464790.954992324
846,255064297.06953585
847,94902193.35695127
848,62081965.314720765
850,52193453.25422882
851,65320068.23817383
852,93784046.79501565
853,61595530.59691056
854,156372338.1037045
855,179515393.2216706
856,64470434.73749307
857,61136092.540209845
858,251731026.82771665
859,119635767.57744856
860,61653272.67741229
861,90282616.32608555
862,116659876.69643022
863,94214491.7664063
864,139501745.94344616
866,67102882.1438955
868,109446139.84155524
869,120409084.48186038
871,66096972.36428737
872,99878133.22888254
873,117693076.0126425
874,79557729.52011691
875,126686223.28134935
876,50837832.858884625
877,47478002.885553904
879,71506438.20792213
880,120159110.91300382
881,211099777.0536463
882,138232821.42917737
883,84801542.4919743
884,167466134.36284912
885,53886875.48623089
886,68994559.11082786
887,134198941.23127332
888,271448600.9638419
890,73362881.07728264
892,104717379.40502368
894,183454637.02895272
895,96833798.02577123
896,81455063.47108456
897,76802342.66975297
898,81255372.2419695
899,166975624.89570674
900,140428360.94376013
901,107397663.44640265
902,107346651.9937918
903,77953557.75329423
904,58857747.22018498
905,50072853.66034399
906,71107359.25156428
907,86128343.64408334
908,133103549.45705514
909,86751123.2843284
910,176641484.81156284
911,59731205.59239957
912,220062389.88424918
913,124732316.2137465
914,87617824.14774749
915,80653029.14062388
916,134854919.53875694
917,82502486.09687565
918,146595894.2506307
919,160742358.98815995
920,106110254.5239341
921,226419454.28478268
922,69472703.56464846
923,124300954.4988135
924,61549573.89151486
925,83132575.53810197
926,53869655.911803946
927,79391780.29372688
928,124409818.32537118
929,112299009.62332505
930,116148412.2817162
932,198296260.29748988
933,68230174.01449218
935,40585579.474807896
936,69098278.22188807
937,82901357.43797775
939,64667444.348388076
940,81563741.70126341
941,144932054.7332027
942,91304040.70156729
944,91438483.80055182
947,64448461.64143076
948,50221945.17781815
949,74220194.9813337
951,322363794.60726047
952,75866468.07081722
953,58153323.43662475
954,149508813.07075462
955,77184478.41504723
956,56428788.554307766
957,32276566.12300039
958,143456312.51955754
959,69126936.07383369
960,123730895.13877706
961,112872238.6099845
962,75593293.52064203
963,77433007.46773218
965,60734881.4200311
967,167289623.60282567
968,70153924.94469678
969,139640416.55395094
970,100430353.21285151
971,143049958.9110354
972,139208655.82329878
973,204553517.858234
974,80117515.79973885
975,91486914.03620383
976,76575377.68462613
977,115200389.45576447
978,136191286.6429686
979,115906506.74981697
980,72937370.58285819
981,69999644.10822044
982,111860192.09071164
983,37539469.59501997
984,61020231.60021688
986,54725615.61085951
987,83262532.9866981
988,116928699.78123042
989,72993471.16008586
990,107548876.5470849
991,126547179.2013218
992,108027667.88913912
993,131294694.80519876
994,61265937.558012426
995,126697039.44400887
996,30126172.911452025
997,115482869.55004163
999,154819330.70182866
1000,267212921.3929511
1001,188552552.45735174
1002,119604365.12847796
1003,61562494.23236763
1004,205424810.18254754
1005,179513602.99449566
1006,144768966.17905608
1007,105677934.02211024
1008,126451316.51658097
1009,49496800.30163866
1010,30462792.078134637
1011,57847159.88267243
1012,323565303.47408503
1013,62059917.73944384
1014,81576185.53369461
1015,66749152.70525818
1016,66845426.66527153
1017,161054218.92393732
1018,53605868.965717874
1019,81637815.62788203
1022,62050114.086337745
1024,47096380.238390625
1025,48592081.84012589
1026,100523199.55960199
1027,85630395.64678442
1028,102183042.57526523
1029,94820753.72265056
1030,152714168.48261595
1031,49602029.83091983
1032,56622099.330119915
1034,169777315.98954245
1035,192205644.38156617
1036,75653957.33407052
1037,90671064.63935222
1038,65601355.76662556
1039,55793032.11297038
1040,84202745.85530408
1042,96571825.18607667
1043,113542803.57665592
1044,325984942.9459632
1046,158705214.02713448
1047,84237395.63249539
1049,101694317.61233005
1050,69347208.43326123
1051,54108228.4261991
1052,216953999.10264498
1053,105939368.12318572
1054,181794634.42618176
1055,41174303.39155256
1056,43660888.83848722
1058,170112350.5440202
1059,238936088.8196126
1060,64154668.54300418
1061,54286873.44617547
1062,115788699.65396309
1063,66837051.673481606
1064,63474130.6667539
1065,258829785.28906706
1066,130821048.1615598
1067,110390760.84519185
1068,241712359.97605866
1069,135106922.91047716
1071,120363613.42232668
1072,111646655.44187576
1074,63738795.91544479
1075,78518283.82325846
1076,70010309.91583508
1077,104290988.2101931
1079,257425579.09952897
1081,53278654.7287924
1082,71266883.31834802
1083,102135537.44663951
1086,92527617.092552
1087,91643950.60706936
1088,55394631.102499224
1089,78737998.30852722
1090,166974453.37520128
1091,72472552.66749994
1092,173817588.02468264
1093,101051845.18485706
1094,104817048.57026303
1095,185696076.82049006
1096,56207566.87574411
1097,69377868.36180574
1098,39655434.9784974
1099,62364197.35468103
1100,68080119.39785303
1101,50969622.34941625
1102,66589384.30878107
1103,79599708.5380724
1104,98347833.48540145
1105,49830648.368901
1106,66377654.354136854
1107,83813786.27617683
1109,143005131.735493
1110,47576035.88024573
1111,90515944.76802444
1112,59223478.50775415
1114,52885343.65968604
1115,54264425.60041284
1116,70456321.74813937
1117,106464849.62829728
1118,108939929.15086341
1119,40245588.62844719
1120,97951568.54283315
1122,68293210.97041924
1123,88756895.14052549
1125,53723160.34410155
1126,77292515.0478408
1127,81662225.02326918
1128,210256196.12914568
1129,72986057.3892171
1130,157109806.05558908
1132,136345989.28957674
1133,93829772.94022404
1134,86352505.10706621
1135,157747621.06973848
1136,63547356.93115694
1137,52113858.41371649
1139,61789909.489725955
1140,181803290.3588963
1141,121050905.12935066
1143,86517268.7084471
1144,92448441.1687696
1145,40150502.577818274
1148,67407942.71230102
1149,109905135.89316496
1150,67716134.48410952
1151,161544770.57284677
1152,97335662.54783152
1153,75604088.07091154
1154,119019884.05866991
1157,133979630.07392316
1159,158910382.30582958
1160,148306942.17454827
1161,62804046.11773421
1163,44704263.57245196
1164,114179315.33839737
1165,39621698.028737664
1166,142583900.6119971
1167,105513530.56061804
1168,313849738.0795098
1169,135906679.52733397
1170,131753163.41552944
1171,375448662.80523115
1172,100611537.21267867
1174,143535947.1639977
1175,101017758.72203478
1176,184461388.42267168
1177,56534897.666882746
1178,83174801.17050236
1179,44192155.7311003
1180,58468220.86363707
1181,171292883.03854367
1182,91302885.82263684
1183,96758334.5391635
1184,186500167.55785248
1185,102408932.4690112
1186,113288115.61706325
1187,113853631.97613767
1188,102646478.5654485
1189,100432143.4350974
1190,70335705.88086794
1191,106534503.24421622
1192,109459993.29238172
1194,78208630.9808359
1195,59609056.49001899
1196,75245181.8204571
1198,61917644.98749648
1199,44098407.798908554
1200,125020698.95930417
1201,37355892.00933685
1203,403812110.9890673
1204,95392996.58564273
1205,92333462.15967971
1206,158436383.8570277
1207,172612133.4502836
1208,42178073.34426383
1209,136965409.0592554
1210,117895001.03720878
1212,146745576.3969058
1213,58478721.760050446
1214,142557937.84380478
1215,96136757.6749284
1216,40005343.18578325
1218,54775149.22955878
1219,126112310.04261139
1220,95548323.48654756
1221,148504591.11230913
1222,104903351.35834372
1223,176784975.72782755
1224,56389645.33207816
1225,179838115.86282527
1226,99011840.17467785
1227,90422310.2465158
1228,60375064.15445594
1229,66246321.54268053
1230,143707111.26936364
1231,146159639.0265148
1232,45014956.24978952
1233,77229908.96995276
1234,107676414.57847698
1235,76883088.07670829
1236,90705949.20908365
1237,57829439.90153999
1238,96521875.41682348
1239,106607531.7282387
1240,47889356.07264085
1241,89044426.73560643
1242,113081641.1625899
1243,130354435.24381104
1244,54692341.28571004
1245,101279677.28451617
1246,82164793.86032082
1247,273011176.8273113
1248,90963330.75905076
1249,166262817.30683497
1250,253862471.12896737
1251,87594100.14577277
1252,140369520.31696633
1254,111309435.04099995
1255,68232140.52332424
1256,81562046.15088643
1257,95211870.71105431
1258,71675365.06622928
1259,97209632.38813151
1260,76810394.88411193
1261,117330074.69764122
1262,64037507.268013276
1263,144287895.25203368
1264,130369898.46376675
1265,78977638.71875115
1266,165351530.05768985
1267,38334519.34383062
1268,59919690.212650016
1269,63621438.72144801
1270,73462561.55254923
1271,203468238.23853338
1273,76038603.56857291
1274,105460900.62886967
1275,80493830.48514508
1276,117270075.86038963
1277,59058585.28629134
1278,134487554.2675211
1280,180019432.2914072
1281,102719826.98374201
1282,65506195.13549428
1283,56067723.74002188
1284,45308890.057675675
1285,62523191.322703116
1286,67078593.49422205
1287,102383811.33189957
1288,170131563.86385792
1290,73042161.4146959
1291,59014458.260003135
1292,89189518.40565865
1293,128113403.06019183
1294,66879520.09211187
1295,33982415.07504962
1296,157734502.25349948
1297,58212012.197439305
1298,127514812.70506601
1299,44004857.5806745
1300,79349690.50702727
1301,80642864.00203165
1302,76545130.60113516
1304,74484486.50484917
1305,67031648.03283394
1306,134491676.42110255
1307,123445693.02679177
1309,253257455.76392546
1310,77997572.44421273
1311,219208294.2866301
1312,58665321.213997856
1315,180102826.4716018
1316,58541320.53606051
1317,260180786.77254638
1319,94809606.47609577
1320,44419306.06994508
1322,66934861.873294696
1323,117555333.7209111
1324,44627328.76484616
1325,41311796.33312939
1326,144697747.29795608
1328,80265791.1886442
1329,155739044.22562245
1330,76081729.66235317
1331,38768027.928158216
1332,57620582.74359921
1333,60450535.14561514
1335,56926291.08235554
1336,114691935.45207639
1337,186508320.6816737
1338,54812374.42218673
1341,98751315.62692292
1342,45327307.042049035
1343,47644546.603693426
1344,192957790.0864052
1346,52854156.402484536
1347,76878611.77232228
1348,61119766.5120918
1349,190439402.55319
1350,97115463.21591257
1351,69070736.05849516
1353,118989631.10831702
1354,295418523.98778313
1355,227519513.06086376
1357,94196898.11558102
1358,74886101.52631396
1359,47452545.49989982
1360,85075717.86316903
1362,86179321.79738244
1363,76529168.62390462
1364,45060340.56646667
1365,116029134.62204495
1366,127775701.69059266
1367,44266624.8493559
1368,50379439.776406266
1369,168602623.43075928
1370,84624054.11991243
1371,99076108.7284094
1372,32152227.55592629
1373,61986596.801697716
1374,123233514.94692707
1375,56930932.2185843
1376,73744790.52295317
1379,113357810.78521818
1380,148579744.81258532
1381,78508313.880472
1382,112488667.84857336
1383,67779092.10282423
1384,70305907.96367148
1385,82283394.27129263
1386,46562908.94575242
1387,198825187.1000629
1388,96936613.49382624
1390,51990314.97372868
1391,58827885.17539917
1392,69294278.75716102
1393,110512367.96151574
1395,92085232.945527
1396,110668361.89207135
1397,144019739.55046389
1398,82579960.76412207
1399,144752630.24746114
1400,144478929.2093474
1401,247080199.9730721
1403,85191923.52010831
1404,110028630.58751877
1405,103738154.16615726
1406,44709741.36027685
1407,58663587.218348525
1408,287028098.03841233
1409,87096256.80365324
1410,130738104.5644157
1411,98788248.83323078
1412,56261594.57542084
1414,147794350.3154042
1415,80406833.17257899
1416,91569826.58786458
1417,39480918.399442844
1420,52017375.643093444
1422,110359679.72483616
1423,125922692.13523915
1425,83720177.05700631
1427,183979428.1461531
1429,69943684.53560483
1431,127278461.20488209
1432,138412029.0188133
1433,126700480.53030227
1434,219207536.26728338
1436,49350507.541277036
1437,78022156.07416627
1439,238467075.57591224
1440,78813874.29218869
1441,123898178.4049386
1442,72589895.59259458
1443,82537935.14452945
1444,64717643.355623305
1445,63023592.09285387
1447,161330027.30222875
1448,69658969.22577496
1449,48500598.136877716
1450,90038369.25373198
1453,108295422.28512321
1455,186162254.93614152
1456,110805945.20264287
1457,83180905.94384211
1458,63937965.70403511
1459,73527318.8434567
1460,255040447.97625837
1461,87291091.7853384
1462,58031445.372887336
1463,113470476.73749717
1464,114591621.86662103
1466,126397244.282351
1467,64956282.27872246
1468,90791902.55599464
1469,119648838.61527151
1470,32697975.575949892
1471,57381065.88409518
1472,133764748.55103105
1473,64060381.22945067
1474,38867378.265731074
1475,73335696.02914834
1477,75038064.06155567
1479,51777460.77218709
1480,177341678.75395653
1481,76667719.46550792
1482,88806478.97770153
1483,77260764.46148762
1485,127277062.18589714
1486,100513433.66591252
1487,62252840.5418892
1488,74630028.1159121
1489,312164046.93132395
1490,215442776.36990806
1491,56107786.34738329
1492,182505274.71039104
1493,53691909.07621075
1494,229430815.83848932
1495,160219843.18697086
1496,86347968.79463473
1497,101560892.22568232
1498,118007271.32100302
1499,108721256.12506025
1500,79158219.9356323
1501,145353027.12670916
1502,69139290.29461914
1504,65683034.67565548
1505,147014066.05823877
1506,91536326.99209271
1507,52120041.52867589
1508,77346363.97968
1509,125004567.06886663
1510,135597237.21283925
1511,66563907.674068406
1516,108171042.8877289
1517,123535485.10149918
1518,27100466.209777616
1519,95246807.33758372
1520,149913965.17434835
1521,186419438.7419288
1522,69747671.42353985
1523,60323449.09566171
1524,117566340.83456498
1525,134496291.22494924
1526,47177449.82177327
1527,110119928.72806697
1528,61635831.88392855
1530,78003866.71768758
1531,168790021.067413
1532,61117829.175968446
1534,62347169.33941395
1535,195100948.35083
1537,103927365.58200471
1539,66231204.3962142
1540,92173914.06760016
1541,78930155.77236186
1542,133311701.36751395
1543,89641862.27516288
1544,127577265.55321804
1545,63740171.19228634
1547,58828894.81151631
1548,63003141.16790946
1549,111458003.32660607
1550,130598596.92963712
1551,209897329.57774675
1553,89660674.86629733
1555,78184837.36899759
1556,131641415.7581124
1558,81811038.67045128
1559,61178045.77097336
1560,89238071.11472751
1561,58310153.7576199
1562,41032776.53071939
1563,117605785.52107124
1564,72173989.28495224
1565,42197089.1521815
1567,53561080.367612645
1568,87662120.32568318
1569,83230579.18046775
1570,98895622.97242051
1571,70460476.14551848
1572,53635510.177996345
1574,85405768.76402934
1575,81360998.49907857
1576,120758415.91092046
1577,42601670.1944668
1579,63495305.16898233
1580,73379936.24562173
1582,67133094.05830362
1584,82628872.94906224
1585,69094331.43490463
1587,138724414.27100664
1589,53079769.928425126
1590,53565112.51750711
1591,37364744.09822202
1592,124356425.71785274
1593,63270233.36667166
1594,108943142.3158317
1595,107390907.02465247
1596,133436293.79504748
1598,142027582.4182977
1599,52842064.435065806
1600,54242600.39531003
1601,73113571.4666783
1602,76810428.57223156
1603,138774059.2863773
1604,112963235.0539689
1605,71778930.2327855
1606,87599440.88499273
1607,227492675.22178125
1608,121168107.19315222
1609,82043580.10146338
1610,124202799.638587
1611,98462527.17465736
1612,55646981.35666816
1613,54528962.394921035
1614,202589757.93596828
1615,69559284.63364299
1616,76967748.69671702
1617,104167284.38794628
1618,179554460.5960132
1619,110338195.38511144
1620,79752087.36045228
1621,66887026.06468097
1622,125294286.45775577
1623,126183730.60469168
1624,78687555.18425818
1625,115906589.97036791
1626,66542697.70412718
1627,113863253.81818058
1628,155628090.18994707
1629,84088758.19003953
1630,117969696.6427485
1632,61708717.695920855
1633,120458195.35822555
1634,151977504.92156646
1635,124774757.68374662
1636,145680828.77607557
1637,85324830.71162999
1638,60471356.97947904
1639,102943278.44479102
1640,63730640.80327166
1641,72891676.23610197
1642,232053584.90486896
1643,101470686.78307408
1645,91149540.98260318
1646,88618660.63066371
1647,73475278.19970304
1649,125829620.49731597
1650,59809879.38641033
1651,77669656.6845696
1652,87596297.05000284
1653,73048446.15771888
1654,69241334.80432624
1655,80268210.23031826
1659,82684822.98760189
1660,56211893.072558165
1661,62845725.2968155
1662,57740982.61813285
1663,59490393.609845005
1664,48629599.20647696
1665,93003842.16551186
1667,82410622.83452193
1668,173705926.79039496
1671,77301907.13704373
1673,56058920.21173787
1674,167136966.51118582
1675,182038486.40255272
1677,61874940.78605555
1678,46070690.53062314
1680,90205353.8876402
1681,233137553.2440587
1682,213659308.5987439
1683,104731723.4252326
1684,69136265.26996209
1686,123550250.71444306
1687,83858035.4931499
1688,153146716.70192558
1689,83522477.10973404
1690,77855443.6586245
1691,182437692.85458305
1692,83923862.4593784
1693,112547474.35633296
1694,144349295.43171343
1696,114749333.37357171
1697,55018124.90469611
1698,115158613.18229224
1699,178899151.8914264
1701,37877640.434869446
1702,183202159.20555806
1703,69276879.8629816
1704,126182730.92479417
1705,58988267.986041754
1706,217962930.76399735
1707,98359163.7404893
1709,121543695.47158381
1710,108013222.91914783
1711,95661737.20551236
1712,216174141.42714405
1713,319509036.793219
1714,214134823.79993477
1715,82191851.10522807
1716,72293791.54066089
1717,147949554.93484882
1718,126661912.85133353
1719,89475845.74059463
1720,182439220.0333647
1721,135211935.98786992
1723,103131010.1275112
1724,84544383.63059565
1725,258205603.69721776
1726,174700766.47148788
1727,144277844.31131968
1728,206479181.3627898
1729,73231565.11279386
1730,294080586.21946377
1731,131803815.43354529
1732,161909918.7116977
1733,125635223.59320714
1734,135976922.62291452
1735,112222313.51233082
1736,69747689.2796709
1738,57915150.62717183
1739,65076460.00207527
1740,51198466.50003401
1741,128341582.0947045
1744,138191109.13379428
1746,51228925.84528173
1747,162466193.88154987
1748,118152311.2172926
1749,81144487.34790215
1750,135836011.07144323
1751,39768423.73443564
1753,80959410.8951796
1754,134450227.77170712
1755,162508340.06794477
1756,119108730.46757253
1757,86727754.40914963
1758,64763724.76556984
1759,50183502.749543376
1760,75341555.6138469
1761,223731439.1330681
1762,119103959.0343979
1763,68390017.05109708
1765,74919610.1164189
1766,130150083.69882105
1767,336982467.5276341
1768,129688050.2006186
1769,122746510.9987546
1770,117598164.74221855
1771,35625394.38378946
1772,86681653.8890496
1773,176783770.8984649
1774,70605592.77367376
1775,56873209.385418154
1776,117142903.90226883
1777,196577454.5412685
1778,171951370.73014575
1780,34669554.09679627
1782,140217014.43818933
1783,60432047.45685025
1784,120324372.48427606
1785,134951489.90867922
1786,119465332.19512782
1788,244266160.12409884
1789,107946447.72063959
1790,63079875.168148786
1791,64644452.411880255
1792,120631741.04587273
1793,171975976.2637802
1794,352081953.248383
1795,92847753.06816839
1796,110877277.44225508
1798,87833200.1424652
1799,66575323.598534055
1800,181982123.68646818
1801,108992359.35111804
1802,91687302.86388376
1803,125506850.2163969
1804,97278644.80335844
1805,85489107.1081245
1806,115055660.92800745
1807,57983431.12701438
1809,107114455.32082228
1810,284769276.6167557
1812,198066207.65275335
1814,58432674.926189035
1815,59836572.77482662
1817,52954591.747543685
1818,91033879.08640358
1819,52864867.14498882
1820,91903133.36736657
1821,78497823.54647037
1824,53480445.8965984
1826,117481280.52573408
1827,71865842.86309883
1828,176593593.5751484
1829,109223816.53552648
1830,35549330.505087495
1831,40580689.49305442
1832,50120131.4832246
1833,169127732.54747763
1834,44911371.368983634
1835,56566772.45494355
1837,54697795.53817194
1838,258185432.85440946
1839,54798916.01091706
1840,157477040.4649529
1841,118430576.40530473
1842,61921231.3282406
1843,109073945.55333413
1844,226097853.26025766
1845,145406766.52831176
1846,62124445.65267643
1847,43451468.00252462
1848,77466178.04492085
1849,66893789.284117416
1850,92167510.12576492
1851,57106471.18991811
1853,78501092.706879
1854,54343641.34826373
1855,49921215.415153176
1856,159104525.61126417
1858,62899203.12607333
1859,319100370.5656709
1860,120117173.70745371
1861,101400832.38373126
1862,111581898.75886416
1863,36968953.25521812
1864,64266452.323045276
1865,202075120.23767298
1867,118381979.78458291
1868,272286756.1765095
1869,65175121.56335436
1870,106779759.22306709
1871,74096704.16360381
1872,40180791.90734379
1873,93140569.09972562
1874,38225127.34145899
1876,68345289.36577125
1877,290166763.9630961
1878,88337250.43967399
1879,55583693.032386206
1880,64845173.26015223
1881,99769000.12889022
1882,93060362.69432612
1883,64288020.05377162
1884,85101848.15755472
1885,96662872.23508115
1886,157136235.41305378
1891,117567242.35961336
1892,79716617.4050353
1893,105924378.29274839
1894,60191839.4585968
1896,68138495.30363256
1898,102265904.9878784
1900,63103406.529669955
1902,127640153.02720746
1903,45378340.90075085
1904,224618546.96374738
1905,137729179.8806097
1906,94191285.140767
1907,109159939.99735107
1908,70332014.38696
1909,113454465.5078518
1910,40312809.55333606
1911,78705598.88866915
1912,136423020.84037736
1913,103742081.01432267
1915,101948828.66538647
1916,34108593.31034693
1917,96628944.83255206
1918,124356871.61167197
1919,101445031.48763049
1920,79198627.30469504
1921,234546860.65656912
1923,56342043.99621924
1925,49550652.12018602
1926,101222480.67859222
1927,123076711.10641548
1928,53267376.92702984
1929,60132514.45074555
1930,120689499.39174238
1931,152166622.6408551
1932,71705241.48022544
1933,130042316.89331216
1934,208869928.66467887
1935,112468548.83322594
1936,45864505.874184676
1937,149117771.88334426
1938,324100822.9998596
1939,111713420.45782758
1940,71556747.80253386
1942,80229509.18464603
1943,144486167.14254418
1944,96957848.81475078
1945,289727124.79327315
1946,139331733.61359632
1947,41381709.76928833
1949,73319347.4134199
1950,79419294.37838437
1951,102191000.75262552
1953,112308026.5621847
1955,146455173.84998572
1956,101594500.27073847
1957,30678003.014047958
1958,146555295.32685474
1959,49945672.35951197
1961,60210632.48106588
1962,51944893.007137865
1964,69761846.25449426
1965,343465118.6652528
1966,91514656.85822982
1967,133217893.61642213
1968,206853576.3000454
1969,108940132.25246276
1970,77118852.6032643
1972,109187667.8746109
1973,59660205.5088235
1974,96800493.45907183
1975,135621195.6942893
1976,65772331.32254587
1977,97433455.27053775
1978,67583377.40684573
1979,129389784.59312744
1980,128309144.62600943
1981,143777375.8339267
1982,104619237.34527543
1984,89350462.71830195
1985,95785626.74013649
1986,133095812.9889935
1987,254824068.91292617
1989,111953618.8191741
1990,290443966.0810967
1992,52231263.15041326
1994,51226600.006859004
1995,115777754.4454443
1996,40102608.42628462
1997,81650594.1145092
1998,198017670.22162428
1999,110346922.53262436
2000,66990404.36048989
2001,41305536.170651354
2003,83475155.4391749
2005,100287642.8491407
2006,124385660.81163572
2007,76587571.47633998
2008,147618382.1764285
2009,165476849.70124912
2010,260205478.60421818
2011,44112442.39286376
2012,53706692.126282334
2013,79235527.58055551
2014,118969421.11777227
2015,122159268.4755359
2016,97115631.73187718
2017,150141224.32229504
2018,85362462.49703749
2019,118269439.76004344
2020,95517272.15939888
2021,67673018.4315966
2022,129604321.67519233
2023,116334177.82259887
2024,52764440.93187231
2025,122229055.16207233
2026,105929965.07448149
2027,131983739.72195616
2028,235430148.18211216
2029,108902969.5275769
2030,53178355.574659035
2031,71488973.89784469
2032,194468008.08508727
2034,76526870.43498617
2035,70814258.86025949
2036,100670262.37210102
2038,85644637.07914439
2039,59242961.616449244
2040,154548920.64576602
2041,82472723.75537841
2043,89694755.12178907
2044,112544268.17321184
2046,75077005.64329834
2047,148438121.01676607
2048,80983084.13822384
2051,45720324.93152379
2052,123062371.28561538
2053,62991144.34605691
2054,77637716.04516628
2055,89636245.64065498
2056,251821899.32735223
2057,68785941.23790725
2058,374129551.6321874
2059,117145114.87818372
2060,72608226.27972059
2061,130734195.73708396
2062,116822248.29500288
2063,100388943.78780489
2064,318549279.5010358
2065,66233785.57455936
2066,64039000.95576758
2067,103361982.88633321
2068,90981751.69412877
2069,96964472.37127182
2070,87109771.11601478
2071,81841884.33702704
2072,94191151.93275921
2074,177880130.74168122
2075,211641069.53973633
2076,97440380.86743829
2077,259830807.26673606
2078,195620178.7145711
2079,37412706.417160876
2080,148588791.34468082
2081,94780575.93043
2082,87459401.6711905
2083,63890649.76054546
2084,153471358.65383142
2085,63310562.99648914
2086,55080419.86034924
2087,88755574.93167911
2088,280328355.85504454
2089,93091469.75861706
2090,39330419.872905485
2092,95291426.44325945
2093,61902258.13652284
2095,66368677.4915989
2096,122699553.35640533
2097,50403206.266573854
2098,35637021.12482002
2099,106653965.43115498
2100,99652474.51803614
2102,128824044.24040939
2103,80836206.89169237
2105,92328289.29647402
2107,147272036.0847642
2108,63535915.98500627
2109,79774482.88287844
2112,55000120.50152898
2113,54651270.37932785
2114,76586376.88119137
2115,58998433.926821396
2116,46382314.00549539
2117,88217999.0875657
2119,153505478.55935884
2120,170579871.29553044
2121,63826016.796090364
2122,159056582.97469166
2123,193886527.57049108
2124,194599744.8391006
2125,83271551.49524865
2127,193011465.628223
2128,114898442.38491532
2130,89538509.389062
2131,76870647.60716814
2132,135158483.9886713
2133,68515445.20420147
2134,218248787.88939232
2135,178418119.15947792
2136,122833021.50466372
2137,113570972.5885744
2138,94548045.32821172
2139,85583624.00892769
2140,73783524.99720626
2141,43807539.327574976
2142,173959883.2309036
2143,114571401.091608
2144,100417035.55820784
2146,47451137.3570739
2147,52672590.21879963
2148,209807911.47137138
2149,94117456.65250586
2151,82363689.09894876
2152,72938727.26124254
2153,69661865.15768243
2154,121534871.88481298
2155,117612024.17973424
2156,78570732.29925273
2157,251102261.46421027
2158,97068713.82441384
2159,80613584.96331777
2160,113164774.90565212
2161,54992406.69902493
2162,59546017.16332389
2163,87075190.27344458
2164,62520124.87834407
2166,99800217.61929205
2167,80141566.18510473
2168,120179740.17956553
2169,71064188.16594139
2171,44446146.4708306
2173,91149291.94286995
2174,94205857.98984115
2175,76427187.18621801
2176,159774282.21051994
2177,51136981.83562716
2179,107224355.82540876
2180,71329393.89957511
2181,92714854.2972847
2182,90152728.66604833
2183,135410705.14614806
2184,76762840.06672347
2185,138215510.10152572
2186,54775141.828857996
2188,66303430.10280305
2189,74276702.60851884
2191,114576831.98357075
2192,183467739.62138018
2194,72521122.29264976
2195,93354720.49800506
2197,164985014.14382392
2198,264072223.19480526
2199,169768390.6146373
2201,66684469.319637835
2202,104190395.69475254
2203,81170776.89913048
2205,65751520.80465558
2206,136488557.2135001
2207,72259764.16009466
2208,57983303.76888257
2209,66098078.5933863
2210,134872147.27717036
2211,259942913.56688753
2212,334263794.0433798
2213,102028337.85797182
2214,86284141.13256712
2215,289177363.5194147
2216,322696470.8079301
2217,219644956.7867964
2218,56097054.3058889
2219,94390047.17652525
2220,38942089.59726034
2221,74633088.84254174
2222,66673211.53566984
2223,165078153.63917154
2224,149215483.4334425
2225,89530846.27114841
2226,53545907.93126628
2227,45449970.485947534
2229,62377815.81405076
2230,101797278.69458371
2231,79744495.73550014
2232,71661205.08385707
2233,231794418.8885739
2234,161906737.21511573
2235,222226092.95427692
2236,119029167.66444236
2237,73161396.01608573
2238,68794343.28534107
2240,94679915.65234016
2241,97349200.15275805
2242,88647674.8857375
2243,147347243.6623034
2244,50101325.1030542
2245,147800449.55561072
2247,161486853.6681679
2248,70401363.13657306
2249,86908438.50672907
2250,114835859.78200725
2251,100045248.4320988
2252,65132801.056684434
2253,54392189.18117145
2254,72427699.44298339
2255,57667015.32376444
2256,71561423.59530887
2257,109656689.22321704
2259,106843727.66085452
2260,210602991.26185828
2261,66307770.570791185
2262,100226504.90211146
2264,39104880.14682587
2265,70784869.98756894
2266,193297673.79597986
2267,122925659.76902919
2268,70556463.80505711
2269,146397253.27834806
2270,123025779.42234507
2272,56146955.95581585
2273,113314847.26374166
2274,95112893.84097643
2276,76720615.95762648
2277,66341626.3354767
2278,89316645.2873508
2280,66174144.78084507
2282,83872787.64230463
2283,103114272.5991412
2284,165690565.8829731
2285,66758409.01566142
2286,158478882.60413978
2288,150542290.94071475
2289,143456856.497168
2290,188061488.08816558
2291,122902241.94993621
2292,52447142.58020612
2293,67408681.93816781
2294,56017052.71841687
2295,63463308.201401636
2298,245459310.15866205
2299,31317238.160058074
2300,63988784.97221295
2302,67596479.21973835
2303,67584551.85238865
2304,209466528.45174062
2305,229226271.84950244
2307,52762252.20942454
2308,159719164.75817746
2309,210714083.63177955
2310,70133091.50770518
2311,57435150.23881252
2313,87145960.47966886
2314,72628732.81867662
2315,115150005.14432697
2316,105537623.88526976
2317,54461246.622568704
2318,104075161.17637165
2319,63579395.81541862
2320,94325368.93110476
2321,145612844.5969837
2323,115881799.52244224
2324,69008241.55883093
2325,73635554.75235707
2326,96365180.3246611
2327,67212060.90643935
2328,57177684.96946339
2329,54565551.75055878
2330,59640095.87175014
2331,311846330.9022213
2334,114917214.66110551
2335,48707407.99037728
2338,105833850.2238992
2339,52873273.2032721
2340,200165515.77827522
2341,56186220.2772965
2343,73445325.40303256
2344,51198272.77628373
2345,140258098.13240787
2346,72266335.19161852
2347,249463783.95537752
2349,76710676.99082105
2350,87222223.26238962
2351,56520037.34521802
2352,54124217.41388074
2353,45784181.74529462
2354,72032316.7807523
2355,198126947.60469955
2356,102723664.52636103
2357,129816572.48232143
2358,108388477.24752513
2359,82987416.02535093
2360,61076762.1196882
2361,285117712.07779783
2362,208389198.73161677
2363,51217153.45615826
2364,93801584.87156399
2365,38589384.52162383
2366,105656731.57625891
2367,51398114.877647564
2368,57201982.497812755
2369,82177895.48791814
2370,89630972.12971082
2371,60468884.29379465
2373,54612318.56925017
2374,92311781.25686869
2375,70536375.47414741
2376,192014053.53781164
2377,104864922.68485066
2379,79060338.8712266
2380,244726829.6069177
2381,132713535.16392282
2382,121125508.64084986
2383,85857078.91898249
2384,168156459.91915366
2385,119116985.96191412
2386,91413584.42742787
2387,94569538.31767683
2389,71813841.95520483
2390,76129170.90776902
2391,109036892.52681419
2392,114994752.40650873
2393,89804141.26739982
2394,79136524.61281832
2395,66692380.71875527
2396,72182135.11025138
2397,51697655.09588872
2398,70521627.40211228
2399,149428028.94646353
2400,101443392.85450974
2402,107920381.52563466
2403,87929671.62482594
2404,87091392.18778086
2405,89056382.32081322
2406,226545644.19961116
2408,98958834.07243727
2409,46195934.48216127
2410,173286438.18004063
2411,77486608.93106265
2412,217589657.94841856
2415,102910244.507958
2416,70243094.0462857
2417,94297701.80862878
2419,36950756.85618109
2421,108665346.6954546
2423,100446511.93405965
2424,173627990.41226202
2425,78376397.34432147
2426,71341244.21848983
2429,46711849.01279712
2430,199713838.79719964
2431,167549688.27798253
2432,48191278.21062096
2433,87651602.60960048
2434,111492949.28919667
2435,70313302.93302894
2436,101421420.74869707
2437,63375485.77140941
2438,69343872.97669552
2439,66075478.759266004
2440,73827885.21360415
2441,62393779.19870923
2442,43096981.58300618
2443,149887169.30505008
2444,126691304.84501183
2445,183079572.74124074
2446,127679164.4616525
2447,93295711.79179399
2448,182976080.53496927
2449,70282501.28223799
2451,158090300.59017447
2453,56209320.320467174
2454,116224664.49691457
2455,63633404.52358557
2456,97891690.2661766
2457,40808639.19976245
2458,70313153.43614715
2459,88400096.1648527
2460,95985968.10171828
2461,93852998.41293536
2462,55714073.53694764
2463,100332280.93461676
2465,65766036.60567455
2466,54849401.90550905
2467,70452389.26028487
2468,116267813.00669679
2469,71811552.77537353
2470,54913944.173384674
2471,106961503.07305029
2472,72254104.85621202
2473,63156564.4275933
2474,100269339.91716376
2475,122377691.02871914
2476,93994227.76332015
2477,184738671.83129653
2479,119125471.6134523
2480,89185098.28301226
2481,72442696.27490333
2482,65308571.09130453
2483,91296372.34441747
2484,69614519.25888543
2485,89418381.23790339
2486,62895298.459333465
2487,51510958.637302406
2488,194454117.67101142
2489,40451686.03890306
2490,56624778.035777435
2491,101649664.32336359
2492,113527405.72115558
2494,108114110.6314593
2495,69773516.94414917
2496,69554556.08178562
2498,185608671.5775968
2499,73912098.44223092
2500,89815624.2270749
2502,57604560.54974969
2503,73811936.84680042
2504,220936191.33189029
2505,186452676.64043164
2507,200672385.2686304
2508,91111043.73099448
2509,91854396.42889687
2510,98833800.8273573
2511,80820958.33153231
2513,142408325.71095532
2515,69122424.53461263
2516,217880829.39149716
2517,107774962.81180328
2518,62338222.81109805
2519,97102053.77904198
2520,242029425.74256763
2521,100293572.42603154
2522,161102413.89542434
2523,66262581.48360912
2526,101709059.58478403
2527,113967424.01192057
2528,180855005.5948703
2529,91502721.89728954
2530,72384487.60735776
2531,105898103.09119
2533,177583401.40383914
2534,61102604.65284971
2535,111262273.95355497
2537,101485214.4044542
2538,89649643.95437035
2539,32898673.813859086
2540,112405656.38336664
2541,45456889.76301259
2542,156450255.02912033
2543,63241339.90167463
2544,133560650.62951417
2545,61177241.450785756
2546,77255866.28572798
2547,59337152.606965005
2548,149455634.18422928
2550,73445718.26224168
2551,69609240.3009852
2552,77587703.02438179
2553,68019799.45459317
2554,239841589.22418562
2555,55381645.798694365
2556,126078341.43381536
2558,63055090.10299114
2560,103805601.29016224
2561,57329201.41549939
2562,253022580.5891913
2563,43697847.98609441
2564,95010778.7237518
2565,58719366.25074798
2566,124277992.34624413
2567,79486313.07554987
2568,34374718.78126276
2569,172402952.81555635
2570,213562165.18335813
2571,145683996.6835379
2572,87930244.63744596
2574,86517975.08707915
2575,30897413.625641767
2576,44731850.22497919
2577,52036409.14696523
2578,38990521.42574404
2579,215788430.06393003
2581,71182620.25541817
2582,172019813.35487098
2583,143848957.3671805
2584,85560349.45471892
2585,65328712.53451161
2586,83398441.33033645
2588,95523433.93070842
2589,150495075.67132542
2591,93835000.9028406
2592,114600379.85322301
2594,38322609.5073482
2596,152478982.97927842
2597,70547307.79821387
2598,104933747.80340838
2599,105671165.10245556
2600,107295669.10575218
2601,134599131.80273092
2602,109135014.48043607
2603,84860090.38805269
2605,73934204.98614962
2608,68185740.81182869
2609,69101209.45452274
2611,96970079.62687765
2612,148291608.04402396
2613,88985139.66596037
2614,128971255.82806723
2615,41525048.59612472
2616,99544456.51740488
2617,68036392.93950258
2618,68242499.32915829
2619,102464116.76509403
2620,58142707.11959922
2621,60762474.59647628
2622,78864474.01571745
2623,92437021.90099835
2624,69947815.13614064
2625,119330511.55562946
2626,143099343.9386045
2627,59051389.48572454
2628,98966632.16883239
2629,174105993.14187932
2631,47926174.11341183
2632,91271148.63546342
2633,158819795.41436014
2634,39062744.92434268
2635,104931516.2140668
2637,102223069.71984841
2638,131547546.21987672
2639,213154900.6585059
2640,31707929.14600465
2641,65948022.393087015
2644,151570004.2147955
2645,99394851.1464291
2646,93354357.2239937
2648,108942061.45486711
2649,107782981.84709299
2650,84909749.24391024
2652,137534347.63060537
2654,173921427.52059707
2655,78356928.98317735
2656,106147108.7050907
2657,96326003.46769996
2658,35868025.28323823
2659,105914194.06904335
2660,87100885.95727873
2661,83157514.48895124
2664,78856821.57129052
2665,79988585.79216321
2666,50277236.6166369
2667,49313050.30009724
2668,133012381.16806065
2669,124019120.99666321
2670,77428271.90678093
2672,79571990.60750318
2673,60536375.82612916
2674,99895929.44539434
2675,93622237.88638328
2676,116908850.53850432
2677,104610035.53951941
2679,72039204.91147727
2680,318745964.7801405
2681,51096473.81035075
2682,197380097.63778216
2683,65588192.0378403
2684,56053494.05759822
2685,71830623.25106709
2686,52702501.80476477
2689,51825508.67551026
2691,179719959.1174375
2692,94779543.68485488
2694,47849393.8727778
2695,78755273.21992838
2696,72964000.34972055
2697,60124495.20607275
2698,100616578.35387222
2699,90220292.83399408
2700,63746969.9628382
2701,73927746.17276202
2705,74280064.1265203
2706,57444125.10189877
2707,43878790.66879771
2708,54496436.198652185
2709,118231140.29127935
2711,92123197.44073445
2712,98417989.82839566
2713,64801335.727155514
2715,90851076.41653599
2716,30523114.10243265
2717,111212620.5978087
2718,120240461.99979587
2719,67999751.31211841
2720,66984066.21086154
2721,126443196.23525366
2722,111492033.06367093
2723,66612709.21002428
2724,55010482.20144198
2725,82890554.27117743
2727,80394857.16260774
2728,365803257.30249256
2729,99259337.29455575
2730,52293652.04932055
2731,95366608.64076538
2732,35353016.72158024
2734,179999338.5350292
2735,99871484.2169265
2736,61165768.19012626
2737,89888326.41741863
2738,144906847.06563002
2739,157727497.46511742
2740,74280437.5908742
2741,189982666.6962631
2742,66089912.288298875
2744,174038380.26067504
2745,180368001.61742297
2746,75865657.87084238
2747,93152522.0818691
2748,102223097.5860741
2749,286349887.4243034
2751,92794139.37261876
2752,234833007.3728153
2753,56793249.36736962
2755,52048309.95920674
2756,80876777.68422982
2757,261509762.77862975
2758,108371460.48895685
2759,38650228.69090844
2760,141793484.89169887
2761,130881115.2607646
2762,71666091.13639861
2764,397602362.8250559
2766,63558162.8189319
2768,127473912.77063249
2769,53309595.58370268
2770,237565191.86781165
2771,69291436.24149992
2772,47821208.31754592
2773,73232372.32747014
2774,124074475.65027784
2775,134631117.95942777
2776,97634605.48785922
2777,158650717.73914245
2778,134358596.8121053
2780,99915436.04639892
2781,71228171.00774798
2782,88661322.27385797
2783,101237233.75346611
2784,60190068.19612245
2786,87435910.86504382
2787,78692673.3493026
2788,95111383.90869375
2789,108645363.40131244
2790,51409093.70739753
2791,60570689.08535722
2792,184575145.34609607
2793,137639011.79330662
2794,64229988.56617403
2795,71920210.73551477
2796,86825860.59981251
2797,131932852.9267324
2798,79748986.4198661
2799,99039625.700313
2800,54575714.03440063
2801,231973462.4234242
2802,57358281.53821339
2803,82961091.0961465
2804,93014317.09681395
2805,64577533.32037256
2806,75931739.34088667
2807,77382691.1534589
2809,120133873.44497842
2810,50755143.6638697
2812,93612146.41652603
2813,96371905.26804899
2814,66760949.08461386
2815,110594733.98636988
2816,148807198.5557113
2817,89252958.63482298
2819,45410839.47868765
2820,54788343.35181419
2821,56145329.481508374
2822,72196903.68666299
2823,163248803.71799913
2824,143497808.58495703
2826,78550072.2589425
2827,102101105.8162755
2828,67367332.15598314
2829,92662614.07261245
2830,156514580.13148955
2831,70523557.26040158
2832,54757592.084507175
2833,189780397.92724815
2834,64565384.53767385
2835,141122964.3064592
2836,107138816.94600074
2837,72713441.47182675
2838,196234145.00600824
2839,113219218.92694667
2840,55290228.446814
2841,134255694.3110648
2842,82240634.03851137
2843,164690846.23976165
2844,67558467.14697737
2845,55555822.387218684
2847,73233673.04783936
2848,102714703.29536615
2849,74794914.28187001
2850,34793715.82793324
2851,72294002.81648996
2852,167331640.07267916
2853,33640535.01117675
2854,57404920.63416068
2856,77436627.00524254
2857,141645410.87565252
2858,94910145.62641577
2859,115979022.76368321
2860,123796444.2105467
2861,78336952.47383259
2862,45305314.70075468
2863,86735660.66048595
2864,65055116.92710457
2865,84851368.95561592
2866,82211183.69954512
2868,86357830.51324543
2869,89528865.56092224
2871,93713136.83111893
2872,232405494.88768998
2873,372691885.7556917
2875,211724693.11072952
2876,70947758.66383855
2877,353092864.0555586
2878,161297425.99058953
2879,46834131.852743156
2880,78925728.77089086
2881,94721255.95061669
2882,76654781.34847945
2883,86049114.50192039
2884,77650274.15020858
2885,75460389.21867992
2886,73237249.68922652
2887,167487599.50826588
2888,108591364.3802667
2889,184272297.474674
2891,69620340.35137038
2893,101858973.68093696
2894,63051466.38529549
2897,98414740.05095877
2898,143620896.687815
2899,46847596.30268433
2900,94712830.61153431
2901,99217861.57918721
2902,121305061.51047494
2903,64574727.68325276
2904,100294349.88223445
2905,84069954.10988459
2906,43691388.72402826
2907,64138163.491825014
2908,158676596.8029802
2909,80421760.2825746
2910,188586931.68829152
2911,123243185.46564297
2912,83701133.22913457
2913,56313916.605999835
2914,63619881.957600586
2915,195093691.55502442
2916,319380347.7660105
2917,191082546.2521222
2919,57298645.02614563
2920,136971424.32288098
2921,66403559.358845554
2922,134639369.94891024
2923,148383074.84468266
2924,78944354.66327244
2925,154137938.42747307
2926,61997290.34261681
2927,58695904.90898304
2928,86790135.14712931
2930,64552190.47745572
2933,84644690.66466896
2934,45446710.23496839
2935,128172561.81232195
2937,83309429.17167237
2938,71500041.15097041
2939,122679354.25545013
2940,142238830.3563841
2941,136768240.98315743
2942,83250834.39836493
2943,81272120.78517401
2944,46805040.50608761
2945,86771734.7390739
2946,77216265.20095257
2947,67644517.25152889
2948,86003958.61945865
2949,90928024.98909177
2950,64877575.92848433
2951,69401160.43283801
2952,127660300.1740537
2953,99979528.99109216
2955,279982698.9044412
2956,106164446.27381694
2957,127514017.0560017
2959,315857573.2649655
2960,100816504.10804936
2961,142454006.26947546
2962,55416108.6070748
2964,117520015.065639
2965,106324521.21989828
2966,54367161.66602213
2967,101772451.74877112
2968,127248555.18227214
2969,148040313.99050346
2970,94577304.53842252
2971,143255971.4487803
2972,135403541.15683913
2973,115342145.11013018
2974,89772276.68817136
2975,72122930.30470917
2977,122119014.6002746
2978,87221055.58650059
2979,285357483.4647382
2980,76018186.54685049
2981,90715529.3483325
2982,95997441.08922817
2983,72940089.96321705
2984,231241623.7055634
2985,133070208.94748138
2986,192117048.61121455
2987,80647258.53040098
2989,69958368.01921625
2991,117836254.61788628
2992,60592711.63479253
2993,132304524.0183997
2994,83097251.01872984
2995,49978532.01440817
2996,108242035.88375403
2997,114648414.66815703
2998,64384248.51683159
2999,161188801.69250908
3000,130491294.68859665
3001,189228159.3838783
3002,70781627.57750875
3004,74704420.98041911
3006,39912096.23072083
3007,101654320.09141381
3008,107596893.26568915
3009,55122132.27720445
3010,58983143.077941075
3011,59614590.50311878
3013,226948157.3050507
3014,64785706.55315582
3016,101548221.75183165
3017,39616604.65775686
3018,85875005.50777546
3019,54550546.70859005
3020,66931893.95758644
3021,107061095.61314529
3024,129312066.12689891
3025,90331427.66606055
3026,92522869.55905408
3027,92847945.44622213
3028,54121135.45574346
3031,201315468.96493822
3032,247856223.81946868
3033,84209255.75149073
3035,60175205.37236638
3036,89052899.43568411
3038,77644212.69974963
3039,63555506.68153401
3040,135339100.15755996
3041,71769767.35972185
3042,48688926.3778293
3043,69438279.72448643
3045,186513146.26960748
3046,47236786.938203305
3047,61946822.42091801
3048,71925225.62115146
3050,97304935.58943899
3051,286909885.75969666
3052,27999050.830450293
3053,96811417.40901196
3054,127985700.85830355
3055,178157894.1841796
3056,72443526.75773549
3057,95977319.55030113
3058,77632214.742077
3060,145144640.39085552
3061,134460475.69214642
3062,62921975.959075436
3063,48210709.141856
3064,225619752.9580129
3065,50201796.377737075
3066,87708098.00020383
3067,282737560.22394466
3068,234839821.1524142
3069,91640302.57662505
3070,104838352.50289527
3071,206982184.0697506
3074,106998844.67502588
3075,76343927.71254258
3076,103788357.13355483
3077,83131005.02670097
3078,48204891.09958572
3079,50102219.90492376
3080,107868775.03415325
3081,60748728.97720889
3082,50609987.73209466
3083,114603382.8581832
3084,70815384.73900494
3085,64081569.30174545
3086,83971883.8913631
3087,93645623.5016201
3088,141593276.0943166
3089,123576212.62279025
3090,169109640.27377966
3091,86480766.5826098
3092,78275985.39477651
3093,110390408.4800802
3094,113888228.05056022
3095,103662112.60645854
3096,161644907.97283077
3097,76409342.67012863
3098,85748822.24824534
3099,74527065.5233998
3100,123530452.64525959
3101,151568118.8065758
3102,147317666.64944232
3104,132378756.9312977
3106,44462142.346784726
3108,65588470.386477314
3109,45808948.640023194
3110,138738166.05002275
3111,130733818.39357665
3112,232367428.1004144
3113,125555919.29717042
3114,73152341.09365025
3115,67027524.34801008
3116,72935700.74564494
3117,229904555.93330422
3118,71037566.45439145
3119,79419834.59050408
3121,61907224.69931079
3122,192729455.97297096
3123,56417327.30137309
3124,107917380.4161836
3125,50353024.65000807
3126,65278351.4229534
3127,266979530.8995492
3128,124435525.80272214
3129,69254979.23795255
3130,63974286.0003057
3131,104135456.4250212
3132,58931298.92476198
3133,83727629.5830962
3134,44887974.97881975
3135,96299902.10704741
3136,101120043.98177527
3137,198952947.39810038
3138,109581097.25653912
3139,141053715.60309818
3140,65181767.80185752
3141,130462405.97983536
3142,78596077.06227152
3143,41292649.04709257
3144,166797633.9185696
3145,91180271.92647061
3146,86199606.2195021
3147,48464046.90981997
3148,103331556.95316534
3149,72454683.12060033
3150,59072771.87821822
3151,87202936.87782486
3152,55813143.952969566
3154,51475150.18976718
3155,64884848.12971134
3156,78639348.77799003
3158,79611275.42711975
3159,134648264.3583325
3160,112879960.06398308
3161,201282072.04248273
3162,115649029.22763978
3163,89338733.52121294
3164,143044765.72025636
3165,72767915.16080421
3166,69450953.9743218
3167,113554808.43536864
3168,95799212.46824338
3169,150409691.14336622
3170,124101267.89364505
3171,73858526.94500703
3172,105327284.95304456
3173,68055954.06190822
3174,78689373.3885029
3175,111232277.66634385
3177,96632171.03106593
3179,121322219.47363216
3180,186024531.50357988
3181,95522706.14215219
3182,58304966.41535687
3183,102095923.33180392
3184,63747142.175235264
3185,94921749.4604576
3186,45410849.33042314
3187,73651507.13407148
3188,102732437.89397733
3189,107088225.81099403
3190,98459214.02074498
3191,161939651.8016551
3192,48895729.74632985
3193,60708508.7671975
3194,82494126.99399318
3195,50775075.2946845
3196,49306927.68399387
3198,205585868.04650286
3200,112250666.56255433
3201,132994888.51853539
3202,75218221.01281983
3203,38201091.47695703
3204,147554252.72119918
3205,103592628.89287429
3206,54061257.98661488
3207,82754300.57299757
3208,115137033.44638243
3209,65105700.0037579
3211,84195811.06498416
3212,108786141.37578037
3213,69464299.0386573
3214,53749017.019980736
3215,195817070.128781
3216,155427215.60016125
3217,81356908.31689219
3218,177046063.8219855
3219,207055075.4113448
3220,85837362.88868318
3223,212710884.41681415
3224,97933236.0008272
3225,88368593.4013997
3226,57217422.83377663
3227,58656227.72743846
3228,56320873.630298026
3229,106145173.09030893
3230,59893796.50609423
3231,214535720.30099836
3232,86400404.68429342
3233,203190895.34218234
3234,36732676.39085908
3235,172054937.62251863
3236,106881501.20166469
3237,115747749.8982776
3239,83535691.6928549
3240,44205320.26479929
3241,371057517.8671667
3242,44723056.84774071
3243,91439332.72237952
3244,74745445.22913538
3246,135772250.04655045
3247,86764346.63708003
3248,133653241.53377362
3249,66201119.3246553
3250,130478934.29033074
3251,72797307.75942218
3252,136414699.51130998
3253,86371754.90390699
3254,115678625.16877834
3256,72880125.74760935
3257,70471919.48058493
3258,138217820.9912821
3259,55379000.18758498
3260,119183982.97215624
3261,42010476.19564105
3262,72226643.49306844
3263,134271463.3874192
3264,123204221.5630989
3266,100993234.60520191
3267,57655252.4568865
3269,47768533.53007403
3270,83205879.13821982
3271,64097784.922699384
3272,149176716.67573276
3273,74761112.71880238
3274,197502318.3497421
3275,108655754.45464657
3276,50085686.58212314
3277,115165583.83778055
3278,264950810.4634065
3279,59638977.48507262
3281,148823664.4606737
3283,133655618.37733395
3284,299790938.30300057
3285,82151249.0875469
3286,172545942.2969726
3288,57391081.82154121
3290,140876809.24682865
3291,77057614.03849712
3292,96262254.531662
3293,97782439.18149406
3294,51827756.50745751
3295,51978906.652835324
3296,162830608.66350338
3297,112076555.16623266
3298,165838110.70546085
3299,120199561.34472056
3300,93818705.19667661
3301,96953170.45303659
3302,57338408.53763678
3303,47430470.60395585
3304,47314231.76209459
3305,80761579.7553145
3306,122130242.74761584
3307,80531920.26610208
3308,184358312.10524014
3309,69490526.12608533
3310,86420598.81810573
3311,173041576.32708165
3312,68452899.10218282
3313,136559640.5507502
3314,131816203.93903975
3315,82025169.32996698
3316,100988757.84882553
3317,76829965.00980571
3318,44764142.83815069
3319,72119366.26505706
3320,187896942.63033926
3321,117800310.61028033
3322,60330670.88520413
3323,134037386.9952732
3324,91463479.31309292
3325,157523658.68186074
3326,125394484.96728055
3327,113535005.90954106
3328,77530518.4686683
3329,89720711.1980414
3330,88405265.65221924
3331,69438784.1587407
3332,77897716.03531146
3333,106904449.43359663
3334,56201668.21443132
3335,62933016.13770687
3337,54515677.551388115
3339,71398332.98250143
3340,342104558.1419658
3341,59164117.421077885
3342,141866321.98242635
3343,116287552.47246467
3344,91910091.69552585
3345,116816864.15845181
3346,67570974.01726016
3347,78132968.01475796
3348,80392357.07763898
3351,125716907.57242125
3352,79280071.94613197
3353,60768272.414381824
3354,184759062.89615002
3357,90749889.24986863
3358,49448739.6939965
3360,98556225.62171865
3361,84654758.42679925
3362,50495891.88985691
3363,69924906.35611649
3364,56070107.79340815
3365,314731938.756622
3366,90292940.94284354
3367,73798217.90702945
3368,114846967.43076263
3369,271415194.3430799
3370,73062362.68792881
3371,159739827.08825868
3372,67871910.89895512
3373,75008284.9565605
3374,101189125.34815726
3375,293949860.8656262
3377,105690073.96956055
3378,201625399.50803742
3379,77932199.14769621
3381,154884673.20533508
3382,74899889.72640033
3384,48150358.63496608
3385,77417599.37585698
3386,145856629.57564816
3389,105169398.91519369
3390,99817771.03937751
3393,99461418.55023088
3394,24525293.236811507
3395,45563946.10690284
3396,263022036.02768815
3397,58772157.046091594
3398,145335771.7294577
3399,118130484.74463537
3401,57982573.54843649
3402,81566312.8524995
3403,133404271.21200769
3405,74479172.46643913
3407,138175165.18914762
3408,79158056.48277906
3409,65138042.98622096
3411,74015681.54269452
3412,153629189.27615523
3416,103360774.40009609
3417,78539822.22123778
3418,50658733.37666947
3420,140579723.02970582
3421,106392754.39738032
3422,126874984.56710708
3423,53859140.49231949
3424,78410528.91028285
3425,77826495.51696524
3426,79414728.82946526
3427,130013254.7926801
3428,151189112.49338254
3429,230814642.3477256
3430,112580561.76115978
3431,89802852.1780446
3432,74910353.15149923
3433,144712769.87005374
3434,220205509.89254093
3435,105725296.72040138
3438,59057050.91565526
3440,59621640.16075122
3441,100641616.8093953
3442,91605864.8468382
3443,59332556.38054431
3444,87839204.83170287
3445,66894239.15400092
3446,49183373.8486827
3447,74534627.1685423
3448,78185914.57536882
3449,100628367.61232279
3450,79379454.31892861
3451,114304107.02057499
3453,323499073.7490469
3454,71265459.43055835
3455,49549875.964951366
3456,73259036.37968339
3457,112043385.86811124
3458,149694366.9033569
3459,75421561.46931113
3460,88512111.39535831
3461,108805663.02203438
3462,135237151.680253
3464,70035747.29983684
3465,184494609.86427718
3466,86550643.30830936
3467,59124327.72466455
3468,96016778.14104983
3471,96907800.97781445
3472,79041881.66941056
3473,70334743.51035573
3474,138264162.6789811
3475,160612577.4585229
3477,50792945.37617266
3478,115070774.03193721
3479,95260537.91132325
3480,119862626.96501134
3481,81127496.7491415
3483,147138376.04460043
3484,50771995.38524565
3485,119343616.15990528
3486,107538336.44421072
3487,198907677.09219065
3489,71407496.61465515
3490,64396841.979956575
3491,76317813.51310894
3492,99890720.13667504
3493,51050365.15072163
3494,77797973.38146892
3496,120952570.10645631
3497,132537663.18828306
3498,60362165.976346
3499,114265989.84069292
3502,36839254.094858274
3503,70233479.62297349
3504,56785511.45242227
3506,89274687.04451218
3507,80132084.96849197
3508,153353456.08329874
3509,104455128.48611769
3510,65664315.50556799
3511,92569611.4084963
3512,48610321.246447444
3513,159366390.47116256
3514,96218951.4690032
3515,173975147.41696373
3516,308359474.19042414
3517,73296912.92208323
3518,181491527.87984246
3520,59071019.77914477
3521,121320516.02619696
3522,104986667.17852953
3523,105821580.9749747
3524,62991480.767575435
3525,148525885.38509008
3526,290499679.18999505
3527,167151125.2173051
3528,102366050.83906268
3530,131126289.00808354
3531,98476306.49242888
3533,202457095.38901404
3534,44825202.27639928
3536,113866370.4778193
3539,160750820.27693662
3540,85617319.96786691
3541,65991013.05886453
3542,93105176.3483825
3543,59441425.168243684
3544,140837409.93567705
3545,78859360.50484523
3546,75857310.50375985
3547,109742416.79154819
3548,112156070.44767806
3549,67329219.00680536
3550,49562895.33418349
3551,103567477.11935534
3552,105483212.76550107
3553,83393520.04184312
3554,54003647.20201722
3555,87633266.56475754
3556,43625599.21562873
3557,89287007.00011007
3560,78407933.2708274
3561,253307561.17329472
3562,69892819.4869084
3563,219221681.74612597
3565,112185807.64951445
3566,60340257.39269524
3567,336564540.78246576
3568,85184408.3895996
3569,58466432.49278193
3570,114964032.19575714
3573,156103814.97495893
3575,57525686.1690108
3576,48250642.36628295
3577,112484367.97359814
3578,163899864.4877356
3579,60864692.4332661
3580,94361909.88605346
3581,70124976.328412
3582,154144460.90907472
3583,55070830.96552299
3584,80012163.73683745
3585,261266420.07811993
3586,75743546.18497273
3587,112246162.4250874
3589,77480795.68262756
3590,76617635.20261844
3591,52016718.160417184
3592,102831043.80371511
3593,107308831.41220555
3595,223606360.3262878
3596,83563356.33490925
3597,61343048.52146889
3598,74270707.2393148
3600,80551360.2440114
3601,54771522.617642656
3602,127995747.22126551
3604,149801705.20397022
3605,171775084.60857087
3606,76513053.89557187
3607,35910955.801716805
3608,58981563.69232352
3609,75093995.55374451
3610,73262889.53065199
3611,98661867.46672808
3612,108716470.45223847
3614,97614110.28893018
3616,96363753.96602112
3617,158372956.0909872
3618,69083214.39727445
3620,45707612.03560243
3623,67021262.287815854
3624,118107457.65869233
3625,72701788.1285179
3627,65371724.80125279
3628,57079260.37552171
3629,116429257.11561847
3630,38864408.199963175
3631,65039097.399088025
3632,92391221.84058477
3634,176815630.50053886
3635,115106432.74993564
3637,58369872.49570229
3638,72721012.91541667
3639,142733393.70479858
3641,50545700.36736443
3642,72729744.3522378
3643,93494020.54989262
3644,76915242.20744318
3645,72778022.46431181
3646,116094810.71097328
3648,155899893.358815
3649,103018257.90904844
3650,98564009.21917653
3651,52174497.065734744
3653,100825848.46424423
3654,64454312.9628498
3655,108146308.2551074
3656,76034671.75857821
3657,88465339.78880613
3658,73532306.21395876
3659,248338710.10599655
3660,56445575.86467148
3661,214061072.54286313
3662,94578688.4458721
3663,120545990.88186884
3664,97630517.23376088
3665,71059392.69439131
3666,84733534.67221332
3667,64581403.7382167
3668,61096503.86663476
3669,72140639.46117063
3670,150124612.08550313
3671,93050192.23757073
3672,70767765.80928592
3673,59453896.51978484
3675,58148499.38846214
3676,86413576.7304831
3677,35535418.40277278
3678,75797560.51479901
3679,92874979.30718552
3681,76227374.24400696
3684,93628447.39460704
3685,71675655.91213472
3686,75744830.26248395
3687,180590082.10031468
3688,120529606.83734411
3689,117047272.28694291
3691,132632881.75338103
3692,50136586.763062626
3693,119250911.72231977
3694,85492707.55125497
3695,116981847.13552347
3697,53278524.2855787
3698,132861487.29728232
3699,102545131.77642044
3701,77858635.4641285
3702,70719074.04417132
3703,59062890.94091852
3704,31215325.589295875
3705,107121342.38050103
3706,204129321.95968944
3707,114472261.49308467
3708,122659690.39695448
3709,105641233.82058555
3710,95655707.78485955
3711,115849409.58759713
3712,152481358.31697667
3713,55069525.781136826
3715,91250820.06536828
3716,127424649.29963522
3717,111035920.38044624
3718,94276405.9893752
3719,85520267.52170596
3720,130681476.20135225
3721,80088976.82587768
3722,75943942.1409315
3723,68674514.74043404
3724,109030126.70918864
3726,56859538.31207136
3728,88495955.60960518
3730,52195742.64839521
3731,149906131.13895622
3732,70870668.61140399
3733,78476088.12684938
3735,113567499.8378764
3737,72409731.01896736
3739,64313989.62116337
3741,223919919.08543557
3743,183513661.33846614
3744,81758774.07196154
3745,131716843.20227478
3746,82794780.1013644
3747,73924198.00465699
3748,103833174.15460403
3749,72691693.24213183
3750,66714203.26851408
3751,49031836.104347706
3752,214247129.65115303
3753,101231975.36000246
3754,176340617.13595635
3755,145286242.9424009
3756,97597780.23299399
3757,173122382.4358639
3758,107106399.71007787
3759,67160543.93903463
3760,85830440.95409484
3761,77877561.1952969
3762,174853117.4817258
3763,118229275.2927144
3764,68415441.26694727
3765,84757513.70111388
3766,87243449.47062343
3767,72589672.21674606
3768,47695734.620812386
3769,60496306.2620251
3770,57166057.33465368
3771,56960528.184295215
3772,112976393.82047416
3774,75042491.90539443
3775,204076437.6847076
3776,128324545.39116235
3777,44984070.12955699
3778,57637476.31904716
3779,212634986.87439072
3780,60312966.374118656
3781,49714090.28944137
3784,102041701.92085294
3785,122114097.04397069
3786,116167451.18983726
3787,52640861.085295
3788,90399646.50185521
3789,56871028.37908528
3790,132824527.25817402
3793,64937095.28057487
3794,39652513.209250376
3797,263309237.67573643
3798,85989377.1148513
3799,85160711.16935247
3800,102170379.71749488
3801,64662040.38077059
3802,91764632.62734346
3803,43086750.9931247
3804,67104364.273762554
3805,123962514.4803166
3806,107357525.90348448
3808,64129464.147678964
3809,140760749.46621004
3810,88599076.7139657
3811,54871884.54241278
3813,65483150.67056869
3814,98606014.11929914
3815,107034995.77234484
3816,153549911.71837237
3817,180267519.96964517
3818,86828266.46657944
3820,59056037.61102175
3821,93662382.66161886
3822,146841252.87364832
3823,76640683.50593929
3824,67837532.56621759
3825,98133143.0204324
3826,55175672.34428242
3827,201977192.59063968
3828,159586970.338135
3829,106387969.80653508
3831,259369776.2465399
3832,99509578.31876367
3833,119339223.92969646
3834,99230377.05347793
3835,61271666.91961904
3836,92497018.01216596
3837,62928622.66101119
3838,74487206.99234053
3839,50533628.04713983
3840,59527260.82819416
3841,119467579.77024134
3842,82323169.16324015
3846,95568403.7639621
3847,50585268.44252066
3848,139296205.68547404
3849,86359996.67273588
3850,178220965.91151485
3851,140724550.2729096
3852,56363249.92539808
3853,134144410.6615177
3854,53572733.714419715
3855,100470264.08510117
3856,101493594.26672068
3857,106609764.99623264
3858,42173781.431906566
3860,52263986.24046653
3861,64539681.78654072
3862,41279255.636901684
3863,122208123.90756615
3864,199490063.3297258
3865,51594774.64024274
3866,63137880.20763815
3867,46988409.01513364
3868,98423358.35763282
3869,43178087.920595706
3870,86218072.95656429
3871,138332123.8232192
3872,90820678.47055134
3873,66717362.77036166
3874,97164790.91635941
3875,56326866.22122647
3877,74803694.74366978
3878,95552505.3052684
3879,70873980.69322786
3880,150400554.01699796
3881,86434697.7797435
3882,81647062.30696498
3883,59003307.0942834
3884,87467717.9060345
3885,57650619.382767186
3886,27253891.770520095
3887,139029566.6262849
3888,99318377.75082932
3889,72206663.42906119
3890,55756968.690629534
3891,66752750.92303535
3892,157303631.10649636
3893,113094023.51648398
3894,63419613.55735728
3895,86442549.06440362
3896,90499746.71952932
3897,64162276.262470126
3898,361577155.0061562
3899,78558151.01379384
3900,39439862.45573862
3901,74165651.85313714
3902,196236653.3425136
3903,94946652.96014412
3904,74592727.79278944
3905,82785643.3287964
3906,83120843.81376632
3907,86777712.38826619
3908,185819628.4263124
3909,69402178.90630475
3910,106685311.02010871
3912,104457493.21704979
3913,81644363.23905285
3914,82885283.80542584
3916,76928070.0585307
3917,312146164.944715
3918,60789209.611278795
3919,67081913.89879553
3920,49018217.32362481
3921,54093780.87168465
3922,56162475.65617301
3923,76252337.8076294
3924,86477352.28245349
3925,71028477.31884101
3926,82032409.49226967
3927,133001611.18785226
3928,85393962.87718348
3930,54111400.86531867
3931,82680160.36300708
3932,54664545.345716834
3933,67616434.4058008
3934,256648787.56221175
3935,103233755.99439926
3936,81981002.99764356
3937,60686441.37180205
3940,87498041.71934026
3941,61653115.46255638
3942,60044362.97256398
3943,102718325.87035765
3944,70422384.7447359
3945,116377537.93312559
3946,82588721.69900772
3948,216421964.77335596
3949,79399872.8817688
3950,75106684.60271008
3951,239719958.22267604
3952,83031505.9627049
3953,76905889.84857668
3955,83282320.63266794
3956,112332328.04168485
3957,74568616.35279176
3959,136142231.7860117
3960,62962016.416361615
3961,110697338.45877844
3962,64319715.21324877
3963,59736273.11715507
3965,126115185.4188763
3966,70260356.1278992
3967,119632276.66254637
3968,95581844.13362081
3969,122139745.06438245
3973,136107536.15837324
3975,66776236.91552442
3976,168608922.1984151
3977,84302474.32791
3978,76843120.75494571
3980,101534169.7538656
3982,114431453.890755
3983,110356428.87080075
3984,61119073.197188646
3985,74008347.47017021
3986,77913632.36087994
3987,99314685.9792562
3989,102872205.65589131
3990,73388478.23155265
3991,98063942.05841431
3992,134753597.60099435
3993,75252906.17774838
3994,131303826.75795782
3995,47509716.54931989
3996,212626292.3475229
3997,81506295.52811407
3998,111453189.51533815
3999,52013778.27046332
4001,102097135.08269402
4002,101553251.03515287
4003,47583939.68073933
4004,163138287.91045153
4005,72548700.92989388
4006,103916340.71953602
4007,55371114.86189952
4008,112841360.98029393
4009,64164262.067694105
4010,228817142.7462919
4012,62100884.939888254
4013,87024417.96849555
4014,116336511.29566301
4016,52653274.589903966
4017,47442029.77267277
4018,74093338.29506044
4019,147360935.2756691
4020,152043623.0441133
4021,107713239.1483035
4022,160500243.02496144
4023,80318117.88893001
4024,130760519.60091932
4025,52988392.35422226
4026,66579421.04274073
4027,97871944.90243417
4028,68821668.98582584
4029,77878216.91079621
4030,57618164.67041631
4031,42472320.96447422
4032,95098839.81867906
4033,105915302.22654527
4034,108857988.65356514
4035,312986066.90041035
4036,53331194.174129315
4037,95003375.49426357
4038,83300444.24997178
4039,154243249.8340685
4040,110744263.96465465
4042,55052862.710267425
4043,221637352.37136242
4046,74075491.0910682
4047,97413293.82756536
4049,205090809.5988195
4050,265933996.13908878
4051,100997188.11861409
4052,53867374.13346251
4053,68133986.89161552
4055,45199919.260596395
4057,102066542.15758777
4058,92211105.63942918
4059,55659105.06799036
4060,106101947.56806438
4061,73509372.84448986
4062,90216579.7879494
4063,49895309.703943886
4064,47032688.16282947
4065,43095342.40031472
4067,114932109.60881793
4068,99433988.91800292
4069,79904424.81898175
4070,288784644.63654137
4071,65018662.551176555
4072,64231266.183107145
4073,105184378.63027836
4074,63709659.2208526
4075,43228780.34609256
4076,129966054.08521585
4077,94617644.59775236
4079,151027073.21281457
4080,60736183.47554185
4081,42473076.40443604
4082,195648998.0040025
4083,133215054.49095508
4084,91513385.04396093
4085,80260963.06687158
4086,104303567.5397567
4087,260897833.35366294
4088,115311671.89315769
4089,56096006.37344312
4090,117453029.14246073
4091,128817776.16093595
4092,42466709.26506466
4093,33240039.769699514
4094,64411016.45331436
4095,81643720.9109401
4096,112654370.65444452
4097,100145962.921563
4098,86961292.48081179
4099,176131064.24627814
4100,76869880.41919881
4102,114743243.89271377
4103,67443109.14549176
4104,48970299.60905385
4105,126965625.05692203
4107,93261856.22084646
4108,72924719.78672741
4109,78301438.582592
4110,38497020.94241621
4111,37671088.51848627
4112,131065636.51686536
4113,60980290.663334124
4114,154785787.99146092
4115,60849277.02447441
4116,79477193.11846194
4117,228613100.4063505
4118,89382853.80362177
4119,67340628.09353821
4120,212089881.1072261
4121,118351609.3412158
4122,101451337.55405542
4123,69294793.49831176
4124,104422716.44857937
4125,256240469.22799364
4126,85927469.62546024
4127,62496681.6973421
4128,63143514.757347316
4129,58478821.850468904
4131,114631920.16558833
4132,81974074.55113912
4133,77282477.37791446
4134,84512164.6421423
4135,63527926.16121166
4136,90612374.22038111
4137,285210570.87664324
4138,81538361.47744307
4139,189901963.57976094
4140,55757866.87099491
4143,72628614.7065914
4144,54168881.05660821
4146,91556885.69257593
4147,137284851.74998373
4148,133436885.52069597
4149,57411883.979421325
4150,68572906.02161218
4151,89217409.70623027
4152,51262532.5946281
4153,54577247.24305469
4154,140358742.8204982
4155,96348078.53928159
4156,62574688.0714615
4157,69256902.64623085
4158,69637896.7539945
4159,194045606.60620975
4160,92393384.52568597
4161,57729862.181000344
4162,55895647.23704282
4163,103752763.53789794
4164,157787935.68128163
4165,67463731.1055752
4167,91029494.2972367
4168,64175561.54194593
4169,69725325.65227206
4170,153417130.3627178
4171,94981740.83832581
4172,99227055.50328247
4173,54038649.94962704
4174,75378926.96920945
4175,158192862.34273833
4176,86973781.98326139
4177,103881727.84629157
4178,71447772.97601575
4179,72348172.44248183
4181,101515405.98813598
4183,127062741.87169392
4184,58370088.25925204
4185,48578549.185301185
4186,75062724.65064926
4187,99424102.49323411
4188,65226533.02676785
4189,77066651.79369083
4190,84062650.99683733
4191,91510594.58687907
4193,123390247.1184086
4194,65760371.194604196
4195,69491024.88780437
4196,89781240.62772676
4197,128576149.16132644
4198,43607377.50562618
4201,91286027.95478952
4202,83795961.97846466
4203,48035941.40565303
4204,129100870.05127025
4205,77294312.2239155
4206,83543537.56183805
4207,51895811.18363691
4208,81860637.0269595
4209,61581906.41981971
4210,194703133.93379042
4211,162054175.81329185
4212,68660887.25252444
4213,75337022.75161715
4214,68693145.90260084
4215,72867134.42037186
4216,159945065.41558164
4218,104375234.46274817
4219,112446193.94906817
4220,81324890.6619176
4221,114017526.48633881
4222,129069782.90414385
4223,68697999.40869758
4225,124919502.91972625
4226,50689000.391948484
4228,71049211.97434203
4229,59505845.18706238
4230,96503400.75270884
4231,115219908.43516319
4232,99667873.1136842
4233,114258834.43269579
4234,78260459.36813802
4236,114549450.8462953
4237,98405970.91978362
4238,70275525.03003357
4239,112961784.42284556
4240,66856277.26282313
4241,49698837.145455614
4242,76310206.55937058
4243,119993448.77473801
4244,125920554.58650708
4245,60361559.10180201
4246,61870245.79344337
4248,77642395.38487457
4249,119536830.24386786
4250,250523942.65052268
4251,107969402.66771244
4252,116203214.4911678
4253,110290926.77275018
4254,173792774.68812394
4255,88195881.36943801
4256,100412373.59655793
4257,169704257.92032918
4259,75977900.9337542
4260,121333001.75521101
4261,34707928.66773204
4262,167875809.65184328
4263,76297499.90086487
4264,53086021.553182386
4265,81394029.60266916
4266,50059631.63968215
4267,108640013.52420598
4268,58426632.89966542
4269,145846710.49750388
4270,58137397.990951665
4271,81222444.12073337
4272,53809043.97752769
4273,48916031.07428112
4274,51384496.54726389
4275,87753036.72549003
4277,99037579.95064062
4278,118115539.83789046
4279,51204421.830705576
4280,96097503.77918033
4281,64668310.24064506
4282,240273183.77906948
4283,200735867.68757802
4284,93986446.44590637
4286,185786637.1322015
4287,212979593.6027473
4288,79318355.59390019
4289,74503871.13830476
4290,55560258.56996979
4291,57326477.350205034
4292,82854657.77276187
4293,76270253.5404281
4294,124487881.39300837
4295,115286566.26097313
4296,186984052.3386007
4297,98899261.9496813
4299,147795713.52045912
4300,87434529.98888084
4301,69012428.31816594
4302,294982955.8807318
4303,73098343.15368094
4304,85276711.83108474
4305,57122323.39448152
4306,143255514.1968242
4307,61045554.038742624
4311,122993528.70999493
4313,62478445.19024903
4314,93503830.60292666
4316,77287080.87883069
4317,110485213.52816221
4318,109687788.5809461
4319,107058045.07642639
4320,111457084.74329472
4321,92544398.03816696
4322,147016702.4039526
4323,45776650.65712955
4324,89644300.12860961
4325,38800254.81384438
4326,49980506.47215188
4327,261375623.40190426
4329,193461804.063173
4330,179820574.23108423
4331,24400564.118664905
4332,99336300.54076983
4333,131267521.90053768
4334,51850967.66092302
4335,133747133.6298301
4336,128668343.12566939
4337,131119154.81062037
4339,49655791.60642682
4340,87681504.1740342
4341,44918989.95606214
4342,55637625.149050176
4343,184383908.00445116
4344,113070293.53961991
4345,152026189.88898525
4346,126044189.70896763
4347,33312103.31129334
4348,118048848.01648314
4349,252924653.97219172
4350,64202400.542116985
4351,52736453.77978892
4353,64762899.78190799
4355,71669251.31160995
4357,84823435.11705609
4358,136437361.59968898
4359,91641731.3318331
4360,78172606.19324172
4361,153726043.21388757
4362,113567187.17007515
4364,96151696.40517943
4366,69484684.62575836
4367,121443962.18113633
4368,57287359.67585676
4369,109068563.55675986
4370,134394459.414887
4371,70576755.16827996
4372,47911275.952868536
4373,40028328.86828468
4374,85445169.87606552
4375,101878823.72146091
4377,192405334.94337815
4378,161266678.85478023
4379,76205362.70413168
4380,80770296.40154587
4382,65706284.905042395
4383,106087852.75282745
4384,164988969.97093493
4385,48360737.78516263
4386,77044612.33718029
4388,232004737.33984706
4389,59137150.90289764
4391,175646101.34752792
4394,43172954.36531351
4396,97101261.22260608
4397,116773501.11494726
4400,172365053.34800732
4401,63465757.61078529
4402,66480054.365536265
4403,119018592.92998566
4404,97472673.20749311
4405,214646159.5170065
4406,92182727.795834
4407,62909348.87575748
4408,85120989.23150137
4409,67818134.27030396
4411,110935755.75782225
4412,96699585.16132975
4413,51347217.70128098
4414,46917994.89001546
4415,90865004.26039782
4416,100382954.06486963
4417,66107147.50408569
4419,156635672.2897186
4420,117942055.38105968
4421,181243352.6557204
4422,60208559.61962031
4425,96571369.13173188
4426,85115017.2499372
4427,69561961.20689158
4428,211551781.07380992
4429,177057258.7344409
4430,71657609.6395897
4431,75211137.24705972
4432,85576146.20346585
4433,204658161.45469585
4434,160338048.22496992
4435,50732261.06132986
4437,168633419.6154781
4438,90898218.68340275
4439,102855442.67697203
4440,139704820.95857197
4441,72236277.2035205
4443,86787887.5479882
4444,61818150.13763261
4445,55787141.17649112
4446,83092592.58290288
4449,98014310.69879346
4450,58549768.3766894
4451,207322456.82227
4452,56468794.96552401
4453,65995550.87151166
4454,56462291.234476574
4455,139083557.41272268
4457,110770094.82568994
4458,86895536.32757267
4459,86818226.55958673
4460,61445677.99601631
4461,173853821.5145421
4462,69155464.81898649
4463,216997327.0595637
4464,85437717.27818416
4465,64137767.125544615
4467,87580212.13440509
4468,313259351.8684014
4469,225925875.00570512
4470,223906688.8575769
4472,148339251.35389653
4473,131313684.03926393
4474,90154969.60524094
4475,82299767.32134925
4477,107599222.94151539
4478,74084570.22959737
4479,243181446.8492355
4480,95321074.55781732
4481,68085956.92476113
4483,100548677.57689749
4484,65124367.643926
4485,232097684.96262375
4486,98634268.15071511
4487,42778208.371352725
4488,43398907.14518665
4490,100945497.66705552
4491,126407975.58799475
4492,94507749.06959723
4494,51792384.84654739
4495,123206728.22433463
4496,233813744.75107557
4497,167011578.35559553
4498,56579297.097069755
4501,114788999.00582384
4502,85137481.82637973
4503,45498629.0450323
4504,44037808.75541399
4505,62192385.411688246
4506,82396915.76617923
4507,101869321.7760447
4508,216090025.33701932
4509,158344419.8019643
4510,95408811.77600904
4511,70384050.43026672
4512,71217203.95061444
4513,108947163.13922247
4514,53174465.158152565
4515,128141300.21869092
4516,93029096.97225912
4517,196458741.62773266
4518,54643346.570770495
4520,141241350.93310583
4521,63020849.78551633
4522,93148624.97419532
4523,60781550.05284091
4524,82932813.95414232
4525,48273562.90561703
4526,82847074.41323394
4527,69915293.93243657
4528,64736712.34028142
4529,74061934.09797178
4530,66517805.517013334
4531,83543059.29255229
4532,45904512.24730076
4533,155656718.91268015
4534,188887394.78708842
4535,70564004.2768729
4536,83985263.35492681
4537,77443579.5484971
4538,249655844.4793969
4539,202340075.82266116
4540,59935322.44509946
4541,76046777.1523822
4542,42092978.91179204
4543,82748101.2285382
4544,54422912.281099
4545,35065385.13975259
4546,48217678.47135189
4547,185870049.33781588
4548,62992176.709647894
4549,126965078.9929081
4550,213372504.72143355
4551,179059398.75238198
4552,103955573.68314382
4553,252400301.16152468
4554,112817014.31696384
4558,83282031.92164911
4559,168618188.63786167
4560,127548593.4318287
4561,105765518.36919732
4562,100932960.50131325
4563,262244603.60513514
4565,86257104.42421247
4566,112270197.24823265
4567,98940488.85689865
4568,85818747.35322045
4569,128127449.63167818
4570,321172234.8891705
4571,212815676.7131363
4573,204379070.31669226
4574,155402494.66660252
4575,65868189.58251384
4576,77882334.93486089
4577,44728626.47863896
4578,145715628.94255257
4579,171471551.68902448
4580,84284350.39263293
4581,194158660.09201002
4582,143332514.78292724
4583,81482222.22497812
4584,111626394.95531374
4585,95296728.03416714
4586,109014368.57204762
4587,112408660.92441568
4588,76252847.97274977
4589,65611561.68531276
4590,33301768.260716397
4591,132510190.67294507
4592,96171273.0641848
4593,112814525.051595
4595,63314171.7654396
4596,71464720.19143996
4597,135276174.3749025
4598,67140309.31396678
4599,243252410.7219467
4601,60951658.46297219
4602,115529547.95755196
4604,78833257.21720856
4605,69731005.7503093
4606,248163244.76844317
4607,31138403.190209363
4608,107338142.56852747
4609,62039356.968775615
4610,110946420.1311481
4611,129652817.72730105
4613,62158235.75392392
4615,287878500.83323306
4616,78346090.136145
4617,80236666.01160964
4618,195862134.47203693
4619,120491561.38247073
4620,189852347.48305708
4621,67230312.87767786
4622,178177418.62072414
4623,96193594.81096713
4626,101479037.65492888
4627,68511822.85789174
4629,78480713.3966152
4630,104068652.48843327
4631,93214496.43416646
4632,120726907.51689696
4633,234990844.57719722
4634,93199170.3404485
4635,72667754.73289359
4636,73830551.6517461
4637,71682797.81063533
4638,77387191.56840263
4640,157172634.970112
4641,86955237.68143512
4642,39156531.26964133
4643,204047864.49346069
4644,52838811.10074211
4645,96826189.79761177
4646,135017183.7367028
4647,103768901.78734942
4648,65880832.440640986
4649,67487860.19618896
4650,186841231.46257192
4652,111373614.5962951
4653,58428177.711561486
4654,65186517.040773615
4655,154914332.0862638
4656,135008835.15708193
4657,65655547.751621425
4658,79756755.42537543
4659,67202162.4175908
4661,120062408.52331448
4662,75244487.64290108
4664,67516632.84339431
4666,192385235.3522749
4667,22222843.161305614
4668,72022488.32965775
4670,83760274.48385271
4671,92395941.89578173
4672,55871038.211688355
4673,183855930.2427376
4674,114973754.04256818
4675,102250221.59471259
4676,52882584.775821455
4677,82855987.79048672
4678,148389485.35552263
4679,48402523.73532447
4680,69150861.30629924
4681,74061731.1110102
4682,220291151.83074832
4683,76783403.47306024
4684,169704375.9437609
4685,74674409.18307868
4686,58778894.77787949
4687,146116788.50303528
4688,67461964.21103589
4690,109645369.52282462
4692,56335329.757210955
4693,158014733.62955195
4694,52313331.854167536
4696,173120538.35094965
4698,74958818.58246358
4700,71982071.59329058
4701,47782072.880577914
4702,75921190.46001941
4703,141684309.89413255
4704,214317746.00283703
4706,99480987.6928961
4707,234339070.88592014
4708,93415928.51731147
4709,123502291.17349696
4710,83635707.61561453
4712,97811008.90534697
4713,51199416.45925345
4714,158165040.94295287
4716,228019787.8931633
4717,75520946.68849781
4718,134246121.23240018
4719,84862769.01199697
4720,89262513.7887404
4721,85074862.9954913
4722,67224839.89371118
4723,162158523.9240443
4724,79075551.36864668
4725,74957699.1347546
4726,322796676.4121744
4727,70265605.97978689
4729,104203887.42202444
4730,72463121.08935459
4732,147992615.51033196
4734,83872298.057154
4735,74337894.48483922
4736,46865184.22509228
4738,48891536.39546076
4739,85308042.6585598
4740,120310298.5873559
4741,54887284.720609225
4742,53232051.0699693
4743,226406991.39902502
4744,112767610.64781442
4745,87361179.5050898
4746,40189997.97528528
4747,68484062.70758757
4748,77890067.24914296
4749,76903069.9498422
4750,77065133.36363512
4752,109492377.32813112
4753,151964612.3536181
4755,78828896.29743606
4756,106938683.58637622
4757,57895658.879334904
4758,154719742.99396268
4760,37533356.79372196
4762,75326680.3994435
4763,67093597.20359735
4764,119901351.73066515
4765,188347970.1772411
4767,104236331.95407832
4768,48620237.097998224
4769,171663444.79459628
4770,64929069.82267643
4771,58016587.56907037
4772,80871441.30882667
4773,53095481.32631312
4774,322677211.0188816
4776,102185402.00798155
4777,79133797.45584646
4778,67271801.84996454
4779,135774150.70904317
4780,88503111.81614201
4781,112748325.48468362
4782,60933760.81902758
4783,112326809.24493274
4784,86791965.61771014
4785,46351585.620922185
4786,45618067.426851965
4787,138729414.4083487
4788,109975458.83823195
4789,155439716.09089664
4790,60695355.141851164
4791,69507739.7689935
4792,37090481.39304062
4793,189205499.22681636
4794,177833560.18293005
4795,59530079.38411007
4796,76556770.75148714
4797,69115954.1630907
4798,149878565.41219386
4799,70665699.35100783
4801,88687128.39620475
4802,82575787.11394095
4803,147887041.28742263
4804,39934433.98668213
4805,113942356.29868838
4806,72134356.84679903
4807,192475419.75836146
4808,94036393.23569442
4809,173364716.11470103
4812,89760046.81669044
4813,78574371.29301499
4814,67411234.61620173
4816,125197164.11253019
4817,51139581.97508533
4819,86421026.36356825
4820,132682164.40005918
4821,112223505.17069077
4822,78156138.74813707
4823,69664593.38018252
4824,185223376.4387086
4826,56356742.17284487
4827,83109382.41084112
4828,197780153.92312843
4829,134188280.97547105
4830,69390022.52278513
4831,49461765.48238482
4832,71472038.36891325
4834,262109736.13101122
4835,321118704.7081214
4836,136287295.67075935
4837,92686940.84364283
4838,147174774.66658884
4839,197864621.3033169
4840,61050809.22837417
4841,154122387.28763202
4842,135356999.9989131
4843,182978073.66565198
4844,70434961.1000533
4846,59480837.62649175
4847,150121290.28125823
4848,68195391.27394131
4849,138926359.47328663
4850,111746355.11646342
4851,59564475.93560995
4853,94970455.4468906
4854,172299754.5812919
4855,67648412.55803052
4856,90425206.99095112
4857,73544299.98824361
4858,53971616.49867426
4859,90634829.34313367
4860,86622509.85841109
4861,57182485.99052264
4863,68238048.35748705
4864,81890039.79386309
4865,50572251.58854661
4866,64128161.08458081
4868,59766902.54060078
4869,133101144.36530158
4870,115415392.03541131
4871,70510905.11623025
4872,125015022.80796848
4873,141569903.36666167
4874,110977027.90543097
4875,147211054.23758718
4876,95686562.32345581
4877,102668470.45181319
4878,71358818.23048908
4879,102808227.03544971
4880,93128315.8517466
4883,55630538.91000344
4884,132528913.74853234
4885,133635862.11102757
4886,49485252.294910215
4888,48681714.63316991
4889,176604807.04807347
4890,165205661.87809289
4891,126846212.41266015
4892,89966052.76714626
4893,83512971.89787734
4894,79971364.1300239
4895,136879513.7466839
4896,51050819.58008454
4897,104071539.98915395
4898,76398627.45722662
4899,51279699.206366636
4901,147391696.71729445
4902,106629074.91827695
4903,363951612.8016652
4904,58025724.3376243
4906,117230712.97348903
4908,68450104.8295724
4909,117950017.24658924
4910,46147126.256243244
4911,108934855.62734613
4912,93519900.80979307
4914,99677618.25658374
4915,67931625.05531852
4916,69670731.52836144
4917,123109953.47538954
4918,168832078.37016645
4920,82436239.67481601
4921,118805887.7624459
4922,71178801.16036922
4923,114138225.61482093
4924,85037321.24580926
4925,95340605.22826292
4926,66279018.94964651
4927,73815731.79397616
4928,353360832.5140788
4929,118257815.85436368
4931,22594257.59463599
4932,69922165.04248467
4933,45189751.02255309
4934,120185367.74880736
4935,113527200.32086855
4936,52460987.686794125
4938,58004748.279292084
4939,95631715.51244886
4940,119242237.79243228
4942,159286808.7245852
4943,178809720.6131888
4944,79878139.0912148
4946,53891975.73196598
4947,62148590.1052426
4948,59608366.380036004
4952,165575772.63327742
4954,90310006.81450453
4955,90816463.85291182
4956,93847110.64606346
4957,115812267.05015856
4958,83031885.73959988
4959,123464623.62645067
4961,84893225.2998144
4962,114535705.355341
4963,58331818.02286259
4964,51015160.01443451
4965,98037881.91003111
4966,141288954.4870846
4967,111270612.81244798
4968,159713904.6804976
4969,74675571.63485636
4970,69618277.36747006
4971,74994891.11690114
4973,114964797.0403473
4974,67255584.67649941
4975,49616577.07472428
4977,263819425.2018518
4978,131917633.6284533
4981,90949554.13053298
4982,65141816.7040538
4983,44487399.434223704
4984,77832969.5056714
4985,90315878.40365651
4986,91217867.41708635
4987,56974124.603645466
4988,97347378.74863835
4990,67404124.95959122
4991,67399762.23504473
4994,52409106.35623904
4995,109676964.79449017
4997,127264964.93686296
4998,81655595.57226229
4999,64247315.321389966
5000,192981275.3897312
5001,79766348.27541266
5002,69709726.27491142
5003,316084693.0830504
5004,71099679.697171
5007,58517561.95165596
5008,82780018.28143185
5009,66378080.768174864
5010,119010149.10176979
5011,49558353.83529271
5012,55707229.144887075
5013,48069504.92187577
5014,151390248.37652716
5015,149849619.66716692
5016,150281810.76904264
5018,96370112.61074008
5020,55721253.460135035
5021,88934782.38714413
5022,54686146.27836855
5023,61915404.74780748
5024,101761205.380057
5025,34750595.909798004
5026,152490952.9045684
5027,66657094.252328694
5028,88341227.8410698
5029,45692760.83556468
5032,119252108.70933646
5033,136203170.74064237
5034,63299055.82380141
5035,53358386.88023881
5036,97057357.77515589
5037,138200807.7982826
5039,151790462.74102974
5040,56945262.02289766
5041,81998882.85525344
5042,86300144.90784867
5043,185874166.80749178
5044,99198171.25393046
5045,54071928.582334235
5046,69025227.20239578
5047,155576101.2108045
5048,133682910.7458275
5049,50586075.05813632
5050,84313998.59977338
5051,75606469.28916498
5054,76001304.75452496
5055,81531346.77714267
5056,59228763.604542084
5057,59249363.96691464
5058,82507122.79628563
5059,143384039.19435436
5060,125153657.39568032
5061,89153416.79113169
5062,155720024.75501227
5063,63997974.33683845
5064,59793787.824378096
5065,102167037.78929056
5066,180584451.95607984
5067,130829295.89729945
5068,120135548.14488104
5069,90125956.62481429
5070,160183351.6427928
5071,49049024.076379895
5072,105590959.18710732
5073,35415797.944815025
5075,86201178.21378031
5076,218267956.2777668
5077,128213056.81139033
5078,106617898.3336077
5079,121365611.45651266
5081,94413961.5267966
5082,91138347.14079465
5083,210124481.38991573
5084,61862268.362019435
5085,64827272.27188184
5086,63921571.58672912
5087,148545263.39489844
5088,73231705.80901563
5089,303145085.30515796
5090,62713584.24484769
5091,110397732.92136753
5093,74586646.62481588
5094,118307157.1269438
5095,77320923.59438786
5096,116435949.82208814
5097,216947769.87199387
5098,173289159.47310993
5099,53836604.748521715
5100,256027034.904188
5101,51501037.797420636
5102,85950621.14314872
5103,50013040.82664635
5104,90695140.65954451
5105,42394726.64008348
5106,124136468.01095472
5107,93088553.33834371
5108,66994280.580990076
5109,103796550.88583915
5110,100550020.92296259
5111,107540655.32665464
5112,107447033.56925003
5113,78200386.76496567
5115,338090874.29038024
5116,104514983.20633057
5117,233582925.86756945
5118,96284366.3143854
5119,66446973.713483796
5120,139840887.56282976
5121,105523235.80821306
5122,133348225.38037202
5123,63036489.958291166
5124,84283026.25475535
5125,59224727.06160721
5126,68527999.27378394
5127,161600065.96424875
5128,65761297.83599534
5129,72536779.53683744
5130,44014110.751835234
5131,42989446.04002697
5132,110384910.34652866
5133,111208405.6838485
5134,82989330.50301808
5135,235452612.35661694
5137,51314208.224330924
5138,40810242.033935875
5139,106434761.87888514
5140,104750704.20588721
5141,155363764.86096734
5142,89177688.13519575
5143,65970511.719859995
5144,64662171.195950404
5146,76524174.50396676
5147,66378273.12822272
5148,41426008.73045573
5149,107730343.17680141
5150,67207172.5196747
5151,129941360.90321964
5153,58365226.62441192
5154,89795645.25820597
5155,95728510.81257547
5156,90918898.56552175
5157,109157669.06259516
5158,55662127.402801014
5159,51378868.55141781
5160,69965582.73539762
5161,116943362.54674716
5162,171255642.7773278
5163,123640365.4888804
5164,223041445.5972074
5166,65318892.36935294
5167,103664745.10684572
5168,99839118.8079638
5169,157084653.62468252
5170,95632716.35720134
5171,132786888.42156401
5172,92629186.97040673
5173,166659035.6922169
5175,85775413.25137827
5176,73115130.54646197
5177,390504090.55045563
5178,142271346.38801205
5179,137724857.53552908
5180,145826243.78207666
5181,129616259.20053479
5182,158952332.65832373
5183,57870947.118188
5184,98383836.24350184
5185,50437847.8191181
5186,79930222.73695065
5187,60637992.347699516
5188,186275587.19883335
5189,52731302.16464719
5190,52696396.3093435
5191,157533637.12906307
5192,101694875.89021926
5193,177514041.5089347
5194,81592734.54378568
5195,90697188.371643
5197,101382288.01940908
5198,373894914.5265136
5199,49798911.668693915
5200,61829292.964862235
5201,63260789.68022199
5202,70763859.89462657
5203,74525670.85086186
5204,77423567.22533584
5205,98959575.46574104
5208,61884152.34270744
5209,77330291.54243797
5210,104440238.10059842
5211,64991910.53333898
5212,193422619.6937834
5213,293944964.0552758
5214,49058210.63596037
5216,306965547.2994477
5219,53752916.52703157
5220,113722749.03448856
5223,82440284.5799102
5224,218082340.4298823
5225,69004888.98817927
5226,177332692.18728378
5227,108487488.09833291
5228,127544639.60305828
5229,77552876.84986433
5230,57738675.607329085
5231,119896598.25881158
5232,51595569.607705705
5233,186458835.2878454
5235,52336861.97551194
5236,267701767.44384742
5237,78322423.46689647
5238,57564248.2402496
5239,75691611.43023674
5241,98628503.04749817
5244,98677328.10074076
5245,69966014.71203285
5247,94221079.18439446
5248,80576940.50047044
5249,126738974.54913515
5250,77644264.28757083
5252,75082160.36992176
5253,87555453.9251304
5254,211696250.57745332
5255,94777794.65275787
5256,70438055.23503229
5257,63370628.81843052
5259,163755266.51844215
5260,123802184.34742409
5261,77621532.16990733
5262,73006673.22201003
5263,41400247.02855804
5264,172690116.9658573
5265,118632274.20975335
5266,63888104.633212835
5267,80446328.69744857
5268,74135896.09919702
5270,84116137.84280096
5271,131547827.76237835
5272,95585083.98416728
5273,129269637.1695328
5275,90600486.89052902
5276,128362964.50829001
5278,105486894.08180141
5279,165888711.71704865
5280,66626626.8563154
5281,146442078.98498714
5282,225141052.94337043
5283,52909248.938429154
5284,49725586.56568111
5285,58056213.99262943
5286,96913715.29286896
5287,148261436.7323067
5288,68355500.59319304
5289,96997741.79184934
5290,111392866.52096187
5291,51588663.82053278
5292,199553906.45462096
5293,100748517.14068648
5294,69583090.96034463
5295,64817697.60144988
5296,74668648.8020432
5297,145274516.09824282
5298,61884889.19782934
5299,102876503.04838085
5300,121828947.99865745
5301,60641445.67873147
5302,104967137.06874424
5303,51999668.42964175
5304,41483869.37026036
5305,148757890.1740807
5306,156310840.11262703
5307,45520934.41935265
5308,94480868.53846207
5309,77722152.96273127
5311,82455452.05233274
5312,99295742.52566099
5314,149441209.37097275
5315,79018019.50794917
5316,108744580.02458061
5317,204924406.65924403
5318,116836091.91248897
5319,74708175.11282279
5320,42997149.211513534
5321,70319857.16630892
5322,27024152.924710523
5323,56407436.11352953
5324,59812442.77575746
5325,86590774.46784951
5326,86245080.90116403
5327,184330989.33359343
5328,77847908.52033539
5329,110749425.5272271
5330,195476824.91452917
5331,203373105.53640094
5333,77337239.59867847
5334,227553618.05055863
5335,236043077.67669836
5336,96118786.63297728
5337,91152751.6363549
5338,83126874.9040658
5339,67374095.97883196
5340,86183873.43568207
5341,48795313.46783094
5342,70125403.00516365
5343,167981346.88886836
5344,325416265.08454114
5346,187510793.74929765
5347,155414235.92691243
5348,105079832.5931301
5349,148306873.29568437
5351,113945951.02886896
5353,70297523.45596235
5354,58319060.34700826
5355,330075193.2872678
5356,81020327.33315025
5357,80711214.2541672
5358,75693544.31126311
5359,136180110.75200102
5360,143396861.0600283
5361,83558880.66868028
5363,97981118.35152684
5364,94702066.68643814
5365,142049440.85175326
5366,99803098.31051046
5367,47066934.30865935
5368,84277670.73912217
5369,123729193.10326871
5370,66682405.757012464
5371,109716061.08585022
5372,228739065.7331731
5373,61436913.579270296
5375,102348322.07177219
5376,61544211.47919162
5377,47945260.28029876
5378,77659361.31059319
5379,123322352.99849051
5380,51177873.49568745
5381,52635634.083962135
5382,30566644.503202137
5383,63143709.41474905
5384,94597101.42582002
5385,185052059.95536086
5386,72581672.8762488
5387,345067561.7490902
5388,145956067.20321277
5389,179914195.4677157
5390,145831173.63655293
5392,75539119.14471878
5393,102388319.4340906
5394,83348487.21157989
5396,124878232.66561422
5397,88603033.87908608
5398,98365059.69859691
5399,134661739.3055417
5400,130271818.11703782
5401,214679110.67072988
5402,225822330.81772473
5403,114061369.84574027
5404,107371396.35036835
5405,89818670.89603502
5406,95680890.85887392
5407,143133633.97793534
5408,57148996.48345436
5409,125673698.31704974
5411,160522740.3192321
5412,86927993.96618156
5413,60891098.84995264
5414,92459555.85100251
5415,76831698.83973612
5416,98655189.38351922
5417,42001000.01796503
5418,92570453.88885567
5419,46953341.9774812
5420,116104367.90560262
5422,115774750.11370198
5423,153870534.39265624
5424,62835972.05106756
5425,283547023.90374225
5426,103815336.29286781
5427,117984086.12126796
5428,42689939.04029464
5430,91622737.08087082
5431,114972212.33570956
5432,78098406.8192625
5433,52129798.433375284
5434,88283566.16674961
5435,55863638.26222949
5436,110442877.951084
5437,51121428.64006588
5438,47406657.977228634
5440,97333550.07340887
5442,122432904.03260362
5443,158032347.9897135
5445,61983328.611139625
5447,52546214.21955146
5448,116181954.83076511
5449,142865160.72783968
5450,108786212.29983358
5451,87538221.40978922
5452,155741077.88510847
5453,216122541.25530788
5454,151404529.69126436
5455,60570433.86379186
5456,160320730.94301456
5457,109738478.65621492
5458,112211153.26123425
5459,110823146.10978164
5460,83561060.70693855
5461,76940234.67434472
5462,56897953.7645855
5463,111054866.36010362
5465,100891496.25571243
5466,35333998.887502424
5467,57094201.43887368
5469,77005294.99506718
5470,58673980.57886562
5471,92378518.50112641
5472,84201534.9076896
5473,165362837.80448323
5474,81557505.61065753
5475,125339591.7616871
5476,70520943.49714985
5477,87354268.22077802
5478,105464152.51585068
5479,106823535.60756958
5480,122497647.70266923
5481,141952233.90458873
5482,86817630.80519076
5483,75129541.63884568
5484,48857052.44043784
5485,99690443.80634761
5486,178257738.4041793
5487,153092047.7176611
5488,117150384.09343088
5489,96068971.17758931
5490,137844120.56428924
5491,91265319.17691463
5492,49519713.26171317
5494,103825495.52184924
5495,150367084.94397488
5496,56843134.43108213
5497,64916218.6745738
5498,55713913.640430056
5499,75243781.01830709
5500,69886292.34952837
5501,142620272.97779357
5502,89199134.30465738
5503,131640124.43818426
5504,101665289.1446566
5505,89468728.44862485
5506,73282678.78921631
5509,44856093.57313982
5511,86452225.10927449
5512,59874381.22743534
5514,119304810.32870218
5515,74432604.5785608
5516,101130578.49956876
5518,41488268.699331634
5519,81047998.84992266
5521,59540542.31282919
5522,101701610.48868331
5523,76948160.58910248
5524,120498250.02561362
5525,73269908.45525695
5526,162968912.38215804
5527,60220994.716650605
5528,99552197.54905039
5532,115460407.51242311
5533,95231803.75818618
5534,66701559.844743915
5535,47387243.30861217
5537,111436817.82902992
5538,68574210.9673874
5539,84704500.83329864
5540,60901486.23276727
5541,63181593.06743737
5545,53184863.36703358
5546,85650694.30052005
5547,124890352.63500522
5548,87856071.85407841
5549,176749602.96079114
5550,153599087.84119022
5552,54866495.69068648
5553,113631616.32623425
5554,115682450.3676593
5555,42501013.060521625
5556,74505360.03419732
5557,45006947.65993528
5558,135926379.18429407
5559,145192963.9946777
5560,126434009.27046077
5561,41366660.12335841
5562,147653168.44979838
5563,104161654.21861544
5564,51062694.57063831
5566,147180833.04723153
5567,54524314.49296916
5568,63040641.40844694
5569,71974942.65992598
5570,99410768.33909895
5571,53394100.72214667
5573,45334615.67092656
5574,80007175.21880701
5576,78886435.27564722
5577,68038568.51552391
5578,64629409.568239525
5579,82658232.73869723
5580,73792171.35730597
5581,70784731.50397193
5583,109651660.50215846
5585,64285471.22993123
5586,40946961.372770615
5587,106546575.10565358
5588,61873090.058583446
5589,352011523.120158
5590,58103392.98555413
5591,38212337.80042054
5594,146881607.18025962
5595,136903494.2834713
5596,60415678.7341348
5597,167945704.6265077
5599,70802714.71525443
5600,157097476.19722173
5601,51775962.146861315
5602,51376463.77054222
5603,101001254.1701503
5604,82620140.82323524
5605,59481313.24324575
5606,95014286.84706882
5607,85485064.92787491
5608,102472705.37604266
5609,91036376.07133053
5611,96343482.7025289
5612,98822811.92912559
5614,214710484.77146232
5615,53887672.097606964
5616,91775954.68894981
5617,68221079.76488389
5618,62653338.01154516
5619,85865075.73982774
5620,94223839.41942897
5621,82478191.44856451
5622,96652966.98021387
5624,127992741.40442266
5625,90813620.5343446
5626,144184558.91339844
5627,68858317.71582165
5628,117520728.36269146
5629,81913570.31511088
5631,51337362.70270156
5632,54217423.561976716
5633,87893173.32388878
5635,143039348.53777647
5636,61894746.17551664
5637,137480594.55947375
5638,219123235.5273382
5639,166141641.4222177
5640,49274641.23048932
5641,151284702.9295781
5642,56554036.43278355
5643,37818637.90084396
5646,102921227.39583229
5647,355999188.1821985
5648,194741907.9506424
5649,123705394.02331786
5650,108258129.94149904
5652,70926852.9707847
5653,212134464.01876917
5654,48507662.81644892
5655,106815219.01486489
5656,74719307.50944687
5657,73538264.4522515
5658,59475830.02312121
5660,54614699.51831551
5661,359710321.9054239
5662,101375450.23825467
5663,73588795.95453544
5664,62869916.09576258
5667,98070826.19518393
5668,289906018.7021254
5669,291119006.6103395
5670,108203118.06003574
5671,58263782.20176736
5677,77422566.45709567
5679,50622299.71226623
5681,65754806.98419765
5682,227023664.83353803
5683,45899997.62422119
5684,60582936.47646037
5685,212600501.50732106
5686,188037502.71820372
5687,61496721.39363464
5689,95166577.10914712
5690,120991282.02716623
5691,93994605.85904291
5692,61700034.77452991
5693,73732084.84784089
5695,167040479.90279624
5696,103152442.25068615
5697,54021018.93883632
5698,136315202.39001647
5699,56393837.43370193
5700,108869704.29448423
5701,114457698.54275158
5702,100115897.44275215
5703,250714631.3851177
5704,88218078.33271998
5705,125921929.48353042
5706,103972773.49132401
5707,42866988.727332
5708,104325455.86464314
5710,54700962.14835299
5711,114681970.30966868
5712,110749776.2536331
5713,90764474.53390197
5714,86843555.29530582
5716,66865745.55122352
5717,47942174.43601666
5718,94431356.87002528
5719,82058502.60605583
5720,67107591.06113465
5721,95947372.18450668
5722,55690278.17154232
5723,100705849.54964077
5724,84197042.83882873
5725,92870804.60950331
5726,99551545.19685717
5727,129515542.66808325
5728,115408871.63969289
5730,100776735.31739105
5731,88732333.83294933
5732,174832627.69962862
5733,104877105.60496677
5734,128281412.99891093
5735,117172236.59366094
5737,97467502.29243293
5738,191815828.3110788
5739,116045960.4091158
5741,57818592.93501816
5742,348765692.6244123
5743,98775315.71257387
5744,54321621.71724952
5745,65591525.03135727
5746,135226257.9480769
5748,269466601.6890791
5749,70056684.82492937
5750,77679421.14808209
5751,101430417.2291494
5752,171479468.20687288
5753,80955382.6680028
5754,103819128.07749188
5756,362978400.7597906
5757,196765008.55788484
5758,52394060.64579789
5759,92722949.45643075
5760,95612197.63212836
5761,50812553.203568175
5762,40914133.17421469
5763,64916135.91313994
5765,58059266.41474767
5766,98336988.1408561
5767,129667621.00269347
5768,73123906.76868959
5769,62296054.84445696
5771,65478154.74319767
5772,85902774.03042774
5773,77092396.18901207
5774,94990434.59026013
5775,127938190.36748748
5776,78193794.76974118
5777,79984964.06223755
5778,103174954.83907622
5779,184332267.58235458
5780,49091741.08871797
5781,48989272.24821908
5782,51286556.64994339
5783,175394623.0236976
5784,106539817.41769485
5785,66078110.24286863
5786,53266105.639809884
5788,77974976.95084518
5789,64301636.31655421
5790,130067092.85467303
5792,82309230.60983698
5793,85712841.44860652
5794,53470008.02897613
5795,131615568.0687718
5796,93472154.6467547
5797,84806612.08310252
5798,108705238.65257074
5799,109354817.00843957
5800,102971818.03223114
5801,56988343.69181168
5802,97557576.24453342
5804,121932511.02746691
5805,101074871.40461634
5806,102555085.92157817
5807,116875644.15249573
5808,67073380.07100571
5809,89990984.0282821
5810,84316582.69831991
5811,44774700.91288457
5812,172344677.285318
5813,76515580.24264137
5814,149118667.31842893
5815,91177739.80128245
5816,85139122.31766042
5817,287128679.29877335
5818,73812770.13071783
5819,68088752.05040456
5822,70660238.04127213
5824,254823102.46006456
5826,67091624.55117555
5827,122115070.13664284
5828,52154371.32087715
5829,97955133.92596807
5830,54490510.52947772
5831,93537903.47379047
5832,94844866.2877803
5833,292206708.56569195
5834,108390237.5922385
5835,70849159.41392443
5836,63106729.50844495
5837,77093489.64658253
5838,350001341.32398176
5840,38936421.89107442
5841,133970962.19522522
5842,88418767.36843628
5843,55581749.9077854
5844,47883459.73059189
5845,268333987.8880387
5846,69303124.79754631
5847,62234936.12455544
5848,114250061.60172328
5849,114542695.75124988
5850,251863819.37685302
5851,91425259.24427995
5852,59758690.23619744
5853,85602940.77690934
5854,185997743.1484731
5855,108076996.0960078
5856,88873147.41510046
5857,140055441.104605
5858,85493223.54611449
5859,72388922.63893183
5860,49980678.77624479
5861,54954613.1396546
5862,78102950.72315834
5863,65908116.9318068
5864,100137309.89921078
5865,64963620.016914226
5866,89676489.21170536
5867,86436476.88703018
5868,59473986.25648222
5869,60727879.29463549
5870,51297116.69582859
5871,88197814.43635574
5872,135954285.74320242
5873,121407913.93849955
5874,64382168.69797062
5876,190378469.21455318
5877,56647053.701415315
5878,65109870.234975114
5880,362846617.9321714
5881,76581528.72412226
5882,73829894.62719634
5883,100844179.08372581
5884,441726679.6813396
5885,68631871.87491064
5886,109505033.40283054
5887,31500433.1367026
5889,111291800.59369592
5890,57515276.07565269
5892,70381670.35074058
5893,142006046.2580673
5894,64629620.76284361
5897,146576382.95812082
5898,113658141.23117317
5900,130500192.12280723
5901,138595713.63438338
5902,164499163.1423966
5904,100434690.3291033
5905,125814241.28980444
5906,199051657.22138634
5907,69418409.0398801
5910,44806161.891240165
5911,186413827.6401454
5912,51424416.747809395
5913,83587376.08150265
5914,88194910.942731
5915,121914974.94874905
5916,210236403.6132086
5917,94272829.85688154
5918,62867783.011556566
5919,287199022.27144665
5920,77589431.33521463
5921,63311831.08976403
5923,112238250.84361632
5924,110710621.46696375
5925,87151791.00439642
5926,213396706.2624467
5927,87942946.84375961
5929,109481180.82340576
5930,227903419.73131534
5931,95755879.15954757
5932,90972645.45888808
5934,73565789.3593814
5935,86018189.32104477
5936,223383450.55033466
5937,86905964.5552299
5938,62592068.760859296
5939,259670182.93679684
5940,119631267.29756714
5941,70310427.7492759
5942,128640797.64481424
5943,105835767.14026599
5944,103729071.01471338
5945,65048941.26975624
5946,75858744.59254247
5947,65900359.83740642
5948,71990950.31447546
5949,182850359.35819408
5950,106584561.24054284
5951,52010184.19877604
5953,66267522.86068489
5956,95838933.83319308
5957,86002752.122084
5958,229502566.05948865
5959,115680034.50097483
5960,38738401.188799456
5961,107971921.13313784
5962,55132811.911486596
5963,99738462.83468194
5964,283803606.6314527
5965,49160287.65299836
5966,68135200.29463165
5967,130601700.84797978
5968,103024084.2169964
5969,83417038.15038674
5970,76991130.28416772
5971,79378076.13076676
5972,85924397.91919653
5973,69852470.7921068
5974,103961732.22389726
5975,126185553.7442544
5976,129485093.43506652
5977,171092762.60890687
5978,96331171.26551731
5979,58697430.16664456
5980,146255690.54367346
5981,119623986.3455611
5982,140711849.0943838
5983,81485763.36018865
5985,256009349.71371138
5986,140734629.52307463
5987,155816864.3415942
5988,129940481.94551013
5989,176652736.79694378
5990,60507668.3152698
5991,37929915.725225195
5992,102898440.86347362
5993,89866582.73107168
5994,114777835.72701621
5995,55038897.827837974
5996,155965714.9335906
5997,196680621.35544562
5999,96314539.23699102
6000,132094222.76656727
6001,101299303.27819405
6002,106181042.00543925
6003,65223752.895612784
6005,83398126.97939454
6006,88881366.92149703
6007,72110831.84556215
6008,77844649.33208102
6009,229177636.85303855
6010,76790560.00946565
6011,54136132.07876061
6012,188918777.54143816
6013,119043353.33668558
6014,84383101.70206855
6015,67174525.28092258
6016,148000234.67594197
6019,58942616.43317266
6020,180799159.5796122
6021,118070426.41656598
6022,48830943.493181534
6023,95350432.23282863
6024,66790172.300133534
6026,81203295.43382515
6027,202871159.037957
6028,336992560.93957925
6029,64152873.86918219
6030,213517698.2306204
6031,90816615.79480317
6033,45455304.96229528
6034,84571847.04339124
6035,117111748.61927003
6036,73347476.51346856
6037,105350502.32482105
6038,92935443.28167742
6039,118119271.94282052
6040,83445539.07411475
6041,69850321.16650456
6042,85538352.62087074
6043,92719940.86724305
6044,76316794.42618783
6045,114440863.84516543
6048,86728495.177245
6049,91893314.61069341
6050,58104027.95538448
6051,54281141.919498205
6052,216900746.01528004
6053,82609075.10909283
6054,167653544.17713878
6055,153931556.19773427
6056,195362944.0074399
6057,91459711.07754728
6058,68735683.19758594
6059,124817913.1243305
6061,64974256.658987984
6062,162021104.81260756
6063,131163330.73311944
6064,93740062.75501825
6066,65227063.001743995
6068,236129262.36486295
6069,54003272.73801169
6070,94689067.0711992
6071,62979438.23438654
6073,24971689.692744277
6074,83558769.21773176
6075,114864826.42004007
6076,71846997.50181252
6077,38670409.989665724
6078,132160020.34106265
6079,71146679.55557686
6080,42448644.68151471
6081,121287776.93157612
6082,108125231.12555388
6083,64045541.155788526
6084,73621085.51510039
6086,76416798.24817023
6087,123940110.81749752
6088,61997247.692936644
6089,162157534.86488962
6090,289070821.2304271
6091,64815304.09788052
6092,109464179.67950131
6094,138494243.6361413
6096,50873886.60096601
6097,74810770.12640853
6098,59875919.24013717
6099,81312831.27660711
6100,136935345.44604832
6101,117685178.43667799
6102,162807664.91794962
6103,80254426.35507192
6104,250640692.63200682
6105,68672870.83218846
6106,48255342.1693229
6107,335708427.1253319
6108,94160497.19078773
6109,133711399.74403308
6110,61613598.463893525
6111,66072720.38050495
6112,81489145.88578679
6113,92819629.29523629
6114,117867034.08010769
6115,82853588.59347805
6116,54975503.80410321
6117,93071171.54506172
6118,36113324.34945824
6119,102448234.26308578
6120,69057623.56397866
6121,93122673.17674845
6122,30384418.599855904
6123,92260508.59567338
6124,91864626.70434855
6126,119474063.19212218
6127,180424854.8024664
6128,72803364.63270323
6129,85917780.14786918
6131,48097071.64408668
6133,116641713.82424475
6135,75535736.4026361
6136,143935814.4983787
6137,64147329.91447143
6138,95264282.9145577
6140,70806036.07067865
6141,82762664.5236065
6142,164257395.77152154
6143,40710932.38025272
6144,116310656.73615201
6145,55239423.085155696
6146,188072253.32463998
6147,84942407.20442039
6148,141413154.24662387
6149,42661800.78885046
6150,69346116.8421033
6151,46466005.07605892
6152,142701312.55724517
6154,63917509.665949225
6155,55152414.51740425
6156,296596439.8095685
6157,184750999.32865143
6159,63380499.11920717
6161,59484511.60554963
6163,69314671.37617467
6164,109875969.61659415
6165,92971648.45114003
6166,80846056.55045043
6167,77650862.95767656
6168,182667106.48387298
6169,78497233.48302668
6170,86268717.62794057
6171,103289080.41415782
6172,81052076.54331233
6173,163901666.97426134
6174,43553478.25683033
6175,80372544.51197472
6177,321903156.3655545
6179,47633142.663286924
6180,64355111.36521791
6181,72628520.08116636
6182,133487686.77944829
6183,113109092.94235082
6184,76160840.29566307
6185,126375052.32367995
6186,115850523.66586803
6187,67837595.48027964
6188,237475201.56564197
6189,91609051.84502245
6190,65985364.36127775
6192,83541014.37803826
6193,85396372.19102134
6194,70073844.89413297
6195,62131619.04937719
6196,108629310.18241052
6197,200387742.02458835
6198,84989496.5061715
6199,72462309.99917814
6200,97770908.63280267
6203,113025415.11302623
6204,83385937.85393454
6205,131044546.26273909
6206,185525577.3703337
6207,73666924.81440064
6208,68612918.46043016
6209,56387394.83730925
6210,82754375.63761105
6211,108163014.30578713
6212,83999791.98034275
6213,53249866.23830121
6215,101315992.33756913
6216,113842133.51850793
6218,65544997.81812792
6219,86230769.68202037
6220,123569499.62400736
6221,57620523.5366897
6222,162920946.3245178
6223,246093524.36771125
6224,90484233.89784445
6225,184188150.84757164
6226,231826537.9138256
6227,92666867.69238906
6228,124506349.1084407
6229,53869596.20571331
6230,95435921.45275386
6231,43755843.92739004
6232,71079483.02662869
6233,79177748.77413416
6234,87547303.09727696
6235,140480477.91305196
6236,115242199.78174326
6237,54342739.91041373
6238,159910754.26558658
6239,86771164.31441438
6240,80512454.65480565
6241,70281224.20991512
6242,224472737.77685702
6243,43868090.70176618
6244,83104516.3593538
6245,125004307.10730287
6246,88918633.48987396
6247,72438876.65454695
6248,95904776.98659354
6249,103950315.9183595
6250,47432624.82576986
6251,92495965.54977141
6252,116658865.85558036
6253,208699138.8773173
6254,102752190.00744033
6255,84219437.9724328
6256,166841958.83325234
6257,314663037.99442714
6258,122219502.73889218
6259,136347339.97379997
6260,66704576.07012828
6261,43625478.93612467
6262,116991002.72378537
6263,60557275.14676075
6264,80034474.83410646
6265,113215793.48971298
6266,186588488.61117193
6267,44724104.49619504
6268,318500532.2622292
6269,59059067.77106491
6270,87866839.63528627
6271,64252026.61730318
6272,48065913.65725215
6273,116536508.18221317
6275,70267601.68319196
6276,57599968.94088449
6277,136382733.23135015
6278,63657841.152995445
6279,158345892.6310795
6280,55827806.059198596
6281,65516984.54224833
6282,216189104.5450746
6283,89948905.07944472
6284,55748245.011792704
6285,84979272.2240471
6286,72650224.86381926
6290,178380361.6692815
6291,84097148.6904687
6292,172027887.08386022
6293,74323025.94376066
6294,57094428.6325729
6295,99028199.01256533
6296,57940786.23618948
6297,151466817.6771346
6300,117180922.81400532
6301,75186913.15758143
6302,90656998.92083074
6303,52712099.64324936
6304,90390326.99442236
6305,46444974.07607911
6306,348778868.8196884
6307,114717738.92266595
6308,108038114.21409008
6310,82833384.94332485
6312,104216418.86587156
6313,51298540.3354261
6314,45976592.33000392
6315,80010111.45982894
6316,78243677.57388735
6318,60816867.954716004
6319,67385931.96393166
6320,191420258.40230215
6321,61003588.91362316
6323,44324617.47034521
6324,72781764.50831066
6325,76824312.12717757
6326,84196674.23298416
6327,52107627.74814427
6328,79076880.27193677
6329,77946820.24041213
6330,99502593.99083652
6331,161088467.44884557
6333,90943765.07882522
6334,182123936.86366278
6335,70029397.9259506
6336,62680030.27619499
6337,72907615.26858269
6338,81284207.82860044
6339,61293581.45162034
6340,116091957.10535482
6341,60101889.27352226
6342,55792417.577268824
6343,123780755.83886266
6344,147668607.90135697
6345,58475532.42498965
6346,38784936.60851801
6347,62042726.484948575
6349,76241497.20371972
6350,216186381.5831881
6351,104504325.7472949
6352,52348040.10530567
6353,66255815.44009717
6354,161855911.4979417
6356,109167938.21627653
6359,69747915.71949598
6361,169493975.38803065
6362,108967384.80958991
6363,90751181.96802343
6364,64636841.10972982
6365,64567390.35407289
6366,67449516.44637825
6367,96994695.93284315
6368,92637988.62763686
6369,102190686.66693564
6370,164698116.17534333
6372,67430429.46542001
6373,43956511.39189964
6374,58629863.752984926
6375,56971055.6501816
6376,114645912.50902143
6377,80345794.34445688
6379,118046449.9298126
6380,74638319.80244452
6381,143305975.46174306
6382,77824457.7120682
6383,105833694.6782632
6384,81101918.05738033
6385,39705335.36068146
6386,138513676.90907025
6387,158163315.13058618
6388,98861287.55721529
6389,102314092.90776736
6390,112765796.21320525
6391,47032127.67139854
6392,105893605.10609506
6393,81172502.92372677
6394,158309723.0782907
6395,30387544.8532098
6398,43257951.24959733
6399,95183218.20440733
6402,79543020.2199187
6403,96201550.01252232
6404,98156676.63607758
6405,123122468.80185273
6406,59794263.11773735
6407,50293456.672429115
6408,77830947.57554051
6409,60022547.95675999
6410,73853438.53080134
6411,61695201.07320285
6413,83237881.43183716
6414,234086247.75244623
6415,60617535.00344546
6417,214103808.60960048
6418,64280676.42054873
6419,60462278.61146927
6420,89949653.86883299
6421,317203062.3222672
6422,48634619.33475929
6423,73656407.92004147
6424,73035489.77446103
6425,122957046.15515473
6426,130929635.3180526
6427,110679331.09944002
6428,47393234.24275637
6431,59829134.448229045
6432,37859119.35042421
6433,100126712.16411516
6435,58011961.02046918
6436,88753076.9656983
6437,124621784.38752447
6441,85809451.48302685
6442,84249253.13575058
6443,112295350.77504121
6444,141308493.78755435
6445,79842784.30092902
6446,90173924.01684342
6447,54764529.721525006
6448,111044763.76170516
6449,227471735.78832665
6450,111364301.1826451
6452,81047577.6667201
6453,113637449.13808416
6454,95436876.35337102
6457,38945508.395695396
6458,158219539.09774294
6459,50658294.38337938
6460,44429002.29416168
6461,160294446.42502347
6462,93315287.7001001
6463,145514639.69567543
6465,85450331.92530632
6466,83261503.33954185
6467,60635623.181525834
6468,73720084.81332675
6469,103763800.409426
6470,90583516.84339626
6472,116828805.5304449
6473,87119419.56211533
6475,94316420.55194207
6476,125709201.73985809
6477,49397525.622834705
6478,142603004.7027565
6479,95383675.31714353
6480,140185041.257839
6481,66889211.32656145
6485,84589382.37609677
6486,152840177.45707032
6487,64000695.126259536
6488,230199394.75888598
6489,73958563.49399966
6490,61346276.87092609
6491,127495562.4321328
6493,178776284.48000377
6494,57399945.90817339
6495,54366277.568019785
6496,50804755.15954752
6497,95172160.53243844
6498,40098083.317708544
6499,139200560.6949696
6500,75198286.93792757
6501,82834003.55394061
6502,132404068.19915903
6504,36698622.856168665
6506,64196820.52737026
6507,100450558.93326212
6509,63760862.197338626
6510,81636574.35661048
6512,115353531.4802727
6513,121027853.72551414
6514,113449618.2521439
6515,76514683.76449892
6516,72916148.15773113
6517,65611580.59659999
6518,43907892.098746
6519,255855412.43653142
6521,114268111.79030308
6522,53177842.048159786
6523,69237781.96700479
6524,290734170.0430604
6525,53966535.61231786
6526,56045784.25968724
6527,85718164.43849336
6528,113515644.0833476
6530,74064656.68230045
6531,71401237.07396708
6532,102768787.41497256
6533,28965638.20601479
6534,262866918.0668812
6535,56374169.73489141
6537,59992217.81609533
6538,85233704.4587067
6539,238330100.45413327
6540,71778477.325643
6541,82094248.94644463
6542,104043603.70936762
6543,71387383.96930099
6544,147840390.33483595
6546,78223039.99181032
6547,188583856.7649846
6548,186987209.3270729
6549,72973314.82522652
6550,70011805.98842148
6551,78102424.2702447
6552,238777990.4086817
6553,73456309.35532965
6554,60828794.28570809
6556,73644585.38867591
6557,131384259.03261705
6558,110745726.27162188
6559,162088848.63433546
6560,67685332.98499154
6561,81305680.82183258
6562,55351302.73669596
6564,112580708.82203552
6565,63839569.555629246
6567,87027932.0852621
6568,91797762.45425785
6569,147059890.85947812
6570,105664251.99290387
6571,63889230.531429976
6573,59388793.73162018
6574,109610582.33776811
6575,84333854.5083954
6576,86511727.80537008
6577,120170166.20810467
6578,69662579.79789922
6579,47723753.4364419
6580,80149555.60378747
6581,42733982.36461289
6583,91840980.28556049
6584,107753008.2914523
6585,93857654.80851696
6586,44035986.53007276
6587,61607756.22739502
6588,137207498.65903968
6589,281970185.4477825
6591,119491279.18630977
6592,76028388.86290227
6594,111771043.44091867
6595,52564895.749514915
6596,260793028.10907868
6597,88693769.50761925
6598,152633183.0388057
6599,68392203.38115534
6600,92109455.38602114
6602,84616931.69207072
6603,54044206.64212701
6604,93013253.82754523
6605,178031929.66391855
6606,99449789.58050545
6607,181262505.0455517
6608,82002137.6370597
6609,115667586.53133816
6610,136690669.07699254
6611,41975438.46166675
6614,52979800.277632646
6615,144033427.5626175
6616,113459713.1489676
6617,88384474.03780726
6618,96875557.31317773
6619,90958541.90668495
6620,72064655.40144031
6621,118416372.31566367
6622,97930572.99379608
6623,114658593.20136926
6624,197756007.12214333
6625,94353413.03157201
6626,124191430.65622047
6627,146657894.49413443
6628,100829326.32736798
6629,56189610.093327336
6631,231551728.74226335
6632,120603308.12630478
6636,63124411.289611876
6637,119962467.03874424
6638,99797784.87205978
6639,58871978.735935785
6640,109345276.44435166
6641,114112231.60318837
6642,74953481.40262692
6643,158755100.12801784
6644,70246846.92617966
6645,56991849.575435296
6647,63879199.44572856
6648,80464930.28069176
6649,93690302.49636601
6650,57868957.958801605
6651,47965503.11978748
6652,43658393.187192135
6653,36201502.604022175
6655,79259430.84714603
6656,234166768.04664215
6657,66842652.88384059
6658,108096386.63110608
6659,196357900.46856174
6660,54796101.42410115
6661,53546864.102826
6662,92758012.8949351
6663,101897999.18360406
6664,74069578.73812206
6665,89233789.83023822
6666,128801299.00836933
6667,87945650.61718829
6668,88751227.82403418
6669,96479360.93872738
6670,100787393.53541212
6671,48618537.51337934
6672,52393662.87135748
6673,444239619.7156193
6674,87728973.080338
6677,108846896.70723157
6678,101154463.24958804
6679,49533774.760086104
6680,68554494.42851959
6681,203040463.56950137
6682,125222650.71840054
6683,124574597.22346248
6685,117800057.80132616
6686,188772172.06212586
6687,109500011.21416265
6688,81595718.64453079
6689,69895528.69411594
6690,64958408.0247606
6691,343475087.5320746
6692,95667326.2921177
6693,53583248.99004188
6694,51549159.768031746
6695,204314034.5087135
6696,213579738.68620276
6697,73949313.90598853
6700,93259735.37834914
6701,59191082.77735178
6702,40100977.04014083
6703,118546006.9096067
6704,156786231.12356338
6706,85153047.27520402
6707,71797319.96215078
6708,173538247.78878018
6709,45270969.29801233
6713,172438833.65118024
6714,97043854.93286084
6715,64110109.53001084
6716,50799765.69748678
6717,66384100.73575447
6718,125747792.37356952
6719,154126641.16784692
6720,125372279.1039965
6721,78210273.30919352
6722,55597787.62410151
6723,127993535.65774089
6724,234628162.2269129
6725,70707877.57455675
6726,137071797.91432738
6727,49672207.46058371
6728,74372867.3021318
6729,46501707.172103554
6730,99997051.65442234
6731,232101666.38526988
6732,234288883.84858084
6733,234338899.7241025
6734,50221485.255642734
6735,37952397.73565985
6736,114468479.98161559
6737,184392338.21792808
6738,88571630.48455249
6739,44148665.03860096
6740,76204509.82780927
6742,86143613.56941931
6743,238675102.582829
6744,64763286.70479316
6745,152667766.0894608
6746,169647764.01752135
6747,64857721.091213286
6748,133788229.42387883
6749,63670825.825017214
6750,62551527.738007225
6752,116851092.40464142
6753,115296821.73768128
6754,37031760.17213865
6755,58788099.6508582
6756,49750361.750235185
6757,67071052.39904597
6758,54400424.62231371
6760,85150844.36834207
6761,75467397.47976756
6762,86172303.7083427
6763,58886217.13056071
6765,109695107.748002
6766,131595650.43479468
6768,95053080.25671805
6769,95718493.34827359
6771,80311505.5081259
6772,46903364.147487424
6773,66840590.3849463
6774,170908453.28214747
6775,58944691.1814611
6776,59032845.55411254
6777,58502159.85404024
6778,71056139.62993322
6779,60444289.90890564
6780,61937362.966931164
6781,63062198.48271787
6782,172784216.73147172
6783,155744074.4109044
6784,290884700.58542466
6785,65806993.57134325
6787,129084781.23374149
6788,51002129.60295565
6789,130120354.55841759
6791,147408685.2893237
6792,49591666.51920836
6793,177491702.1561615
6794,181269684.85028583
6795,37008485.377932854
6796,71404928.87667643
6797,201859482.37266666
6798,125470136.60139455
6799,121609404.17459787
6800,324084970.44832766
6801,61696988.94228558
6802,49256225.91415921
6803,85319367.78901927
6804,103949364.51332767
6805,113261612.851888
6806,34343844.77808394
6807,84595672.6137125
6808,136431966.35192376
6809,119937258.54942587
6811,90030450.2267127
6812,117400343.58993925
6813,74167291.65327144
6815,66998267.066772096
6817,259396451.28899342
6818,174800215.16477057
6819,58120731.25105736
6820,164842630.09107637
6821,58613662.88267617
6823,93979391.41721492
6824,96834378.99434717
6825,107614228.38594651
6826,48009015.18634336
6828,115462185.87733029
6830,74856445.29414093
6831,84614372.0635284
6832,68239739.19999118
6833,93988756.25305252
6834,168337052.9554421
6835,107196309.75391918
6837,206683918.6487139
6838,100944625.75206222
6839,136562990.81497827
6840,103016476.17086309
6841,52036731.38942978
6842,99540548.6829483
6843,68448507.39044094
6844,88169604.29698311
6845,67053692.833396636
6846,79690700.77072498
6847,71406633.86040866
6848,64013074.733006544
6850,146719919.03502443
6851,50868296.824007526
6852,112056175.88534111
6853,83734791.52871254
6854,84730491.90715131
6855,31864038.285688125
6856,100114141.20964025
6857,275472502.9272311
6858,107757464.62022455
6859,112385016.46536583
6860,117496578.15823609
6861,95223239.12543024
6862,233783788.39804795
6863,93666722.02695628
6864,85618216.56033835
6865,56978961.99887787
6866,101664790.26702079
6867,127819542.07877076
6869,234864223.1139994
6871,114447729.68364921
6874,146558652.0027509
6875,37421049.71360861
6876,40747478.40582534
6879,93406152.30908243
6880,86217978.8667874
6881,76649265.94709072
6882,96680108.2162971
6883,231788861.97029752
6884,59147258.06248419
6885,101469133.89240445
6886,78854063.14117214
6887,102347806.57657342
6888,72001700.45436247
6889,68952686.77388899
6890,80620199.39026111
6892,119954022.53447385
6893,81064674.68226399
6894,73912025.91358691
6895,87174189.9238398
6896,89814081.40612957
6897,73939970.98104575
6898,75298259.87835886
6900,100559672.49298924
6901,134672461.3284403
6902,67381024.07050294
6903,106695941.96148595
6904,98697441.87570377
6905,201030019.87600198
6906,134953645.67621222
6908,229479048.85596097
6910,51782908.00170654
6911,89909093.30773531
6913,164564029.9643932
6914,54671782.139981225
6915,113642222.62472664
6916,82187844.39544134
6918,85910620.94592294
6919,114013360.68362968
6920,41574961.517400324
6921,58378530.25030614
6924,60028699.658017285
6925,162960272.0368731
6926,34405713.99262237
6927,115918728.39068204
6928,45503529.77468307
6929,73489829.40523724
6930,66473552.4692742
6932,75729373.77722567
6933,190275406.11310184
6934,188403373.782332
6935,157618309.00007775
6936,56098032.156557046
6937,150990848.57937935
6938,87071006.84339148
6939,148180816.69440633
6941,129654593.72970805
6942,107488864.18856587
6944,56300975.22976831
6945,58826727.91124259
6946,50000068.798616305
6948,40428729.35021905
6949,134244895.65305912
6950,61652959.40324236
6951,137236045.00327498
6953,143695016.3791771
6956,93037848.883268
6957,108087309.64948805
6958,104479655.54102811
6959,56250131.19866884
6960,71540260.46506646
6962,86240992.09719276
6963,63097132.983889386
6964,82466644.27439745
6966,63527389.05597217
6967,108553262.28491752
6968,202145559.56572124
6969,109225222.80679297
6970,81092635.56424084
6971,74256602.4404593
6972,75447180.59336336
6973,74781059.44630434
6974,51734291.498428956
6975,192312425.04937866
6976,60416300.315028675
6977,61392550.0892946
6979,110050918.56966695
6980,101198420.70865284
6981,85364742.35044347
6982,56550049.146606654
6983,188162247.55707487
6984,62194396.10997574
6985,72186583.73589106
6986,46394765.87211061
6987,127761338.77536389
6988,56449647.99176566
6989,108410117.04288372
6992,67560240.88190264
6993,74463949.0630849
6995,83736580.52202877
6996,98021446.21179079
6997,77608669.75794284
6998,63098505.02204034
7000,84473154.95661241
7001,126176949.08325893
7003,81179842.21426532
7004,68214866.31882727
7005,103769061.06695642
7006,115012600.85870074
7007,70063057.83439887
7008,64678019.93302656
7009,81391024.80427836
7010,88578330.64676267
7011,75786132.48337461
7012,38717143.494007595
7013,320814347.6819673
7014,44763898.41628271
7015,60274691.31101213
7016,55480688.15401735
7017,52601077.45581123
7018,80090798.36827138
7019,98184799.68218215
7020,107850477.35278371
7021,66466179.172328494
7022,55779630.33486668
7023,125208887.04351103
7024,89848363.53479499
7025,133344553.39437902
7027,93388426.41437049
7028,182210767.89594647
7031,112644048.72254099
7032,76315354.89414555
7033,67254751.63077743
7034,66060896.67894694
7035,78218389.47456533
7038,96470377.11573403
7039,61324185.0559732
7040,42337465.67067613
7041,126317446.31216331
7042,91638721.65042078
7043,102478367.8698134
7044,74860693.2196141
7045,152816319.6552138
7047,133994371.74949664
7048,71867454.58824225
7049,106768933.781911
7050,129943027.467921
7051,94635776.71689264
7052,70091962.81631221
7053,160719820.24801686
7054,89676408.93642291
7055,69308804.18286762
7056,118398164.40254603
7057,85691593.58067566
7058,79916824.52366582
7059,82458026.96250194
7060,69396462.18183437
7061,92607433.32518019
7062,67740551.1143155
7063,51639133.93398098
7065,259635563.14201483
7066,237649353.73895565
7067,181020816.18454325
7068,57126407.36363764
7069,161894435.2990611
7070,50995709.52632618
7071,82727646.13853195
7072,204736145.1470693
7073,177850117.4330279
7074,83488718.45051317
7075,88617509.00071675
7076,124092205.80438031
7077,64111614.352445014
7078,98358323.26973128
7079,69980508.55927718
7080,77748665.84942156
7081,72506039.03622419
7082,91172274.27328439
7083,188510123.88151786
7084,76984963.2727442
7085,136401224.75135395
7088,61144674.3106644
7089,176707740.31095088
7090,127119293.96635993
7091,138290908.04187527
7092,103825521.62814179
7093,48923266.64783872
7094,73276374.4968537
7095,58302623.314339526
7096,65373247.31187346
7097,128565665.7382726
7098,132398527.95703849
7099,113712422.29660513
7100,86367370.99471979
7101,83566695.1491076
7102,100012316.0006203
7103,87993905.34295648
7105,108537230.32731438
7106,67508817.90706229
7107,97310258.89893922
7108,90846167.69416787
7110,65756840.570649035
7111,69175169.97573914
7112,90568918.82813019
7113,113092023.08315079
7114,45517015.788287565
7115,96377398.75981116
7117,75569857.16184327
7118,83625156.8156116
7119,77569153.05269614
7121,104422204.32803498
7122,84031273.61591592
7123,96382908.82933648
7124,138924844.58176333
7125,90336131.09818156
7126,185253433.1611624
7127,89606672.31829676
7128,191642171.5503546
7129,67455972.85061017
7130,66010361.58646498
7131,156819896.06325078
7132,65347641.94989403
7133,79298434.35893908
7134,134205568.69475918
7135,48277231.42228161
7136,115364776.01518871
7137,50974477.71339643
7139,107015625.02422383
7141,56886800.44646218
7142,136315182.67058152
7143,212064236.63654223
7144,88945588.58652034
7145,88119089.92953637
7146,48421959.417614184
7147,67037028.898426995
7148,68231816.98285325
7149,91208057.20556964
7150,60880448.90268924
7151,113100884.71703538
7152,86903125.64126249
7153,91667649.15525122
7154,91078004.50896518
7155,119847899.86273205
7156,108278380.00682883
7158,70652505.75355144
7161,66718517.61696086
7162,62302091.40306332
7163,95975587.23602375
7164,162213047.67227095
7165,72117272.19573341
7166,212023647.78419235
7167,82182190.50991148
7168,41067058.59214623
7169,167367789.46640825
7170,56757380.01449018
7171,203291422.99888444
7172,45899216.246403165
7173,57872697.33568122
7174,108028022.15562436
7175,165096856.64577064
7176,192757503.56633812
7177,48154759.860757835
7178,115114820.29084991
7179,81416536.20720862
7182,86560584.54546468
7184,80899450.72786254
7185,71792597.21550864
7186,38347649.89133331
7187,55476330.720595986
7188,63527291.77680728
7189,56610829.47605476
7191,98894355.34349455
7193,106321100.5080337
7194,86977001.93737814
7195,56785687.655594364
7196,126887337.87880819
7197,47426616.59786896
7199,61276057.57994143
7200,84411022.51948644
7201,49344930.96209724
7202,105643954.68449792
7203,129421819.4068551
7204,72070616.71480194
7205,139163154.91264609
7206,60924801.695673674
7207,91362982.62484379
7208,68016294.26331477
7209,161430260.95089585
7210,98614131.94785036
7211,90916052.52189845
7212,81167344.12775293
7214,99624320.5541149
7215,88412976.16190925
7216,149226919.20218447
7217,172667254.92237005
7219,150463466.64000386
7221,169988820.65926877
7223,82115398.04814152
7224,78390845.51895104
7225,169758700.787003
7226,35819212.15046259
7227,147014715.2210015
7228,49409168.72407353
7229,112901820.10764119
7230,86057855.74113253
7231,68124600.72806154
7232,84431744.54221432
7233,48695397.255865045
7236,91491359.75258031
7238,68689691.01666616
7239,59727692.61693197
7240,78844095.33656378
7242,95558270.80497524
7244,117975776.19282663
7245,56931123.54305056
7247,63660586.172202274
7248,79041823.62321495
7249,77048754.26807965
7250,61932992.477384634
7251,60674950.69493896
7252,69726043.72402705
7253,47835353.224979945
7254,118046082.9074883
7255,83956856.04628527
7256,117374669.16965622
7257,99096596.9050422
7258,193668423.48801306
7260,317821161.3416981
7261,217473391.4117499
7263,121220779.82796489
7264,68334416.76391606
7265,147521571.59095126
7266,165938583.66156894
7267,129730719.36087732
7268,66207640.208397016
7270,118614420.84428163
7271,53355057.632625565
7273,69141232.73241664
7274,93217665.70805433
7275,214364624.41454968
7276,150616355.50887963
7277,131589738.19023533
7278,191920349.54709598
7280,29491705.540312357
7282,106255381.49432942
7284,83396374.27993949
7285,81662758.97499132
7287,137672172.66716775
7288,75730777.0842022
7289,93574361.65381435
7290,87662742.84826067
7291,45601782.67333906
7292,65483100.94359263
7293,60245730.486689046
7294,54962831.29886436
7295,105881509.09903629
7296,89048158.4687805
7297,50715501.80058669
7298,195587112.51175225
7299,174317991.70751452
7300,287795047.1426518
7301,176032971.24316502
7303,77315095.42549671
7304,73369428.25393423
7305,131740575.0829838
7307,198761454.20577362
7309,86926829.31860271
7310,71275685.83101721
7311,108358670.78652364
7312,104439816.93994664
7313,107930449.83266445
7315,62228523.56270661
7316,111336338.07119195
7317,75924672.86229804
7318,86129393.52940468
7319,95045697.63494956
7320,168452859.30609143
7321,76094860.78235213
7322,107679275.00664546
7323,110544666.77476913
7324,69550249.11172129
7325,116142483.21452439
7326,191422504.7163145
7327,67964262.68566772
7328,124670083.14289847
7329,44595564.0459369
7330,88299058.19443372
7331,114854186.7067011
7333,67343201.94272952
7334,49803294.35169107
7335,318871612.62763274
7337,68171045.8942287
7338,54812234.471097015
7339,106270424.13636458
7341,65954960.397395484
7342,88345166.61491913
7343,91473037.88599877
7344,71971496.7780537
7346,199078984.72055492
7347,237853687.0678107
7348,108500992.21872401
7349,203039319.27873865
7350,95166699.10606481
7352,250145176.58372375
7353,50254629.60936613
7354,106722108.87468894
7355,59964263.73243178
7357,58835601.26061792
7358,124533145.57771653
7359,82542000.13239205
7361,51957898.401993476
7362,69487933.60004504
7364,74407781.96864963
7366,76208661.11731763
7367,69214609.06527403
7368,81178378.90126476
7369,76791945.1638711
7371,157324985.69281766
7372,104029495.76358913
7373,88010669.39407496
7374,138950102.20642817
7377,90083170.40807728
7378,71217098.79223368
7379,69867638.23039167
7380,56194018.96415644
7381,213427001.3275725
7382,70389649.13584438
7383,75391474.86095096
7384,85806542.42617
7385,85345447.48879343
7386,54765584.85097494
7387,67089002.82371265
7388,54310289.10574341
7389,147082283.0061638
7390,99114497.66573043
7391,96255246.42898801
7392,74722446.23746407
7393,87805287.93992053
7394,129393869.35517727
7395,87134834.14374559
7396,55513690.21222387
7397,127901927.1559462
7398,148630392.33076304
7399,68149962.75092581
7400,120626069.14084189
7401,110918695.63230503
7402,111579254.64091523
7403,76092748.52843384
7404,105456393.46715745
7405,74484226.12829193
7406,260290481.31037816
7407,60052150.6350986
7408,77681474.1170685
7409,140357935.60898545
7410,116807036.57392958
7411,70218573.60858585
7412,42494572.65516703
7413,80966554.82304302
7414,122404804.47433501
7415,81937384.87333909
7416,46533126.4263659
7417,54111668.11012555
7418,98091051.26942906
7419,56507299.73253731
7420,94846953.12333302
7421,49901429.73909321
7425,76230488.11562882
7426,75972437.77691485
7427,82297793.68674628
7428,65289748.86795632
7429,67273318.41043289
7430,109300073.4345859
7432,212728967.94929045
7433,59624376.58630285
7434,87762646.88300183
7435,65671443.88931239
7438,102338916.55778915
7439,161264357.30606478
7442,68576584.41767897
7443,192294370.55369243
7445,75111870.28079729
7446,108169087.12184182
7447,77794015.9151867
7451,60908321.65939281
7452,51939079.65322661
7453,101414676.70292518
7454,63693016.88209784
7455,184943883.33463195
7456,102625643.63937715
7457,98289491.49474819
7458,77979475.38861422
7460,75126471.01537304
7461,75460861.10677753
7462,78365728.33481212
7463,238322821.84468305
7466,87287895.0390395
7467,103515748.28203513
7468,128767404.1048722
7469,49745318.80109152
7471,63788761.34681769
7472,205842645.43643552
7473,152220429.19823205
7474,75602613.39456062
7475,41993716.00904907
7476,69344494.00407751
7478,45063166.05719124
7480,171369822.8620288
7482,98163727.3427128
7483,102746363.87721191
7485,110184940.13583049
7486,91596434.9463637
7487,98288531.20983045
7489,205020937.60138702
7490,161493780.39822203
7491,39237134.356873006
7492,31658605.307413742
7493,77277806.17773326
7494,61183128.770073116
7495,98560808.93273468
7496,113784918.83623928
7497,55407903.398792945
7498,59003511.13952594
7499,94855292.55398256
7500,86387017.85088338
7501,117765144.50820576
7502,107854578.82421087
7503,173413069.93747115
7504,239527894.8998153
7505,52815920.04537758
7506,135865632.51640406
7507,40193240.76029551
7509,81542636.96041818
7510,117813076.6710965
7511,175530913.4792524
7513,111313417.00856313
7516,67046803.42190393
7517,83006066.37869097
7519,76973313.54554977
7520,101079998.22458774
7521,69276300.06384315
7522,89064479.16881663
7523,146563806.5418931
7524,102068132.5795754
7525,152869977.0783139
7526,56235965.6215854
7527,64173160.01607577
7528,79370813.23405582
7529,265294384.7644149
7530,126234671.97381109
7531,58320089.16186617
7532,102698222.96239139
7533,57589243.67278507
7534,121602825.76266755
7535,44976693.530778185
7536,83190866.32384065
7537,32807053.224028796
7539,99598897.91653074
7540,112127283.3873815
7541,56986377.07410733
7542,41189923.929834746
7543,77373388.14476047
7544,44738579.29442761
7545,76191366.73847486
7546,73881996.99930917
7548,147899142.84565067
7549,90407993.38931438
7550,292217160.39641327
7551,73694138.10185821
7552,56595496.993729815
7553,35049823.34390516
7554,71698844.66002086
7555,77994701.96534505
7556,128544075.03299215
7557,81333446.08323207
7558,157684830.36275396
7559,48758237.38848016
7560,71518825.69182193
7561,101843002.67413309
7562,60300223.07954786
7563,42296812.11776568
7564,191329687.5562557
7565,95640311.42141281
7566,78676270.67504202
7567,152674225.27965137
7568,59116729.97198124
7569,93522211.82095248
7570,70775481.90433228
7571,104938098.39359343
7572,139520390.10579
7573,140415518.00769955
7574,63322217.22695389
7575,94560843.16364047
7576,48767611.1239251
7577,84665122.3289661
7578,185367193.01336455
7579,197069858.48894945
7582,127340937.97247659
7583,44550539.003297076
7584,103652768.873301
7585,30106040.244284388
7586,92630725.93655257
7587,50886748.01821319
7588,66613679.35532415
7589,174206723.3800951
7591,94037864.087769
7592,105097966.62680943
7593,69480762.91649315
7594,52799860.45931583
7595,94966525.26686373
7596,92003890.07427743
7597,89080868.2230907
7598,76935323.56667665
7600,72537705.60527049
7601,169391432.20893848
7602,61762560.76310355
7603,138834760.5819826
7604,60625333.37949314
7605,61199138.0017269
7606,73947624.89366628
7607,83029482.31970482
7610,85741656.78613202
7611,77178010.6692749
7612,139445217.33522847
7613,111096935.1984423
7614,134635661.71739402
7615,128335002.83798176
7616,53983317.61200524
7617,92249106.6730545
7618,48126730.319708675
7621,58390711.13398597
7622,219540736.86175814
7623,97999505.35039319
7624,45181818.324365966
7625,99541744.8706257
7627,142430199.8298382
7632,49276760.21810371
7633,71292131.4732855
7634,41056989.22133364
7635,87969486.3512941
7636,185502078.8690966
7637,111441040.30920595
7638,91436549.38988416
7639,62406457.7951329
7640,52436629.09773105
7641,130581236.37245066
7642,45081090.31405863
7644,185480602.59206343
7646,63521897.16149929
7647,89304169.81550533
7648,229531982.7550212
7649,169615491.40020674
7650,136256326.7829419
7651,90234573.32163806
7652,86509994.5466969
7653,44522655.81215842
7654,162447998.48804194
7655,117642685.92046136
7656,46614126.0767686
7657,137663778.12209398
7658,79002807.13090971
7659,55002544.60158047
7660,130689916.042304
7661,122440838.40344882
7662,64611423.10522525
7663,86718023.91013044
7664,81433226.63238218
7665,75067453.15484256
7666,96157152.43629436
7667,93846384.84289557
7668,50563158.90579199
7669,89868250.1211238
7670,157851018.87945455
7671,57768254.14138639
7672,51452002.710049465
7674,116111166.66903271
7675,159959985.36587018
7676,49587269.64800412
7677,106534023.40625875
7678,113477758.28923355
7679,81888761.47236036
7680,69058785.53288816
7681,69411514.90031399
7682,99269698.5788911
7683,79834944.32411608
7684,40811625.50560764
7686,67173447.9403265
7688,91676430.03703456
7689,127696036.26386048
7690,83299547.15753789
7692,50834595.8970167
7693,62548891.619316466
7694,182132302.36347374
7695,92972198.15453112
7696,68833129.97781909
7697,70632769.38033365
7698,67909089.76852253
7701,119191430.32652362
7702,39325380.91529335
7703,45819566.398474574
7704,105674682.29732826
7705,85657174.61078192
7708,66233918.71384109
7709,226544974.01432428
7710,53510971.19068922
7711,71561333.09978476
7713,96363274.99126248
7714,238732296.34920564
7715,57971133.79414493
7716,45319904.367364414
7717,191721222.9513343
7718,62107529.5122188
7719,131274510.46968168
7720,50419653.6204767
7721,55124217.82017394
7722,66647748.031123675
7723,50829432.34616255
7724,134245995.80333266
7726,62168638.81519848
7728,77343337.39172733
7729,116199742.29775354
7730,71188164.17044818
7731,69487147.5445253
7732,54751203.89008892
7733,35031451.01043051
7734,48700580.07051388
7735,95712296.34485558
7736,114884685.25420858
7737,59851461.937375955
7739,160492838.98711336
7740,216379252.35174698
7741,208561579.754365
7742,42159761.52110166
7743,86534322.06292433
7744,127383172.83605984
7745,60265563.58635138
7746,64677497.998968214
7747,66002836.425200544
7748,51287774.880531505
7749,95788374.39906803
7750,134585564.19366562
7751,77570938.4773028
7752,61215136.45798212
7753,60340798.50249517
7754,92081630.42450388
7755,87806195.97352178
7756,103296482.73242487
7757,81131001.10861097
7758,45681459.0329582
7760,31840422.394895174
7761,93420644.53096542
7762,64044753.75926597
7763,80994962.49215472
7764,145607482.16255525
7765,45311161.46523482
7766,65788242.61734027
7767,75064580.4854358
7768,123858371.10257497
7769,127666671.92631413
7770,70843153.4362171
7771,86233419.88382268
7772,49373699.334996454
7773,66305905.85809675
7774,59671108.52616388
7775,81558769.40538892
7776,258909044.44192865
7778,91980827.01313052
7779,89702998.31119452
7780,58924558.163211085
7781,112639534.53822365
7782,65297722.34348896
7783,144866382.78066006
7785,157368819.43131393
7786,211741878.6782552
7787,83097376.41317444
7788,148134922.22631037
7789,90924349.08136332
7790,96347160.00610307
7791,50507757.37426194
7792,71427891.11343572
7793,68402551.32851492
7795,148979260.12608334
7796,73817581.50850116
7797,53574763.93501114
7798,82615747.3767039
7799,129730688.99501911
7800,78096451.34846033
7802,75420709.44054863
7803,53684878.09689901
7804,103830165.56726295
7805,111387826.3983579
7806,119188851.6835865
7807,56734442.29435755
7809,294024625.0270161
7811,183794108.8780737
7812,52857226.01461298
7813,47289143.75889335
7814,84202089.0500327
7815,198313574.95243046
7816,70841874.97670919
7817,109672968.74046244
7818,50894105.15572125
7819,56178491.88739722
7820,85896890.06167322
7821,55620593.63532937
7822,92223586.58362941
7824,227639365.09461188
7825,98811355.65492462
7826,128572952.75049323
7827,93077376.84236808
7828,87003069.23238234
7829,95279754.87092595
7830,66428342.76577428
7831,84228219.40290016
7833,100006614.17194067
7834,161813084.3663988
7835,250286948.914337
7836,108551131.24973126
7837,283057228.2588103
7838,40027162.8896229
7839,93852680.0223204
7840,148741254.6189777
7841,47943252.87461941
7842,152183347.65079308
7843,128638791.70930064
7844,209676488.4533772
7846,118293087.68934633
7847,95860664.8215572
7848,89993827.68699229
7849,62985877.175575644
7850,54074856.75561638
7851,70736435.83965214
7852,95901957.51040763
7853,44712945.49990871
7854,61370496.39914372
7855,60717119.55886685
7856,99110568.72960426
7858,117692419.32567933
7859,62685740.073626176
7861,61441597.702115126
7862,199742870.34626493
7863,40797843.3822592
7864,135484757.75290132
7865,82887168.62776259
7866,167369391.00492954
7867,77225563.05575669
7868,96504879.45843129
7869,103599858.67228931
7870,154877903.83489114
7872,59210052.98485138
7873,74869636.51336858
7874,150882437.1910416
7875,133785887.99262223
7876,143430866.290374
7877,125687597.06862915
7878,61681323.55929158
7879,126578571.03396493
7880,43529465.564383656
7881,90387850.52382724
7882,80666461.02537385
7883,44701473.46463728
7884,81672256.9834566
7885,140467935.4876442
7886,227190617.46935555
7887,83678071.6635112
7888,122754630.94347832
7889,69850957.87491943
7890,83745242.6283047
7891,151653120.94748062
7892,99934416.91953453
7893,81834697.73681204
7894,56488791.48467046
7895,67981789.15453927
7897,61409241.82568567
7898,257295026.02003723
7899,62784427.28825974
7901,70742240.41483475
7902,114960647.79213332
7903,55452591.80695076
7906,50022743.84929282
7907,93283982.9302774
7908,89179503.76610582
7909,113834153.51693018
7911,95406466.80406462
7912,108432430.97610186
7913,58134407.31633047
7914,54876065.69068988
7915,65971797.8540204
7916,139004621.52882862
7917,113743242.76526202
7918,112508052.52260616
7919,97322888.87618162
7920,83847935.86893097
7921,95627235.90778506
7922,66492688.81549999
7923,427573907.0812814
7925,193755266.5765423
7927,149710182.0634908
7928,91936742.80766942
7929,96281976.50570557
7930,76297517.46435004
7931,194655519.24571478
7932,210684690.1877505
7934,254622129.8626826
7936,62522354.98453119
7937,58494416.78040599
7938,55192681.674809925
7939,55930479.1578406
7940,66964240.63547192
7941,74215140.59145759
7942,69186261.5886712
7943,63451285.763727486
7944,202721552.48362273
7945,181234384.42614853
7946,115088666.53039147
7947,62661583.91041689
7948,203285361.06163278
7949,101893220.66792724
7950,148383209.85862395
7951,52120859.40703972
7952,109785494.76808062
7953,57615578.529972516
7954,59057861.468033545
7955,63105578.717126794
7956,71799045.71783175
7957,69575569.83461875
7958,99862136.59655304
7959,77636558.52114002
7960,120921478.98448841
7961,124318038.64111629
7962,83966804.4283786
7963,60875737.56812613
7964,176388388.82699552
7965,47783681.107617095
7966,126800796.53756861
7967,240953144.92283365
7969,45333124.00411661
7970,96167824.33579262
7971,106242411.72659542
7972,96435534.8923942
7973,52973579.96118399
7975,91434087.77507511
7976,78360568.73794098
7978,136888422.73028183
7979,41586129.48444521
7980,76384430.5850559
7981,331789998.94077736
7982,90134263.45598577
7983,33805999.01472172
7985,211720177.51435697
7986,78521053.66568205
7987,151204977.66583496
7988,289745786.86068606
7989,76272176.39269675
7990,55099047.75394918
7991,70114643.19238019
7995,100843712.94329585
7996,99598292.6019208
7997,160108585.09630063
7998,177575913.02393723
7999,58993932.45970105
8001,75982541.87372653
8002,112907137.62266035
8003,49539831.98949646
8004,83502596.90839452
8006,101780971.03772603
8007,59756290.23776527
8008,89233288.85635357
8009,120825281.49336562
8010,85372381.74476425
8011,96326325.05239062
8012,141795397.0466734
8014,56225658.810358055
8015,82090989.70132312
8016,60559326.30761194
8017,47969808.31026545
8018,85130868.69242954
8019,63922060.55137791
8020,120324058.57779169
8021,81625749.56598435
8022,72567093.1467293
8023,58170171.05065298
8024,102948909.13865784
8025,68226033.2032574
8026,354886575.3335088
8028,142087388.12643993
8029,157813096.42224383
8030,215595169.64713007
8031,62278705.439897485
8032,70136399.19028987
8033,88753356.16266023
8034,118726018.58359592
8035,181694674.26137125
8036,237735554.16128242
8037,56573282.02684059
8038,149171694.5369186
8039,147926817.52591872
8041,120244872.87227218
8043,85658632.14663158
8045,111251477.87829663
8046,72130052.96384856
8047,54928389.73927186
8049,104245030.11584651
8050,67182152.81328346
8051,130078919.27623776
8052,71184252.84735252
8054,113562048.78743364
8055,107582559.25527744
8056,57637188.13920438
8058,237856693.13428214
8059,76161940.76408705
8060,89712705.73233469
8061,179908470.86624086
8062,66854733.2043525
8063,67334038.21833242
8064,136127004.42598212
8066,68336925.73359193
8067,63031326.78128912
8068,84938361.05326249
8069,216763121.7856618
8070,77397423.74853459
8071,95322422.1848715
8072,77755405.57868466
8073,88600784.78748041
8074,103771245.96174508
8075,87027111.2482343
8076,150723657.14086184
8077,94163771.29250461
8078,137253481.73476478
8079,68638757.14715827
8080,91990646.79852267
8081,85438076.71005194
8082,117982852.24589907
8083,98632077.42809844
8084,155579773.66592392
8085,61737726.15379991
8086,215876641.2143114
8088,93292242.1755715
8089,46133620.797159396
8090,147436374.78878093
8091,86083797.06128484
8092,86692403.88670743
8093,251756750.21493062
8094,201058477.5282827
8095,58245803.56550497
8096,114308169.69643652
8097,56620399.139029026
8098,61742115.5504545
8099,50515964.439067826
8100,57311905.46271829
8101,94952529.98768692
8102,74564929.48843971
8103,104984556.10102162
8104,76929224.97758918
8105,52058011.32660275
8106,125250265.02051811
8107,84682396.52074285
8108,76560007.25532693
8109,72955015.95338719
8110,103876703.75904055
8113,140737149.1797247
8114,62133870.36190056
8115,51317319.05034744
8116,191738450.70726144
8117,100969025.25961271
8118,78634839.46209228
8119,59807994.311473265
8120,91496901.31446546
8121,85446691.49853194
8122,127608108.64475618
8123,38366791.02822147
8124,151512036.11710694
8125,121579868.55072975
8126,145839744.39905998
8127,115911991.86423084
8128,112431892.18731856
8129,65061648.55477665
8130,86184429.75382583
8131,69432975.63163139
8132,70764675.93226402
8133,88048533.63262212
8134,53075413.41210237
8135,112725113.83681023
8136,111119569.54480548
8137,85631196.768078
8139,135562059.68094873
8140,104842662.47825164
8141,182832512.6628268
8142,115646086.27339208
8143,60089743.25932295
8144,49469455.4158957
8145,75810023.28456576
8147,102848020.24964367
8149,60814536.97448073
8150,61054195.01781206
8152,45750188.45044304
8155,143072404.36558726
8156,112837471.97508891
8157,37338252.81771039
8158,96626002.2184595
8159,57242391.0585206
8161,90681845.7263674
8162,75057235.92433739
8163,132029261.94516349
8165,67266749.98751642
8166,159324051.38021526
8167,110335636.58307102
8168,213762287.1090654
8169,93794353.88122937
8170,217228915.72480777
8171,135678337.36097512
8173,69888696.23150535
8174,67996578.07510653
8175,88859268.01897736
8176,56661255.141691364
8177,63907202.759109855
8179,193967626.9333392
8180,82777126.1439931
8181,85673311.89597763
8182,102433106.24320856
8186,54447883.8696885
8187,182031712.20715812
8188,43722571.45761497
8190,97927643.40494914
8191,49242718.16370568
8192,70170022.2926747
8193,115778765.00703977
8194,92828430.70582908
8195,121870234.14864954
8196,280918978.1389601
8197,82011149.56971854
8198,136172785.57949048
8200,215059969.75636816
8201,155792099.36986881
8202,65506565.75919065
8203,142151971.7570105
8204,84864889.70063186
8205,72767984.77301049
8206,143357831.89502493
8207,119610688.89675802
8208,178753647.20924512
8209,180531659.01211828
8210,113000195.61554323
8211,76763879.0179172
8212,71616759.15682203
8213,66116384.37695706
8214,55903928.35798728
8215,68774881.86586024
8217,80964515.08044256
8218,77255571.0529972
8219,78865626.73785049
8220,157048533.65730694
8221,48315248.885581695
8222,100006112.95956111
8223,157791787.27963972
8225,76877866.46878181
8226,57721493.336825036
8227,82791226.42712453
8228,86734096.5855907
8229,64889590.82969729
8230,72620439.07674056
8231,86512130.66041136
8232,112835904.69079524
8233,50940675.49124365
8234,124786408.3922451
8235,75812129.35773064
8236,108744422.02635443
8237,73144316.97507185
8238,94966970.76005787
8240,51734370.27578852
8242,43801907.14879488
8243,87050584.13640605
8244,116405474.46251793
8246,58200501.477540985
8247,83746488.62538332
8248,76329030.40485252
8249,135401106.8363295
8250,109314462.54957457
8251,80173068.25042115
8252,169706703.98075643
8253,58689235.62448678
8254,100110410.70611078
8255,91879479.37148046
8256,81468092.08450897
8257,106839853.88492228
8258,149158944.15079966
8259,67993507.25561522
8260,94807918.88708022
8261,146994696.10071978
8262,44067927.18185687
8263,127009026.68595825
8264,71762754.00368303
8265,102796218.99938242
8266,103155465.32555346
8267,94631654.58082941
8268,103040320.65738708
8269,317272731.7095186
8270,119440669.75104208
8271,184016426.39491838
8272,178636652.37813267
8273,136869510.89137995
8274,137866747.48364028
8275,59909859.30677977
8276,115621520.40024693
8277,94088153.27360004
8278,205134961.1610826
8279,79568909.70729709
8280,86060125.78717113
8281,115041344.71504502
8282,39179763.29083122
8283,199843062.10077143
8284,208204668.69345513
8285,155482503.46189025
8286,60821929.92448418
8287,58219440.91359506
8288,171196073.33227617
8292,185381779.20982465
8293,176715766.64474487
8295,153369232.1785393
8296,93453557.90015417
8297,144672224.95619568
8298,87956141.3778438
8299,94936189.57057758
8301,279213987.43741965
8303,118404692.2589535
8304,68468728.48344283
8305,66055637.28649079
8306,60586275.97542837
8307,71511411.3652974
8308,86684987.8634137
8309,228159262.41783693
8310,63745960.41237051
8311,96782547.35180864
8312,77255437.68043256
8313,155501692.51161626
8314,72439095.441635
8315,68709190.13910243
8316,91292245.63142546
8317,301597113.5636597
8318,42279620.660519525
8319,58948142.82748514
8320,117713217.9339801
8321,101124947.9586622
8322,194470799.65543818
8323,68633780.66131645
8324,61893298.919909246
8326,132622984.24673119
8327,201879157.21241307
8328,92777122.40401645
8329,79913426.65938939
8330,117495425.09724778
8331,99914671.3405307
8332,102605314.92567337
8333,154087316.70949286
8334,55845139.08425948
8335,118794203.13885505
8338,163280440.2143509
8339,86050729.28970516
8340,292968464.1673421
8342,74811756.88131098
8343,97478500.37006226
8344,57536905.94347495
8345,86744081.788667
8346,65429752.02620571
8347,82995348.3486716
8348,95838044.2826197
8350,90044930.22268374
8351,121286028.12717806
8352,88916841.43349025
8353,154677207.73733816
8354,190720027.33829424
8355,211369664.13546002
8356,100551781.65568519
8358,99626300.97266324
8361,67355039.42006437
8362,46682826.349920414
8363,68431518.70214266
8364,122863036.25057063
8365,114525132.22756542
8366,57554221.72950128
8367,123748888.75587109
8368,67684456.12598991
8369,70601700.30649474
8370,178943727.49020943
8371,169673683.84436896
8372,70241810.37636076
8373,77996729.37799917
8374,141121061.06141993
8375,59672434.649221316
8376,93459153.66110463
8378,130468849.48777077
8380,54611243.78374681
8381,73308531.36503913
8382,80886562.30570826
8383,202329750.4910553
8384,73048693.72020644
8385,60661921.07934359
8386,105952353.67317496
8387,109284103.59260698
8388,72774641.50854371
8389,109837873.08656548
8390,123332670.16754216
8391,108705440.93563098
8392,106443861.89495727
8393,95931544.71316406
8394,212927331.39475507
8395,102989406.16560584
8396,90042226.82048267
8398,149096389.3976964
8399,77220760.00260024
8400,44998855.80512882
8401,238997530.3389826
8402,100960839.50420982
8403,82939440.81763993
8404,45465867.205413006
8405,141613262.98179528
8406,81780944.21651584
8408,61509830.216128096
8409,99544421.91195147
8410,141012265.1987592
8411,64252150.04234184
8412,63607455.23090459
8414,82627524.7211443
8415,62404620.704024486
8416,63508150.444631584
8417,309788659.0866862
8418,228078147.70528162
8419,74049767.0031836
8421,115560491.31095791
8422,48101680.660548136
8423,177759045.49173096
8424,132679124.18067348
8425,67117531.76097439
8426,51872618.145831905
8427,49017161.82213382
8428,122919926.3117949
8429,138417177.02809167
8430,63139384.28422202
8431,50394650.82355974
8433,94456710.01477672
8434,78612190.59923792
8435,76347565.29308178
8436,132387741.87520455
8437,128865778.42748147
8438,61011431.60337639
8440,204679778.01523536
8441,70029648.29674128
8442,51712837.62506455
8443,332545085.26669365
8444,70632807.77585445
8445,91571492.23383847
8446,71491329.49656074
8450,105987372.70102045
8452,48127641.03578157
8454,102693436.01486816
8456,70340747.69866684
8457,58610398.374114946
8458,66507439.32546301
8459,91334373.5839846
8460,79484120.41213875
8461,72310658.17226322
8462,124944532.18538539
8463,42924546.98990784
8464,89971839.9102292
8465,98410039.3630414
8466,63638465.66700055
8467,72115013.41849592
8468,72604948.09608136
8469,143497407.67686585
8470,141718148.923378
8471,106573084.42519762
8472,144450354.3462338
8473,133541579.22492844
8474,57637814.08946355
8476,95875910.99223167
8477,49627384.3717017
8479,81413899.95505019
8480,59435413.12918319
8481,63577901.58663041
8482,146752134.12726998
8484,88040647.952502
8485,75466162.4870727
8486,103199894.29629602
8488,120448879.4430277
8490,91549934.03834386
8491,338388567.4446323
8492,103702223.34471256
8493,91813363.673901
8494,111567187.43640399
8496,58939226.76435937
8497,84654672.80556041
8498,70711747.38117741
8499,56034261.03872114
8500,115377993.20458558
8501,100605614.6125703
8502,91598978.25141786
8503,115564227.27434884
8504,131323147.01049794
8505,66278346.757635854
8506,244106783.79497942
8508,75990481.48561993
8509,46338489.929608755
8512,65023527.64115275
8514,49960103.662307814
8516,158254917.60052624
8517,87091522.09375788
8519,71009031.7687494
8520,135443942.25783354
8521,203517308.71351743
8522,123375887.56068541
8523,288563605.0846979
8524,71475577.26940215
8525,90479204.37377973
8526,165127983.79928827
8527,65594434.398344114
8528,174226065.49427694
8529,154520626.60012197
8530,69753471.15118791
8531,81976957.492534
8533,135833039.64339736
8534,77989642.30729686
8535,201216621.78371516
8536,151068481.77175868
8537,63498182.452205926
8538,72931399.24710037
8539,89346981.31671967
8540,61501986.765850104
8541,109053773.21131848
8542,117178420.90697809
8543,119129310.08924837
8544,62974246.50558202
8545,60449170.653934285
8546,93990237.45510902
8547,48462362.884308055
8548,69047437.06613617
8549,34925414.5599299
8550,132716639.02822345
8551,122198019.37934163
8552,147964818.41012496
8553,62222844.1063461
8554,88015874.71874791
8556,180129051.35294506
8557,122217620.17768142
8558,99844746.66673522
8559,158991481.90986365
8560,72910605.51458237
8562,154911541.22959903
8563,148710712.68888578
8565,61319176.2548571
8566,138505501.21926582
8567,125085578.851964
8568,71425639.33076423
8569,54160006.65847878
8570,56519524.26130464
8571,65526371.676287614
8572,82942282.87891287
8573,67994813.46629553
8574,63700854.26421293
8576,55185603.043574184
8578,132429487.22039123
8580,92493088.06117472
8581,86176695.82873219
8582,57991852.52369323
8583,86994928.48057148
8584,39729371.51989535
8585,87941370.45549431
8586,143523413.8595046
8587,91584051.57646325
8589,168134052.2391418
8590,84881252.12589656
8591,65857506.2637179
8592,88798379.70633218
8593,98486420.4329611
8594,92871541.19006792
8595,112068671.52096103
8596,75136596.01381633
8597,114817261.68400112
8598,53065202.80594535
8599,318582030.5985002
8600,69390027.47242826
8601,68595363.28219381
8602,60992148.624375656
8604,66189948.82429079
8605,61870552.90602478
8606,180825916.95258802
8608,72267748.45926088
8609,107088712.23696466
8610,49686744.402195245
8611,184070106.38664535
8612,95713825.84495082
8613,34491373.049764454
8614,102258581.42891853
8615,198624718.37043783
8616,100242019.97457586
8617,83181261.37388362
8618,94192719.87819678
8620,49334712.22617084
8622,87524384.07246377
8623,126601337.5319242
8624,57410937.6563238
8625,88432399.6501106
8626,99558902.5865741
8627,127793812.46721315
8628,148686442.57282412
8629,81585152.38950746
8631,106927156.85873419
8632,84521566.40092744
8633,151168787.67168728
8634,135912962.00020808
8635,69196681.16492017
8636,93721856.58475961
8637,108400202.15004253
8638,90536227.95026866
8640,54312506.52403382
8641,64441649.70332396
8642,158156826.7979499
8643,93102145.17120568
8644,390132556.0302738
8645,33925448.45852562
8646,96520178.14139734
8647,102284925.11739366
8649,152194640.2176274
8650,57810451.28683618
8651,58248292.4136339
8652,126454331.38611469
8654,128099615.2129229
8655,115456215.48250717
8656,79542276.20108397
8657,78630381.83315621
8658,80283782.8360759
8659,82330730.64006639
8660,129217466.32850932
8661,65468668.903769255
8662,67574393.02777383
8663,104562255.60238622
8664,80903325.29806903
8665,86644427.9189006
8666,133791636.04393017
8667,59155118.69190289
8668,45496405.438416615
8669,215436010.16512233
8671,83149251.08735128
8673,62247515.37442606
8674,82657827.59915788
8675,37796815.83082064
8676,59407389.33754451
8677,64105010.29640894
8678,96362507.25189911
8681,155025517.62304875
8683,63393292.66044882
8684,62709303.85785501
8685,80976888.3983976
8686,87877329.59363452
8687,158058982.93747506
8688,50695647.488528036
8689,90662951.97335482
8691,84158018.39862595
8693,57627783.65214082
8694,76262915.9650285
8695,126226235.7888738
8696,30028367.356336296
8697,81779771.73211716
8698,76333471.17552067
8699,131518701.13657135
8700,164961301.01168635
8701,77643511.51774596
8702,94507218.65875207
8703,192815901.64201862
8705,72534413.95890771
8706,96589829.73761329
8707,161683368.3273718
8708,40445303.02925852
8709,84702830.27741028
8710,56529173.13534986
8711,114521344.09518495
8712,136717528.09011802
8714,73700585.29822308
8715,95911085.75387947
8716,120241216.66467308
8717,191070375.58820206
8718,61919134.438050225
8719,57974927.71145634
8720,108489924.8340543
8721,196116893.52915567
8722,254017141.92317295
8723,49934633.38077451
8725,80199932.10537615
8726,55915371.53199104
8728,94498682.59394304
8729,76227832.37198937
8730,63915293.9794458
8731,73045496.95378186
8733,97715487.07192285
8734,73168753.15564759
8735,200153657.91811702
8736,227021095.84585404
8737,68332120.27671869
8738,84364785.26817262
8739,118032448.35575591
8740,108901968.10695906
8741,48934624.61194708
8742,51463315.116183594
8743,183784740.05668736
8744,54870210.44535134
8745,47218358.81456152
8747,229187721.76263463
8748,61744322.476745375
8749,62881898.414818
8750,96334359.897018
8751,58206795.48773565
8752,106656672.84672646
8753,38287930.06622717
8754,42364005.7723851
8755,175492052.55664578
8756,47958408.508519016
8757,147207364.93164936
8758,70722545.32979663
8759,126866773.9278846
8760,108394702.68781845
8761,235403360.156609
8762,159788572.17687157
8765,77500036.36783046
8768,161754706.23914266
8769,227493257.81420296
8770,70965162.53815293
8771,260411593.86169815
8772,66705784.84995933
8773,38604239.48199341
8774,146315842.6536447
8775,109293006.74611497
8776,87562987.37069452
8777,78238877.87941904
8778,91935008.32162355
8779,53829558.24702896
8780,104977991.72180796
8781,84062605.69299808
8782,273293206.73086995
8783,137398525.01841292
8784,57134266.46373938
8785,79353327.59997438
8786,75795952.02777784
8787,85993555.64861488
8788,141463381.8564778
8789,61285117.56316299
8790,63318373.63190643
8791,142214691.4105683
8793,104007806.28838623
8795,210371334.3047975
8796,47309727.34938723
8797,119841473.94499868
8798,95236296.14480017
8800,45581562.04427026
8801,151490768.07898954
8802,80855202.01470608
8803,210263636.04303506
8804,76730719.8826652
8805,39771006.46386692
8806,110787634.67935947
8807,86872029.16059752
8808,45449965.9698628
8809,80522349.0603834
8810,72198719.14320092
8811,132558086.78473261
8812,65250963.78788814
8813,86417525.74529943
8815,69871686.31679693
8816,51154790.20897765
8817,57727277.341022685
8818,89485205.11987577
8819,53010017.29933946
8820,64111366.27874173
8821,88348390.93772966
8822,93751048.3993676
8823,57378718.4081996
8825,90616755.38918889
8826,322298997.5133928
8827,109181134.34761308
8828,336410508.704745
8829,46774556.36774544
8830,63266446.141901985
8832,70582045.65802911
8833,72515353.67911981
8836,86785693.52837811
8837,91099062.21582893
8838,75194857.41617523
8839,84666647.64585085
8840,247032000.00513998
8841,119597764.45434761
8842,100248494.52570668
8843,79486374.99126908
8844,97833839.71272977
8845,89264268.32918473
8847,122146929.40520698
8848,146694913.40026885
8851,86763090.93434994
8852,268519886.7902544
8853,44506330.49642891
8854,84269713.99507077
8855,68697987.33947182
8856,234872941.13410962
8857,75092606.8479216
8858,93483138.49454433
8859,85215433.26668774
8860,67045541.06375373
8861,234421854.977665
8862,122072964.17207263
8863,265999264.68687776
8864,104228943.81535974
8865,59339726.240963906
8866,172311051.36333475
8867,63988553.44214892
8869,87467154.79163426
8870,79348619.84616552
8871,81971077.15472062
8872,48803764.430358045
8873,82939725.12673217
8876,63918004.17915485
8877,71374214.54022162
8878,86816566.79105456
8879,98730967.8168461
8880,48685040.950003326
8881,141735375.11260918
8882,80833109.90650508
8883,126756063.32821707
8884,41224885.14715758
8885,112660402.83755118
8886,53410809.68628269
8887,57609464.54804764
8888,99293942.85093549
8889,43581373.23967336
8890,84042490.18070069
8891,71421311.14623949
8892,94708840.37474859
8893,214932965.5298624
8894,118224222.80286287
8895,60989476.56535363
8897,127007392.73057638
8900,51867363.70391562
8901,187123965.68367082
8902,123856062.27077152
8903,72755039.38058628
8904,95904722.30175214
8905,83600680.81420627
8906,101498891.89895223
8907,180551514.96885866
8908,142077955.3069395
8910,61282875.90602344
8912,83150155.5933857
8913,57790740.425622396
8914,53786941.65961935
8916,85115537.81657764
8917,66617064.22823363
8919,84227608.18094835
8920,46895177.56930972
8921,169900747.5431469
8922,78920719.6315838
8923,210930795.78324977
8925,78049443.74877371
8926,112773876.42209697
8927,222576586.26805267
8928,90339261.72044505
8929,75879759.95239109
8931,198514549.75366828
8932,155700576.51382795
8933,69033220.28085224
8934,137978046.7522363
8936,43411899.59438932
8938,105519011.0155812
8940,81705291.05001184
8942,94332129.6340449
8943,113088416.05305892
8944,47550255.9662999
8945,28030967.689759094
8946,120044651.79547521
8948,69151324.96308897
8949,43145946.23593647
8950,64110808.57288447
8951,83542594.27505922
8952,58446350.45239957
8953,146863177.2400928
8954,93422645.57306619
8955,83518859.12115414
8956,80501254.71920101
8957,44475149.09381669
8959,82620973.00751816
8960,119244664.32340293
8961,341995447.46254617
8963,67832074.7442394
8964,142360538.38209844
8965,87125405.44651037
8966,82619661.96352988
8967,106420514.8935843
8968,86619680.9701732
8969,56160959.5012677
8970,156079108.3459901
8971,177292691.46851593
8972,128958543.4724409
8973,66798054.10436695
8975,114171808.22420195
8976,98853766.32546964
8977,125303914.29793194
8978,82103070.30341974
8980,99018848.29043831
8981,48995641.16199312
8982,88534784.55118626
8984,57499495.99144835
8985,64928747.95955465
8986,72853825.66679524
8987,63039782.08542706
8988,73404713.64465109
8989,110958373.96900855
8990,82904974.89314607
8992,123603233.49418995
8993,132273942.15329444
8994,121465802.31905298
8996,47061785.243178725
8997,160409462.04627034
8998,104514402.20476657
8999,124471871.94553569
9000,255437741.95588145
9001,79580397.7051104
9002,102195840.21848646
9003,78766526.51136468
9004,62961558.594972715
9005,67436498.43123676
9007,50005406.71325022
9008,61216271.87529969
9009,83093638.00356574
9010,68405409.32193176
9011,79163390.01909664
9012,34203420.7892647
9013,151331898.07231516
9014,51100465.67931822
9015,78723723.51998365
9016,79810661.56785962
9017,77492753.35403758
9018,104189883.9791558
9019,258896633.02344376
9020,67110691.96517281
9021,84330812.6268864
9022,55350628.3613067
9023,277802298.154078
9025,126394915.90538348
9026,130608042.13868038
9027,92637395.59771036
9028,100535861.60219608
9029,58165342.19306433
9030,82510051.81260242
9031,61762250.6723658
9032,232023134.36502925
9033,322051545.8501123
9034,215999196.9358796
9036,95182230.43186194
9037,53056459.891795576
9038,101325659.29740265
9041,69537909.26473889
9042,68155356.54434215
9044,48857741.46817673
9045,145006737.81110716
9046,96261813.42331883
9047,55166067.431197904
9048,117278964.54721665
9049,136362718.92470104
9050,75486015.29356109
9051,84394944.27215107
9053,175468218.34167325
9054,98723487.91585213
9055,62362701.569058575
9058,50754407.808672234
9059,80002937.38550484
9060,57272328.1919372
9061,351323206.27671486
9062,97496403.2065806
9063,107031520.04261285
9064,49440162.08194584
9065,82869616.3609954
9066,147687056.9433099
9067,85766860.66038199
9069,89738525.30119641
9070,164058416.26708835
9071,72448592.01043905
9073,105836623.23949096
9074,92887242.01303403
9075,158246022.43631116
9076,54657230.00945722
9077,119503147.70462298
9079,80114956.60766459
9080,118210152.52665186
9082,70348430.38301417
9083,62284837.27879927
9084,44893295.63834233
9085,104692127.66254552
9086,74309362.5364869
9087,81606299.58269568
9088,126809632.83122072
9089,124207097.4350833
9090,113118022.4440004
9091,64915215.814514026
9092,146512501.48332158
9093,136532604.22347403
9094,53152782.54692889
9096,323470947.80092835
9098,228623623.53638133
9099,219061629.08310583
9100,116065521.7516042
9101,79425475.17145841
9102,179462645.72984573
9103,58130676.44696839
9104,149231498.49237406
9105,81250892.5134208
9107,238770132.13043186
9108,66620418.608307265
9110,90863889.31289461
9111,81563674.66799712
9112,81706768.47665994
9114,157303678.41189396
9115,114099151.31032534
9116,170326075.14654887
9117,229685326.058291
9118,87391668.12620413
9119,107281862.85638487
9120,170392484.02888364
9121,161969865.1997745
9122,85309735.25080723
9123,122655512.89458257
9124,64397360.60232912
9126,51459754.17652452
9127,55442168.1246461
9128,102659456.44293095
9129,71286178.4440585
9130,115715985.93454468
9131,118729906.79790229
9132,213127064.72797495
9133,83979422.17180564
9134,115161446.63167222
9135,58937424.66006124
9137,147802158.76654452
9138,70684937.24741504
9139,119161110.83426024
9140,109680538.2611149
9141,111593995.32189268
9142,61086594.673782736
9143,205245364.0857569
9144,86826684.169628
9146,105620537.97116621
9147,40498126.049066536
9148,171569109.97633907
9149,48347820.31202604
9150,113908149.12099558
9151,87694638.83136715
9152,123675463.21918774
9153,215902800.38054553
9154,64671191.86172609
9155,172527140.96204388
9156,192073297.11764812
9157,166715407.91214544
9159,94989870.06042911
9160,83828253.09541045
9161,142018306.44019413
9162,96475383.32428622
9163,59635893.95585211
9164,63433914.52716989
9165,42512563.91880557
9166,289119891.966986
9167,90426959.01095083
9168,154328227.80521277
9169,38231301.40209862
9170,115981152.5732524
9171,89726513.08004384
9172,75537804.70619333
9173,111543003.98371139
9174,46456846.29851708
9175,55974489.58620834
9178,116680761.8302875
9179,108414791.29366453
9182,118073395.32616873
9183,69710404.92424671
9185,43241596.33891663
9186,120253865.2803326
9189,47790062.29487179
9190,132957396.5484939
9191,69806864.45674735
9192,88091311.82906234
9193,96309785.43344243
9194,51766655.45261657
9195,114646400.32049552
9196,190374083.40387198
9197,69244266.2410244
9198,114358768.84283662
9200,53764411.20644734
9201,127247810.43344921
9202,134931760.222379
9204,53155332.83903637
9205,186910583.6034575
9206,183728299.95548058
9207,111236814.28942575
9208,60232381.76775639
9209,46904252.79154364
9210,79228472.63565023
9211,53876378.60807032
9212,96665785.92730597
9213,96395567.62282594
9214,92146807.09872352
9215,50890764.12063141
9216,61137009.28151971
9217,123475352.1924874
9219,124738601.81814897
9220,259675594.16019294
9221,56809747.03811651
9222,112561607.81111795
9223,186597539.27164486
9224,71517184.52978969
9225,133756933.17511286
9226,74934685.23407456
9228,101264691.81765214
9229,78529368.36486933
9230,71767422.45507649
9231,86679038.3899055
9232,63623761.8291716
9233,48278942.44017722
9234,86805297.10396796
9235,191217400.25704476
9236,114275627.08105095
9237,192119832.43087474
9239,100743436.03721519
9241,98114393.89174081
9243,120168474.71425153
9244,165448912.0207783
9245,77001943.53958213
9246,95696965.12796578
9247,56740730.64279117
9248,49268024.46706795
9249,59171880.638195455
9250,118414402.23529711
9251,63602828.77300801
9252,86957000.91168095
9253,114010731.23727527
9254,79110548.58672354
9256,127318336.4783422
9257,51259635.24610368
9258,125433912.61801142
9259,172513164.0663743
9260,101176147.89840047
9261,105466389.84235659
9262,51891052.627356246
9264,63606882.3926407
9265,70250420.23558803
9266,95327268.10505173
9267,96043970.57046175
9268,62513928.38859036
9269,72286362.04956536
9270,71990284.61626488
9272,52368855.48034443
9273,73073382.25930902
9274,154233539.73690927
9275,64919790.413340196
9276,58812926.74543764
9277,43125448.20744069
9279,116756524.0608573
9280,58226056.89598222
9282,79234847.72214434
9283,44579044.105192766
9284,69710608.15603153
9285,73538296.23301852
9287,115412038.55868307
9289,63019530.3140257
9291,152207172.928488
9293,64749734.46170531
9294,112319617.0978428
9295,45002920.96660303
9296,81708276.24494757
9298,57610834.39638588
9299,217305784.04816487
9300,37901584.49053583
9301,107949105.27220811
9303,93586134.82044777
9304,242247140.2430558
9305,119526912.66110592
9306,222470170.1248415
9307,73169535.88101092
9308,68289643.88167413
9309,154066855.0026708
9310,91112633.67964062
9311,70573726.90810879
9312,67505238.9495894
9313,77729286.75868838
9314,76815098.2056599
9315,120141493.34335084
9316,99770742.36023909
9317,25850938.02240308
9319,51341719.64795717
9320,67449925.86038789
9321,26225579.09157439
9322,91278534.01433304
9323,79727023.56227322
9324,38617582.96203424
9325,120246979.85190499
9326,45949369.22471489
9327,77603711.15359366
9328,48082724.09719052
9329,75635551.04297824
9330,135478052.58580273
9331,162991578.10886496
9332,55748889.496614486
9334,138394578.68867123
9335,150540743.78471956
9336,61630534.18420951
9337,79818140.66694598
9338,74507717.30931886
9339,58181035.349926956
9340,185752610.69381315
9341,160595560.42093077
9342,53402497.652895175
9344,72970051.20361952
9345,100728106.66084562
9346,54017588.74069636
9347,56727482.18833033
9348,73118587.9332748
9349,46870728.11698306
9350,43155604.8180885
9351,104093690.48013328
9352,84462480.04975289
9353,113786041.63732837
9355,216150492.60951182
9356,46741827.042932816
9357,109263963.98668875
9358,60043433.98251319
9359,37751196.604629055
9361,50705418.056656554
9362,81794390.07975802
9363,83068675.11065893
9365,72883897.88623792
9366,57100527.47932852
9369,77061199.74884112
9370,138997274.1532984
9371,129982127.17798015
9372,244159243.4376743
9373,57505754.89195317
9374,146004714.06667516
9375,76477499.5823532
9376,110433483.19825378
9377,69361311.2368625
9378,151869010.17372
9381,257375564.69102642
9382,53437961.33984456
9383,77465310.71039003
9385,164653535.17152524
9386,109454547.57586
9388,125460228.81661354
9389,88541700.07084653
9390,185132451.67948344
9391,67256767.94209313
9392,35863802.26348577
9393,35874738.213060334
9394,77877800.8722516
9395,184633601.4786442
9396,96692018.39844511
9397,57506440.011448845
9398,109738399.70687956
9399,121897436.20902945
9400,91327342.31310463
9401,98773459.49839962
9402,214675010.77870113
9406,186523866.2552784
9407,109851714.58414297
9408,71897260.7592595
9409,77077034.94267173
9411,215695151.4973439
9412,104234239.0266235
9414,120717541.75874548
9415,181529531.11032414
9416,78606281.42204727
9418,89911731.74071312
9420,202815452.9166668
9421,51277081.6793118
9422,143269152.61434227
9423,88324933.71138722
9424,78011932.72039835
9425,57583770.12859358
9426,223088547.77674106
9427,64636076.47189114
9428,194620773.956671
9429,58386934.004660346
9430,34097231.724253096
9431,86059765.72868448
9432,267085966.95736036
9435,132212017.41073096
9436,43289612.411642954
9437,65195249.64957926
9438,197682311.198832
9439,83848717.90331917
9440,90589019.12322605
9441,112728806.02765153
9442,50303012.43843904
9443,118506448.42892694
9444,235177087.7581317
9445,71803671.11009651
9446,84900406.48742366
9447,73843767.4273243
9448,327441932.83043945
9449,75365731.75478569
9450,80174009.5033505
9451,68131335.20101054
9452,48168685.05832148
9453,161590798.68253615
9455,82178636.11626408
9456,111304579.25650601
9457,110176639.28577858
9458,63115939.13461376
9459,133735252.73276296
9460,48246941.66674312
9462,77020313.0106011
9463,80568293.75657302
9464,91875184.5475223
9465,114903253.00191431
9466,82256876.47991742
9467,77298660.00502414
9469,43026290.0054197
9470,119495405.52535069
9472,211979061.4608002
9473,63243611.219376914
9474,107039002.01717325
9475,70915785.95585217
9476,87773784.78970587
9478,73538399.84036022
9479,137287019.3473421
9480,57386710.06636773
9481,49419688.03745626
9482,78167473.86431663
9483,91521344.69483452
9484,45794970.70442578
9485,55543216.51175961
9486,83676017.75445975
9487,128545561.45215288
9488,181512309.84709555
9489,252850715.2064071
9492,59963450.03325778
9493,202499434.22222075
9494,116517621.70671293
9495,111424796.9524953
9496,54626939.18719337
9497,125052270.47632243
9498,74577544.89954099
9499,136414891.74083295
9500,84877261.96023096
9501,137894750.1827
9502,234768978.50103024
9503,148790997.40980998
9504,104836595.54213963
9505,51073097.0054638
9507,122190982.72757567
9508,133900211.91206163
9510,68422628.95501105
9511,185292180.0683795
9512,293634791.4111402
9513,156230336.4279376
9514,54179291.81277778
9515,87417220.89442569
9516,82212122.9295941
9517,90001380.0593476
9520,49595870.148762845
9521,141887760.874881
9522,159586734.2774655
9523,130391301.23825437
9524,49905732.65622732
9525,120873930.67993507
9526,284599194.1555768
9528,277614754.7285289
9529,118796073.72045329
9530,73273785.0338931
9532,95026850.4104518
9533,65759553.42271547
9535,57684147.60015331
9536,85685285.48694937
9537,73347620.58382034
9538,105269714.8580305
9539,90257502.14913936
9540,73999024.35239205
9541,243567567.8377742
9542,267452235.1126394
9544,87661296.53654997
9545,71592496.12569349
9546,66887155.28332676
9547,90807025.10501714
9548,107905398.25795478
9549,69075039.09203582
9550,100122201.21514975
9551,63382775.01505539
9553,98893157.41472255
9554,219840419.78758824
9555,64331390.843094036
9556,141693574.15769196
9557,112593011.72372362
9558,71408939.40144679
9559,90917596.21247374
9560,72646960.57009786
9561,52162387.491021566
9562,86716030.9414669
9563,73276835.1342138
9564,122973079.99677128
9566,330598250.289475
9567,121155437.71950857
9568,53376973.81722731
9569,78692831.47548632
9571,82862311.48829214
9572,55639378.23430753
9574,149484905.49254274
9575,51319361.4426245
9576,40786228.40921893
9577,241461431.94657537
9578,67818892.08015567
9579,115434780.81330982
9581,79730420.23119338
9582,148638626.88824752
9583,141287362.70144784
9584,78577373.17191198
9585,86118912.28022926
9586,60762586.68017121
9587,148046686.18793395
9588,89868542.38350417
9589,77733133.20444165
9591,56354286.86399833
9592,69514458.08320555
9593,45485639.53845064
9594,75071260.24403074
9595,93375128.07991417
9597,79375335.13633288
9598,121222014.02262121
9599,213269553.7119383
9600,62199949.67081748
9601,112667270.45902398
9602,79975996.85681194
9604,108284455.0489929
9605,200053947.70469278
9606,76917837.72833858
9607,44366114.061109915
9608,131978578.5389286
9609,76035952.72499035
9611,131075109.33001314
9612,234013348.80775592
9614,106531606.59244367
9615,339519606.77997655
9618,49361316.40915382
9619,228944366.8392547
9620,124767420.5185976
9621,50336661.74013247
9622,70785469.93538596
9624,158240174.93787983
9625,84178305.5784221
9626,117213350.82951558
9627,234014790.68218464
9628,80302477.22924668
9629,42698295.31507627
9630,95770190.16348566
9632,82288735.00606458
9633,125485919.19860525
9634,102494560.36455154
9635,94772675.56600523
9636,92851954.79171231
9637,56205071.31565513
9638,203039260.36970207
9639,50958386.26558942
9640,176482835.92027903
9641,59589589.552763164
9642,77593987.18595044
9643,145202463.36833417
9644,131523078.4245299
9645,73735597.79817253
9647,70021579.53001782
9648,74946070.23216788
9649,245484307.1292044
9650,53782296.44785365
9651,94495352.17959666
9652,62126931.21142183
9653,140494504.68139285
9654,99274258.19850539
9655,60988198.30056934
9656,54134608.461647764
9657,84619395.91600364
9658,32453282.964477267
9659,98450286.6811591
9661,125162329.08722346
9662,155293860.2582501
9663,120020959.37768415
9664,70348997.54852079
9665,47604940.19739286
9666,75010688.82205817
9668,152947895.9117607
9669,108139200.01345594
9670,152717720.51370987
9671,81357516.3139216
9672,40702984.88173947
9673,217185995.06579068
9674,120909156.15869397
9676,118999271.71824242
9677,52560847.9295377
9678,86496498.61004645
9679,122100357.56977145
9680,97238088.00655678
9681,59069198.23448647
9682,165675385.50017706
9683,73517687.54970598
9684,91831440.61487351
9685,125798949.28997497
9686,155955193.1922192
9688,64686406.05951565
9689,78245449.25240657
9690,139786803.96695867
9691,275045976.5060174
9694,125971727.2994807
9696,83721579.82433379
9697,109431099.71217401
9698,81421891.692021
9700,91528292.74069181
9701,50680813.732503906
9702,259062523.25029826
9703,65256151.902515665
9704,174793506.5553118
9706,55927663.72607127
9707,140965836.85437107
9708,92447955.3090262
9710,92700435.74290529
9711,201192883.5394625
9712,54859748.932134636
9713,111520166.94442472
9715,74761376.6448027
9716,134439601.2615571
9717,118474097.76947756
9719,234761403.23185137
9721,51276723.745869525
9722,129228719.92734618
9723,130258176.28217001
9724,52499074.659463465
9726,87551775.1296247
9727,90495645.85328835
9728,81111051.42297946
9729,55707485.67887271
9730,107892050.29758894
9731,83930089.7829969
9732,59879074.6186186
9733,52284204.486459404
9734,97051802.83407533
9735,48340537.6511293
9736,80880903.24151883
9737,105807292.05723879
9738,103808501.69407322
9739,118532039.56325473
9740,110119970.58117278
9741,100854991.83482018
9742,69484678.51919633
9743,127185480.20229925
9744,76502143.52456073
9746,136269918.95044947
9747,244669797.80460438
9748,48715039.5180417
9749,82863618.14934376
9750,152420464.50305977
9751,104482500.67633568
9752,122057671.62867424
9753,79071516.58641791
9754,299117654.44133013
9755,109191624.16640383
9756,60607234.52806762
9757,250451444.2292332
9758,134535318.96452358
9759,56439610.493202046
9760,125725925.70121083
9761,102837706.2168961
9762,109096715.54519165
9763,156600036.17962775
9765,55995023.79750976
9766,132692385.87593691
9767,110019708.32490143
9768,115319644.65804322
9769,280557372.00938773
9770,75100766.44868706
9771,123835782.06637014
9772,80272329.56000675
9773,63336284.91102293
9774,88871647.40608466
9775,71886802.47394708
9776,203278750.24947536
9778,77764433.81501733
9779,111403486.07571141
9780,100109500.64926942
9782,129650246.36419705
9783,53870368.05693485
9784,81401588.56069243
9786,80960087.25484736
9788,77517163.08870785
9789,80597582.2330484
9790,248331540.58335587
9791,95106269.07035606
9792,66435529.411560155
9793,48353038.511443585
9794,163018129.02691308
9795,96233872.65392235
9796,93418038.73959288
9797,156145805.250444
9798,183094970.0023851
9799,93547758.80216932
9800,83071909.81300732
9801,101088392.66068222
9802,77702432.96036531
9804,78145517.93506232
9805,188058680.50835365
9806,182139685.23115468
9807,52545633.60793161
9808,90586161.10439295
9809,92270063.40226619
9810,122213698.94581388
9811,72887822.58645704
9813,94388172.75381914
9815,124590664.19558309
9816,68054179.95943186
9817,85714128.64906454
9818,54282290.2871985
9819,77959274.91398872
9820,97220171.66330549
9821,161570915.44203603
9822,75642044.6067891
9823,88694508.020268
9824,66763673.77841675
9825,126651307.20385297
9826,355959035.6819824
9827,39642709.22548841
9828,70660351.14919986
9829,146717791.44933525
9830,115418008.89687744
9831,91622699.67180212
9833,51149713.05263448
9834,159086122.0821094
9835,102524167.94237773
9836,111752276.45438129
9837,78998185.68782091
9838,96871866.6493935
9839,106089922.44368102
9840,119259721.69790162
9841,164872088.29417384
9842,59039241.236879125
9843,104241521.43991022
9844,125029172.61909205
9845,183668667.16931766
9847,116588788.55429882
9849,104139084.12754977
9850,98237620.12638214
9852,49114367.48151687
9853,79283304.78515972
9854,62504784.803072825
9855,69128851.50056136
9856,59418903.90060641
9857,111711080.36199024
9858,90020358.23602945
9860,86743273.61148547
9861,102547870.88279517
9862,118294701.58879976
9864,99276538.78978306
9865,92295427.42155813
9866,115015528.92392874
9867,113356258.03890654
9868,53955420.52075318
9870,70434010.77914022
9871,95620329.10442549
9872,42002075.57584269
9874,348410693.82605904
9875,251864988.87816423
9876,43508560.79305724
9877,212138014.23042494
9878,120101138.80549487
9879,84202471.29495871
9880,140239745.18775168
9881,99572385.12665404
9882,57633027.96141615
9883,55437451.031246744
9884,80473179.42189519
9885,60900615.34665495
9886,116940478.24046068
9887,125138558.15835229
9888,43044521.504721195
9889,109707169.21150403
9890,69396084.66930054
9891,66169566.55175323
9892,120545830.73992486
9893,78740427.74052219
9894,128391155.70693184
9895,65271951.32659046
9896,87213237.66590585
9897,88376382.60477945
9898,110973064.09551378
9899,124353235.12514746
9900,156891317.04358244
9901,59619789.077411205
9902,76193383.55359149
9903,81082101.04627845
9904,105988635.55212809
9905,49655020.51489448
9906,234661063.48195726
9908,84320053.39352556
9909,136181401.41642055
9910,90543987.51867054
9911,94165650.11232054
9912,72911562.83480756
9913,88582345.453561
9914,101449511.26799466
9916,59995423.740029074
9917,47205825.624080904
9918,79843977.73012549
9919,73925879.83907044
9920,105621537.84916236
9922,152849212.23938543
9924,159798789.4984233
9925,69299288.71524216
9927,81159159.6608175
9928,165035706.45099065
9929,73895989.29645678
9930,103030676.46353862
9931,49432932.53540387
9933,57517359.76102006
9934,60154578.064450555
9935,83359079.18932848
9937,87670365.01152691
9939,98953496.1058564
9940,180463566.18633723
9941,67229741.47995275
9942,61834528.555649206
9943,259330179.01190406
9944,207463709.35031945
9945,106317906.47089611
9946,149219363.6982193
9947,90116352.53872316
9948,101098535.50959584
9949,67683505.35863185
9950,185034077.02204975
9951,89929140.5725591
9952,75658331.76178272
9953,74187627.73934819
9954,111353680.55862577
9955,169448942.29419807
9957,201146736.94671088
9959,71175191.45182815
9960,57815739.91190071
9961,167695314.51569355
9963,108626541.87589835
9964,61913757.45504367
9965,80109172.02760416
9967,126136763.44805443
9968,39099574.59243602
9969,144223120.2609298
9970,49168982.80866117
9971,71358870.09971617
9972,96272818.69010821
9973,57308532.94666932
9974,71402580.68263383
9975,156684266.00873345
9978,69806482.7674978
9979,92976181.73830248
9980,48393480.3956306
9982,70385355.38740538
9983,105473158.60390721
9984,105806795.05810538
9985,45534969.1240222
9986,101406699.73441221
9987,53856719.63843052
9988,60259949.06555014
9989,96266358.98623432
9990,130232675.38596511
9991,51102934.31226662
9992,154715385.95546934
9993,217937846.3674293
9994,80971938.48467526
9995,59312245.79704603
9996,62176991.3081915
9997,49308036.46778859
9998,89596162.48664373
9999,92361147.88864627
10001,116029442.1905008
10003,53420680.4827022
10004,128976229.01494128
10005,94028103.82586904
10006,68914402.74740614
10007,32692611.513353486
10008,81661549.71833955
10009,69651749.57084285
10010,82759733.18644528
10011,87536090.5462016
10012,119594471.66773447
10013,111241544.07027125
10015,178870950.48091078
10016,99255686.99016692
10017,104574124.60575959
10018,48904950.04200089
10019,136256069.12252706
10020,80806194.49188861
10021,71105587.55956186
10022,88826943.83318982
10023,95078638.97166918
10024,87716766.88552772
10025,97842925.77635793
10027,135437425.39977673
10028,36267753.6989411
10029,108486096.41109371
10030,60930208.611296445
10031,101715406.643186
10032,71884880.09663346
10034,142410831.73066968
10035,61220576.90544982
10037,140185901.48610136
10038,201366592.6209043
10039,44651046.294465035
10040,84908187.16902366
10041,121407436.7301487
10042,161611789.22349367
10043,179552829.82913804
10044,135141444.93858024
10045,84514466.46951658
10047,69170376.7007913
10048,138139117.66448298
10050,71356899.32802357
10051,63093125.883363344
10053,60600133.176641695
10054,71950344.90180546
10056,103266945.32913259
10057,122515105.37663141
10058,101816120.9039249
10059,44926214.682020925
10060,59100852.81748875
10062,68172437.9155676
10063,106470852.56615439
10064,119369495.02785958
10065,74968159.82739118
10066,75485900.76367773
10067,97706313.30907431
10068,97420538.27376983
10069,91365080.908166
10070,44822519.65737276
10071,89601256.23100157
10072,111575508.59240502
10073,86188412.95596479
10074,178670087.32826665
10075,196172234.67101425
10077,208129651.43766192
10078,79490891.00430071
10079,55497704.228220955
10080,61738740.38388286
10081,79955764.59447555
10082,49247327.26941287
10083,96858743.10691004
10084,317001791.0796726
10085,146886807.3859857
10086,35782216.08844088
10087,115174589.1303038
10088,34342201.11615937
10089,72158456.04981731
10090,81753650.78000154
10092,68709003.39566387
10093,136495262.61501488
10094,59406407.91095106
10095,69091202.37123084
10096,60298109.93396032
10097,83865249.59115505
10098,183152106.1616713
10099,141900744.2133765
10100,164551833.21743304
10102,42941221.55289207
10103,69779878.99266897
10104,122285888.68978712
10105,165691932.85850757
10106,58146960.85832381
10107,113961211.94044076
10108,98146247.90672468
10109,250233914.07659385
10111,96178009.76345633
10112,82588294.31154142
10113,133653270.1213611
10114,92867675.2453864
10117,85342449.4452474
10118,57202941.93361922
10119,134434590.99547857
10120,160151259.41545516
10121,192620287.29195246
10122,154949503.39506632
10123,123022928.24852742
10124,66811329.95936274
10125,79234331.79117362
10126,88975463.57777612
10127,93793042.38542217
10128,69582576.45851666
10129,131690086.91256171
10130,43318040.43362104
10131,228456616.07975376
10132,124540273.4820092
10133,97201540.07270063
10134,57512736.171837606
10135,246369605.511226
10136,129689145.11228572
10137,257621699.04183745
10138,124030492.90289654
10139,64644384.43683913
10140,125903115.30232121
10141,65885159.09418199
10144,95726997.52084446
10145,70258970.44933909
10146,79440663.9723696
10147,59619309.813285194
10149,87233724.38818225
10150,64936757.72274047
10151,88466311.17525804
10152,60848456.31487994
10154,135455637.196607
10155,113251102.54718103
10156,109247068.99981746
10157,88777910.34756535
10158,58986018.41011722
10161,87794225.16176443
10162,217063649.15653792
10163,68918538.12009588
10164,67728667.29221682
10165,64493980.5571299
10166,91872657.73061901
10167,138616693.71415994
10168,58116567.12374483
10169,68006786.43115108
10170,157966090.09776682
10171,112678654.42151341
10172,52367722.08430589
10173,68830270.1616808
10174,50912478.320106104
10175,118990527.8641249
10176,156315302.72825792
10177,74071745.68944357
10178,86995553.54066028
10179,64336795.36628592
10180,94760953.96373975
10183,138564266.36798534
10184,90469959.30392624
10185,40751329.66859309
10186,77568266.46265802
10187,84775722.83360706
10188,44619784.49133734
10189,138325453.07359877
10190,38240627.696569756
10191,122326538.9973592
10192,166433517.3851342
10193,95569340.27746175
10194,101036643.76510683
10195,85380631.27005948
10196,65391679.99771585
10197,66913769.862762004
10199,127888043.17680603
10200,121110068.11235882
10201,349937407.88713175
10202,124887045.6765184
10203,127397382.70622791
10204,53034459.091716506
10205,115241902.13882747
10206,132562012.19446482
10207,93520548.406547
10208,127655242.41696452
10209,159480943.37234145
10210,233213304.0934999
10212,73805020.87720695
10213,119614501.64853083
10214,59018578.40770887
10215,77271468.28400718
10216,140811339.4384514
10217,180086402.2412886
10218,116099645.94740573
10219,82917331.96733306
10220,53814134.84668081
10221,105263335.93151519
10222,69519741.70088497
10223,59526440.53936631
10224,101377822.15305287
10226,38726247.23650274
10228,101659160.9883301
10229,44293698.4194192
10230,87026651.77389316
10231,60520308.42641305
10232,226163879.53019288
10233,52865721.00792371
10234,72886472.1931506
10235,84537548.91758843
10236,49146655.71332842
10237,154675417.4961477
10238,85101579.75684671
10239,91351279.77050206
10240,34735816.626470864
10241,48964689.24223031
10243,155584277.33939412
10244,51910922.828443944
10245,119690580.40547454
10246,183594804.6073357
10247,178787238.931726
10248,90128305.13879195
10249,127249536.71619794
10250,111659881.41004495
10251,318703717.60836965
10252,201969124.73188603
10253,94492902.74689579
10254,64929735.48433419
10255,59561310.022005565
10256,157764676.27144566
10257,69975893.52273956
10258,150142745.11733472
10259,81769559.36224157
10260,155122700.04316467
10261,49607324.50300029
10262,73450319.38661872
10263,84231866.05590352
10264,62640341.5262663
10265,49417958.723038465
10266,58722593.85421637
10267,67726373.20213223
10268,101955509.78746216
10269,134751115.4372614
10270,68824003.8545164
10271,91774515.89099848
10272,74837055.06739564
10273,103069481.02417937
10274,70947126.52582885
10275,56321472.80906185
10278,65492303.34532921
10280,46103223.09038255
10281,99380747.93178776
10282,54096673.03164098
10283,77682958.10185672
10284,48321251.36120728
10285,129989956.17845714
10286,62361769.80020383
10287,101015770.09074308
10288,82108169.39164977
10289,87577378.23307821
10290,167871767.62869078
10291,91076587.87912118
10292,72752714.11997683
10293,130356510.53183757
10296,89983788.06204312
10297,84151259.6573169
10298,102463661.02614307
10299,45680901.117605925
10300,89833327.14018305
10301,105529792.96668386
10302,60225295.6215026
10303,80175359.31261212
10304,285221311.6573014
10306,47309412.18055036
10307,105448158.76575631
10308,83164762.88586523
10309,33920199.55141305
10310,91223783.64622438
10311,72233218.50915763
10313,50266793.805750936
10314,55100925.03148281
10315,68322199.33681844
10316,65080018.43303361
10317,50981081.72095385
10318,44088405.86729652
10319,95354445.971375
10320,213534130.07000047
10321,94145858.24425997
10322,48560151.39932926
10323,185294863.76687628
10325,44474427.73625214
10326,108177528.30509353
10327,207445627.6798086
10328,96923315.05291763
10329,46551457.49818054
10330,202216255.1645302
10331,114261560.11599332
10332,69041301.54667187
10333,90925361.21945034
10334,62922337.799119994
10335,109244991.69573323
10336,75220058.53825551
10337,139170986.75004426
10338,58653971.44424417
10339,63073550.96558179
10340,93189526.74138354
10341,56497675.79063649
10342,105847468.65922727
10343,53127871.17098339
10344,48790787.36012879
10345,104644827.63660683
10346,218160449.93583885
10347,62874150.53187906
10348,210535755.25305098
10349,131680609.96520461
10350,108798977.81434081
10351,65094984.66148403
10352,95555689.01740418
10353,75511398.366133
10354,85194832.20149724
10355,82839434.2156316
10358,49583473.41898509
10361,38500198.46039075
10362,260375520.92995888
10363,50331812.75949165
10364,64665777.67065112
10365,163411562.06289122
10368,66929855.050544366
10369,59993740.19440807
10370,110344612.53870879
10371,91723266.47169839
10372,70502206.2285743
10373,167306670.031444
10374,80865470.51121284
10375,101039466.74495547
10376,65386666.32426917
10377,233710389.95637232
10378,66076588.22566351
10379,36258786.75384916
10380,212009174.2673105
10381,257841218.50024638
10382,51747537.48885692
10384,99750262.17973204
10385,230035124.65738383
10386,68988057.31330651
10388,69592738.9757035
10389,66291921.41789302
10390,91720011.01150158
10391,290987533.1390185
10394,163151046.45964018
10395,89860846.26901053
10396,105561582.26735388
10397,71186674.39041583
10398,56679036.81256256
10399,81659926.78874366
10401,38720113.19244318
10402,173445014.4017972
10403,91959319.2422028
10404,43759164.510723256
10405,144708961.10350782
10406,47738289.44939328
10407,63376660.929796815
10408,89378029.7251401
10409,95772763.92579028
10410,69996051.92063913
10411,134300213.88782042
10412,98513397.12359333
10413,113453553.0964232
10414,223029624.96904662
10415,50730900.05604747
10416,66574810.98403828
10417,63615982.529852055
10418,106340545.2706767
10419,97762485.74798766
10420,79718346.6726344
10421,50104399.04660674
10423,70820550.12951957
10424,138135344.01448652
10425,86888290.86428514
10427,97736459.6723373
10428,73015142.22190888
10429,117211838.76620372
10430,62804047.11882703
10431,89073660.68172717
10432,87436115.49760263
10433,84921782.61653441
10434,63665865.720636696
10435,312157528.3177639
10436,149093179.43044323
10437,91752063.63493046
10438,72985338.32781006
10439,113971887.35396491
10440,112552176.27715132
10442,166056183.80863458
10443,81597222.11123802
10446,96163239.0905886
10447,53104783.06938679
10449,102578567.61685883
10450,79876296.58673318
10451,90082243.77821025
10452,67263891.9257335
10453,55827526.964125246
10454,93611697.07951201
10456,49246812.600412965
10457,91500038.61464061
10458,56287150.31445751
10459,60058744.8764881
10461,70927759.81518883
10462,59160468.91161479
10463,80634625.89657961
10464,54731527.34073341
10465,59426570.163924
10466,57222089.304609425
10467,46873306.05399677
10468,67974528.50502294
10469,62662029.50115455
10472,119854423.26010261
10473,116782419.10448092
10474,89214840.63003625
10475,48663183.36255907
10476,48424993.233714566
10477,59178463.64211608
10478,179098724.43770024
10479,75397212.14655337
10480,54700614.827764414
10482,62188749.76708318
10483,157152897.5943043
10484,79617739.19409345
10486,104591259.74468063
10487,56314399.33037846
10488,111902703.944373
10489,74777510.90442611
10490,76916479.07024722
10491,149468435.292397
10493,53930540.221113674
10494,43646740.9673363
10495,123717177.07285163
10496,150250402.7649159
10497,47517563.10738173
10498,65208850.85374278
10499,189864550.10564145
10500,51430315.40558498
10501,39221352.757734224
10502,164562214.98406655
10503,137435310.29999715
10504,72153128.50382608
10505,82780226.00069255
10507,107330603.27210538
10508,55510017.62222602
10510,124631625.7670172
10511,119115613.57499215
10512,79353261.5917592
10513,92267215.32061914
10514,147372180.84005982
10515,66319075.53457435
10516,73370964.48857673
10517,96450165.23540634
10518,86187566.25474705
10519,63208576.51893311
10520,86871982.53487402
10521,41090708.17399281
10522,80153531.03431134
10523,73630596.39275987
10524,129565532.88317442
10525,226948135.58260456
10526,111822580.88178152
10527,76300665.35325372
10528,141944552.11774355
10529,176496515.24733552
10530,82949533.85763921
10531,72723399.12671994
10533,94669728.215565
10534,170684940.3130032
10535,131176529.79101978
10536,68146537.26413861
10537,47891790.64702585
10538,138612439.497465
10539,139339033.58772314
10540,98197549.26803115
10541,120041738.11544448
10542,105200768.92275007
10543,112228988.56902166
10544,122013777.46769148
10545,131972377.99753045
10546,122704412.46619087
10547,44970823.564967774
10548,72875113.758515
10549,112390124.97309607
10550,104303673.85318866
10552,184033935.34604472
10554,54311239.42838907
10555,84492498.56094715
10556,44952181.646683075
10557,22430152.573568746
10558,58406182.061473906
10559,85792149.6080903
10560,95160655.77161753
10561,59782699.652656615
10562,128814451.77517986
10563,228275197.7429802
10564,121262431.07608435
10565,148804605.08900926
10566,86626106.00471547
10567,216193926.25564614
10568,61657489.887411505
10569,49516387.77532096
10570,124467783.34168549
10571,154839821.094453
10572,69020961.0595283
10573,84512224.80242504
10575,63643413.343468785
10577,111201411.44693278
10578,61683127.652944304
10579,86078619.12029622
10580,69307526.37218973
10581,94437323.00066568
10582,89097097.23508324
10583,172355587.35010046
10584,296931732.5332683
10585,71251310.5555013
10587,48840287.21857546
10588,63773409.28920665
10589,78250609.71386564
10590,118117304.63084808
10591,37422696.24982794
10592,69961878.27564712
10593,50959669.320805185
10594,95862920.94179755
10595,48931706.73740802
10597,88924580.83164679
10598,92350100.7156148
10599,87675513.9455551
10600,62688502.364879936
10601,36033083.12478437
10602,76716725.59644035
10603,91571476.50058039
10604,61542923.94310166
10605,89362346.84879072
10606,51567036.60011711
10608,66916301.41122366
10609,63411996.45455568
10610,63162764.62959605
10613,146112176.50668076
10616,152168215.0221948
10617,75784301.13794899
10618,172444543.53882128
10619,139785503.3140329
10620,76424924.83279338
10621,171451625.0429252
10622,99272831.49185997
10623,82036173.24062137
10624,73582833.61414795
10625,95853548.0027068
10626,44445785.682016656
10627,83153676.2636484
10629,132125236.56070547
10630,44778562.47879256
10631,83235187.47475189
10632,123016333.71540864
10633,70586120.28127019
10634,45018235.01348231
10635,173805588.27381086
10636,88098117.72611728
10637,101510037.61813979
10638,103405200.76535311
10639,96826067.8385453
10640,121234072.49135092
10641,77545691.49123606
10642,70080464.8831151
10643,71984269.65385467
10644,96532021.73005398
10645,78293652.73077185
10646,152710386.47142568
10647,72222332.45588648
10650,96821815.4561965
10651,106399525.31108989
10652,96896320.38489957
10654,51363808.70753152
10655,51829468.52323846
10656,165151979.71732506
10657,151084275.9207067
10658,115912408.3601546
10659,148772197.0683255
10660,204968759.3783585
10661,86145792.8288443
10662,131451843.94580372
10663,45696746.31242402
10664,106083345.62334424
10665,103666702.19626042
10666,91765209.0347318
10667,175735164.8684248
10668,76246166.9206547
10669,61025502.981324576
10670,61537696.330562524
10671,100198512.57662773
10672,98041730.5880858
10673,152725794.2642442
10674,185814618.88783062
10675,77451324.41564435
10676,184329642.73225996
10677,52603580.10366563
10678,182090381.87505552
10679,121636871.34550133
10680,92595656.75752613
10681,155058997.11320764
10682,182945127.95976737
10683,85341621.30337514
10684,57442981.28518219
10685,110409883.8658018
10686,73279969.95140736
10687,135835749.2148259
10688,93787272.87040344
10689,62812809.956293404
10690,145305075.34926787
10693,83889169.80195709
10694,58527267.418304995
10695,77259427.9377807
10696,100141204.76632613
10697,101141755.52676931
10698,94510195.39027433
10699,61722263.26738232
10700,80345175.85030358
10701,74712940.79885323
10703,144698234.35121074
10704,150896136.66736355
10706,109709524.01327729
10707,206277497.2760003
10708,51460596.39201125
10709,81437405.08872558
10711,99604800.2365965
10712,72480010.44606175
10714,116905611.41885172
10715,120614115.76748739
10716,85578138.49475992
10718,85215357.56173912
10719,172526966.98729068
10720,92470475.93403572
10722,113569866.89918259
10723,214292239.63063782
10724,83915615.88226324
10725,40998462.33631896
10726,100515045.39257422
10727,49759584.71228693
10728,70298037.64619774
10729,63770697.62195338
10730,48157231.650414474
10732,143873322.93293536
10734,53324304.58074626
10735,63479317.58106096
10737,124054419.04116172
10738,336264784.84547013
10739,66332136.39884734
10740,261661927.8059711
10741,184527430.60367826
10742,179212716.91480657
10743,51372643.92872847
10744,90370069.67822915
10745,89285527.65696886
10746,72094677.06764647
10747,237087831.79775384
10748,120214892.93636218
10749,227489323.24261624
10750,120822338.26678473
10751,75848309.724232
10752,145729589.46861735
10753,39314804.277714886
10755,60812606.13785375
10756,151728480.9248831
10757,67666028.40279354
10758,67591420.57132214
10759,72842245.76762195
10760,103977659.91268104
10762,78171535.4418695
10763,129184129.83082439
10764,85933088.28139012
10765,84298903.70373587
10766,114619790.72679491
10768,99762559.43008472
10769,68638818.9626734
10770,86699399.48846027
10774,204338379.79873744
10775,60852039.40182589
10776,115158797.55832767
10778,127651271.97027722
10779,182411074.48589742
10780,61810596.83596919
10783,89614758.59982522
10784,96518671.1109925
10785,128154789.18806383
10787,52420381.00820544
10788,75651787.75896873
10789,133725257.70797497
10791,115451632.97807342
10792,62874833.60984065
10793,115840391.44979231
10794,96094967.16464163
10795,52768999.97836895
10796,69660116.81990036
10798,82575389.92490512
10800,216789235.61145464
10802,98960728.96452248
10803,69812986.33515571
10804,50110371.46809321
10805,93014522.5897494
10806,174351720.98688838
10808,57423764.74669035
10809,164089212.34743327
10810,64291612.36754479
10811,96825907.15380535
10812,148607019.34163412
10813,49912987.65392538
10815,69655337.20918247
10816,91037324.61345936
10817,99561495.23323542
10818,136559920.91073254
10819,94989802.10298581
10820,76797046.05051017
10821,54426424.01926608
10822,105108855.16078694
10823,93744820.6174878
10824,54096213.80909262
10825,82721940.68842244
10826,137109013.59371108
10827,50557697.947652124
10828,88101380.8753706
10829,43966759.37614154
10830,70317337.48711568
10831,117164771.91070278
10832,80391235.30750053
10833,41373217.21927486
10834,186138026.4035904
10835,82500489.40723315
10836,175971096.28946635
10837,351713640.7512987
10838,76627072.92404573
10839,75302707.65561
10840,61864285.731749885
10841,84565612.94557847
10846,76012965.50735354
10847,52710867.3177251
10848,108828620.74112745
10850,256441592.15314937
10851,107346031.20181435
10852,106279321.70471542
10853,92131504.67849948
10854,98985041.3262148
10855,213152149.83093855
10856,149937793.66588578
10857,90026246.45902036
10858,112969342.08119789
10859,293704930.7607138
10860,69551863.45434214
10862,147544670.25536418
10864,95780196.39225797
10865,132491926.31549197
10866,145449523.12376988
10867,63721249.66062265
10868,63947303.92887413
10869,38992433.82069521
10870,61229861.43884631
10871,69934366.71525407
10872,92824282.8851971
10873,69419418.52636121
10874,217708912.62476692
10875,69938474.54138894
10877,89182937.34617417
10878,145717132.21759728
10879,71967039.15756576
10880,117887504.37141933
10881,186669674.48159498
10882,62353810.690504976
10883,118441724.4480672
10884,152897836.2553245
10885,81775245.3884217
10888,186152129.44289243
10890,87144833.72869144
10891,63228393.41154949
10892,62340069.427461565
10893,122334101.40976943
10894,145648769.0917971
10895,157329240.2480499
10896,63922500.39219288
10897,59147171.76443861
10898,100020810.47926784
10899,101906303.28899786
10900,171869392.74834913
10901,68236335.33438791
10902,85953410.64974017
10903,60587651.118613206
10904,67120405.47848238
10905,98967948.91288722
10906,95652644.36579826
10907,185380276.71001092
10908,67099136.488683745
10909,67456306.38062567
10910,61645944.7078362
10912,133678005.08398208
10913,91147804.16515122
10914,163820900.2698442
10915,65385000.390011825
10916,99353582.55983107
10917,107689986.51630202
10919,106271533.1500912
10920,96250659.97716483
10921,82537712.51618508
10922,63239651.04437498
10924,43743873.85429251
10925,78731804.93797736
10926,51557603.81799585
10927,78547603.14434992
10928,109036724.334096
10929,53128155.61349985
10931,66758947.499448135
10932,141718060.16480383
10933,128745586.97603369
10934,73054003.62278312
10935,93008933.40191798
10936,90829124.93848953
10938,45308808.42068854
10939,116316312.21537936
10940,129508913.4177883
10941,72566878.5933223
10942,168358937.7204666
10943,81938240.48218818
10944,90724617.04881726
10945,66878675.50535879
10946,60973049.76198877
10947,44563509.04126086
10948,151375362.56492975
10949,191670338.0613849
10950,58049228.2409591
10951,130596720.32154156
10952,258793597.99209037
10953,186290588.23458543
10954,101738413.70239027
10955,47299254.26914074
10956,101954069.62950456
10958,73411833.79064216
10960,81061531.5844263
10961,76811093.78408514
10962,166121766.74225995
10963,120227128.5705952
10964,277630450.24934125
10965,164265809.01943067
10968,108668056.52477741
10969,125555856.29385689
10971,163573603.6585232
10972,72117464.32591893
10973,76403497.90211233
10974,67360525.17700657
10975,160509445.7233407
10976,72581731.69752955
10977,72665463.95051306
10978,124126646.56463315
10979,80131740.59222811
10980,179402275.8288115
10982,73869583.64005671
10983,151214086.04488337
10984,53385997.93974337
10986,55886787.16962614
10989,113871694.47743464
10990,54716273.53128589
10991,159957679.645863
10992,83572373.54076083
10993,81028788.4782778
10994,16111355.829499418
10995,82165365.65398628
10996,113005363.01734771
10998,51884035.59134567
10999,113558325.91278136
11000,114151627.98820892
11001,110937093.35417229
11002,69323745.30577476
11003,83110073.56493324
11005,84336127.20537923
11006,114307815.80007412
11007,58149705.31568707
11008,63302475.857266776
11010,182369870.16974968
11011,198383328.58697248
11012,74243759.86052825
11013,317157406.2038717
11014,103392455.09668863
11015,88653021.31211124
11016,69961439.77808818
11017,108516513.64066097
11018,107980101.75791466
11019,40306549.47637721
11020,42445259.41269859
11021,74633793.87279585
11024,82644436.00377029
11025,70638313.56218995
11026,115644975.44195169
11027,48667788.95980941
11028,77760399.14030075
11029,54122943.83986481
11030,160771264.09891304
11031,102136824.59293813
11032,89161442.64612746
11033,56995917.94390866
11034,133362802.63788547
11035,100498717.23765612
11036,84858620.18891382
11038,69085741.67927758
11041,174703814.48247916
11042,47317840.18745522
11043,91915215.71423438
11044,81516061.57598975
11045,63491554.82575369
11046,97549352.36366405
11047,109933157.97896996
11048,94113303.67150642
11049,34822534.737001106
11051,61354756.45581999
11052,62083620.94088244
11053,79395061.48655577
11054,63532232.11581123
11055,87570559.8111093
11056,69546347.94704928
11057,205648866.91057822
11059,84915860.36762807
11060,149730370.4361418
11061,388608922.44882184
11062,96364952.47302723
11063,50770189.28428022
11064,63946453.22773415
11067,72715720.73588902
11068,57115479.53612251
11070,100315557.39822721
11071,75860838.57107721
11072,86562241.47151706
11073,96232678.93037213
11074,164672576.7580426
11075,114057064.91470604
11077,93420101.4914816
11078,137048056.73792964
11080,147941503.8586908
11081,43121393.292357996
11082,54733404.59894477
11083,143836992.76702634
11085,115611299.9228445
11087,91467317.17693846
11088,95431723.837951
11089,144582148.4928039
11090,82532006.16305847
11091,36932347.768620685
11092,44337244.57410223
11093,71162436.943611
11094,204852657.54901612
11095,137862767.47018233
11096,150492844.23603365
11098,131381811.04581054
11099,235803723.97628272
11101,53696181.02118246
11102,87350152.56041208
11103,77452587.84962355
11104,45095987.59022256
11105,65302716.87249503
11106,65123883.78856196
11107,366949272.2995109
11108,106033116.43071716
11109,290159362.3257846
11110,108978127.87335496
11113,64158338.70202186
11114,136490474.54762182
11115,40177005.5632689
11116,81728097.86551656
11117,128473506.16014864
11119,98702542.2215764
11120,95803570.42681313
11121,60653234.39562216
11122,173487978.53998566
11123,58070286.709661245
11124,89885450.94917259
11125,89656564.95386952
11127,49824336.80375639
11128,64267689.2833147
11129,62035019.82214038
11130,117832373.54474315
11131,72447316.75345455
11132,230168420.83948174
11133,85489505.24114588
11134,74908426.2353365
11135,98716648.1245234
11136,74849185.15778339
11138,94784253.0795262
11141,173848510.89131674
11142,78334932.84046018
11143,49285216.58974819
11144,195270765.80789998
11145,152618683.57412332
11146,75645468.30336921
11147,298952059.76058
11149,75033066.15110067
11150,76106021.1270939
11151,123327691.22884253
11152,146570046.6301922
11154,87356192.17447315
11155,230072688.2444884
11156,61546865.896908335
11157,75786130.09378242
11158,104183320.7796643
11159,106569558.05639693
11160,118514262.93363266
11161,73668136.25644939
11162,60390998.90085722
11164,53340580.60801352
11165,67089203.447117016
11166,132615433.90965894
11169,197477138.43682593
11170,100978720.75802152
11171,85752284.66401398
11172,130622908.58461352
11173,59271950.060831934
11174,74426459.72781776
11175,214254552.6968279
11176,292958146.97785497
11177,106120458.68513091
11179,71018184.41027081
11180,101182144.81685431
11182,72504091.05028984
11183,94963502.70082857
11185,100885602.43474585
11186,95521718.13965881
11187,179327531.13072026
11188,256689102.3846991
11189,82671581.41610457
11190,73159704.1121028
11191,89468714.09747961
11192,84899782.27309479
11193,87367933.49632049
11194,72592524.6476124
11195,90260591.82977387
11196,114915493.32349245
11197,77150017.90431595
11198,86961878.53564623
11199,149058022.71096736
11201,90818189.59062791
11202,82692317.64427774
11203,149875547.57443795
11205,90589110.38745786
11208,82453526.52981196
11209,123184495.59941936
11210,66198423.79513826
11211,60573769.55169004
11212,80094512.06932361
11213,70296232.01331283
11214,69611760.24080329
11215,61273703.84174314
11216,77876880.98189713
11217,58701874.34164122
11218,84230897.15929435
11219,134959118.89309347
11220,306643406.98449457
11221,105411283.04532555
11222,86847094.11647537
11223,66101948.05162218
11224,145896105.4696277
11226,111452786.56090729
11227,105453537.4868265
11228,62342505.543779224
11229,55514318.22616392
11230,70756467.86881849
11231,53115409.212997235
11232,71640820.06971127
11233,56350767.9380249
11234,65592170.549627215
11235,68623596.4774781
11236,167492121.3079769
11237,71189432.50581607
11238,58198067.78427047
11239,58184772.156727664
11240,84780741.83565375
11241,72555450.5127342
11243,106826609.14897673
11244,107103559.89565039
11246,147696317.49361295
11247,132516853.07852344
11248,93220784.37654796
11249,113752400.43987991
11250,124211729.04955581
11251,121497322.60161632
11253,71074569.92186467
11254,126525047.7704331
11255,104349073.82099098
11256,73196744.32645069
11257,81183709.96867041
11258,112962893.48388375
11260,90217918.26188092
11261,103253230.46804573
11262,161262203.37846473
11263,139753340.08161718
11264,99783904.74956357
11266,215047557.08139518
11267,85289518.7659316
11269,81357056.6288106
11270,77663534.47474863
11271,69273713.3993685
11272,75675965.77340654
11273,62573939.95502137
11274,152712870.22257504
11275,174352076.46073645
11276,105002997.33241317
11278,131439861.02966765
11279,90569214.22262014
11281,238505912.93546605
11283,107020141.9315274
11284,60999370.145024724
11285,99975509.6885597
11287,72070767.18537413
11288,156347003.3704074
11290,62892341.9130732
11291,54415849.92008469
11292,65095312.30220959
11294,94666239.87538172
11295,82480526.4042367
11296,63387390.32918483
11297,285435526.1407766
11298,106405626.37081899
11299,82806044.66650937
11300,136265729.91317147
11301,73347207.13541436
11302,97534763.61228237
11303,158634505.01663426
11304,75263123.35130632
11305,227348564.10929638
11306,79563939.2407059
11307,195425071.46365932
11308,140850601.8723982
11309,85410132.35578349
11311,139049547.52800468
11312,97658175.73850352
11314,218482554.06512666
11315,155083153.65896773
11316,169620360.3916834
11317,70349489.29495217
11318,98913723.3457223
11320,66961770.30580191
11322,59834816.494807996
11323,66220823.66290848
11324,210568391.02529883
11325,71176533.57099457
11326,219868614.94562703
11327,68754674.70958668
11328,49879166.73177931
11330,104710326.1077824
11331,103440206.20932049
11332,90224442.40933721
11333,90249810.06434885
11334,92015392.71681944
11336,49671651.09084889
11337,104923196.58694209
11339,118130446.23840128
11340,63886076.04755194
11342,69284318.20676003
11343,244541408.12518767
11344,66295087.92102082
11345,134988080.71351987
11346,73932657.35023056
11347,89302303.64136231
11348,119318303.01011612
11349,149954955.58789575
11350,177928359.1793753
11351,67463890.20919122
11352,86359686.63040097
11354,60708874.51525051
11356,50559962.27455985
11357,127322127.96086116
11358,57553068.02285814
11359,91155217.72731343
11360,257864238.50183263
11361,81300149.23005535
11362,118598418.09598029
11364,95014703.84642407
11365,81134036.2736303
11366,79572192.85355675
11367,115250645.8889849
11369,253158938.61628437
11371,76074418.05255756
11372,44435061.301928334
11373,67263348.91766204
11374,102465910.29881744
11375,48228766.11746286
11376,63975703.2966018
11377,100965865.18457976
11378,106011190.10345082
11379,184832617.39316946
11380,82826670.26573679
11381,150754526.8937229
11382,98058257.21323457
11383,97835002.8451712
11384,143105202.36351958
11385,45298594.94995585
11386,127001411.06493495
11387,72451325.50407018
11388,58634924.28419599
11389,37254120.02665727
11390,66710556.292454965
11391,101266032.66599658
11392,61975560.65535724
11393,79073111.86391611
11395,79512819.12434359
11396,99022182.0604644
11397,115145538.00959386
11398,211836759.69671774
11399,83318760.61418416
11401,69783055.76765138
11403,120992643.55530542
11404,146553153.3487334
11407,73504548.83232336
11408,71583612.46658657
11409,146970536.55386767
11410,98601697.86178489
11411,94142901.23700504
11412,83938296.45361243
11413,74003416.5034001
11414,135096989.44670957
11415,68235892.36284561
11416,61599334.27011746
11417,115349787.9446685
11418,56932574.52026594
11419,108740216.67334464
11420,113895131.11348699
11422,112956082.69293478
11423,86545957.950977
11424,94301664.60128166
11425,91214326.18713482
11426,113009179.44962285
11427,73122540.75282463
11428,79593817.89691252
11429,73316708.98932467
11430,103137932.96980456
11431,160829644.428643
11433,64990216.69409414
11434,103118460.86273244
11435,184101849.96775287
11436,86479624.84482639
11437,140762922.15449622
11438,56240043.2681758
11439,283380148.8614354
11440,72962366.0662732
11441,87626111.30001171
11442,82360743.21740659
11443,87616568.26952505
11445,103283027.52353448
11446,60713654.572454974
11447,210503105.36404845
11449,57579415.43941403
11450,162587972.76684862
11452,174464827.66501212
11453,166414466.39817122
11454,91257284.20501415
11455,112035445.16744074
11456,137191912.65788633
11457,107259856.09673107
11458,111113963.90144902
11459,71311746.83404069
11461,70981219.61628184
11462,104317814.73744923
11463,93451375.60262364
11464,125437909.50877386
11465,43034906.32814078
11468,71703739.09175733
11469,86288018.865616
11470,79521045.99666566
11473,144911140.00498623
11474,157718692.85380653
11475,69426915.09125766
11476,41356522.14760749
11478,81682435.66366763
11479,55285566.35488847
11480,84168670.06700578
11481,79650484.00694898
11482,150253333.2731152
11483,93264294.7602039
11484,69156372.54900296
11486,121730761.4127872
11487,79213766.09789003
11488,112682371.74529962
11489,149026951.59030575
11490,88052351.0251167
11491,198510409.33146515
11492,123657891.35286027
11493,90080309.84526834
11494,108012345.729478
11495,94630828.41411053
11496,43191930.87189108
11497,86894817.9676945
11498,37491277.84898373
11499,123156016.37957092
11500,37693027.10755981
11502,87445485.17660023
11503,65393534.16185917
11504,92459400.82638066
11505,96302338.49667752
11506,115397527.98672485
11507,124661975.41624777
11508,57222942.44904989
11509,46930791.95279001
11510,80910171.49636197
11511,250412469.96978548
11512,71545025.84018826
11514,66088663.830646254
11515,166303971.8642363
11516,71865040.53870167
11518,131946167.71506852
11519,58110275.65249815
11521,147522622.75748494
11522,59760322.669397354
11523,63697022.60789426
11524,84860935.17742737
11525,38449546.72914308
11526,111167255.7855742
11527,45581251.096870184
11528,148301952.52827147
11529,56967003.61811233
11531,64123513.86021518
11532,86629860.37981714
11533,94743867.87095353
11534,40112487.899581574
11535,63237707.26247631
11536,94801328.57492232
11537,110812753.6341631
11539,108640968.17813785
11540,154309406.53186896
11541,153947070.25299925
11542,91625575.16219056
11544,90300227.09429322
11545,76793098.6695312
11546,79726466.74471568
11547,117166507.87921093
11549,44183524.1451355
11550,113733402.51207867
11551,51080545.736363955
11552,104437165.00171709
11553,55056329.37246157
11554,65201304.00860295
11555,51402958.72154084
11556,125267956.79328413
11557,99997400.86773932
11558,70491903.4673769
11560,57707455.909562774
11561,127805258.68760511
11562,64861998.07395695
11563,86506634.96628377
11564,124409672.9682617
11565,99023650.91178016
11566,45968571.2629071
11567,77867919.42272569
11568,58420071.97463216
11569,123263258.11658242
11570,79328620.66166976
11571,121858933.56097496
11572,100557154.07445215
11573,64185480.87371049
11574,71296584.17826654
11575,73863564.90986371
11576,55409624.828199714
11577,124956640.489246
11578,59021114.252490744
11579,317948756.939753
11580,104524918.53566317
11581,78599142.98000084
11582,74446067.10497817
11583,79293913.1759856
11584,79196967.1939211
11585,57421638.54418424
11586,56015906.215592004
11587,38999606.61510809
11588,163719870.6956094
11589,146608263.0110655
11590,79515880.08583267
11591,58141647.217404135
11592,139661329.31108403
11593,131894210.24797978
11594,71321009.06775545
11595,100197565.95148656
11596,69860301.99254648
11597,95953746.22486117
11598,237660075.27578622
11599,108180671.16855459
11600,79964423.54358236
11601,78903516.06071496
11602,71540257.2701972
11603,56758746.04662147
11604,76073444.13156995
11605,88318754.04255065
11606,99699482.28089842
11607,75658611.67627726
11608,71070902.89087765
11609,84707504.51902567
11610,186224027.76076695
11611,68482020.18265358
11612,78715877.01930964
11613,108848997.27399026
11614,60674804.4547258
11616,119641508.75131412
11617,53362001.631967716
11619,76280044.41308446
11621,38237365.53338312
11622,64080764.785806365
11623,101544098.27105832
11624,210789643.82097244
11625,93296911.4775133
11627,83067148.47846615
11628,71501232.63670065
11629,42014125.20242066
11630,77442799.82125652
11631,51148523.049481474
11632,51105066.828275874
11633,38389741.93000768
11634,123781999.96076879
11635,46062093.59364465
11636,63206879.0173005
11637,114812336.0306169
11638,68895303.55659127
11639,53037257.356908746
11641,90917691.68957478
11642,187441269.08586207
11643,44004600.9258783
11645,71784300.35275261
11646,88964920.77284448
11647,54179971.12554121
11648,99076622.3422013
11649,84486633.38909605
11650,65978581.48839458
11651,72440275.6714673
11652,43444771.15087074
11653,44928777.83289794
11655,63986310.76985583
11656,83506704.41281304
11657,77249596.26124741
11658,70545041.05914412
11659,98892263.60628122
11660,77909157.6798289
11661,49712997.85083224
11662,134515267.31884804
11665,54035516.95348959
11666,112932266.0057443
11667,73305121.05876437
11668,154687460.13615984
11671,263806836.1848706
11672,108365348.07459867
11673,128259824.76899436
11675,93541040.50831378
11676,63902303.33770634
11677,53985438.95189189
11678,147405278.03386632
11679,65315252.23861689
11680,55645840.09283481
11681,60484013.27578564
11683,89690323.23925054
11684,135922962.35767427
11685,71309695.8951199
11686,140643357.2464546
11687,102345495.97816321
11688,105274614.89914106
11689,71760669.67560324
11690,81174552.78295642
11691,86887988.94505256
11692,65605629.56467224
11693,79631733.14290956
11694,68781968.71177118
11695,47801256.435323395
11696,67808494.21313721
11697,86340486.0339974
11698,83279139.68517314
11699,107627705.03127415
11700,72277523.96386515
11701,160199507.92641848
11702,99081035.83691701
11704,67661330.47143143
11706,75348351.69892405
11707,80979315.94498521
11710,96548995.78931963
11713,53149206.795765005
11714,99047808.67842516
11715,105397174.05359505
11718,56444551.303627476
11720,60991319.52326581
11721,101034152.19937858
11722,59799356.412388794
11724,118325740.2600225
11725,83477540.51470116
11726,144532646.0534823
11727,45883086.049885124
11728,71709149.08620164
11729,112253499.82678378
11730,65642826.44294426
11731,61568256.151103206
11732,63924601.65342695
11733,88948435.29455785
11734,55274345.83224633
11735,57076207.40969843
11736,89443350.37819737
11737,86468943.36114883
11739,117867621.08748057
11741,78271570.0014089
11743,112783795.89155415
11744,60549915.557704985
11745,169332799.94569582
11746,97953451.37257557
11747,195736909.90449974
11748,94355907.42951861
11749,79740255.1996274
11751,80273446.53356656
11752,65035609.54030465
11753,152884686.56503224
11754,317003814.7617149
11756,121421827.88480476
11757,192716914.96043846
11758,214170428.37920883
11759,87377637.88039753
11760,96565152.3454285
11761,49080376.713767
11762,122722041.86670949
11763,143035260.68425134
11764,65422131.623717695
11765,59631327.52291504
11766,163004198.25767088
11767,71263878.51672289
11768,129283315.14420836
11769,92226010.66323446
11770,47560508.629576474
11771,164946306.4045135
11772,79493773.84609656
11773,81269375.28950447
11774,123877278.26039034
11775,186322637.0492154
11776,105598958.47202262
11778,117093503.85876647
11779,115674868.01207973
11780,79266478.88803548
11781,106907800.47175117
11782,31672302.284457475
11783,72851993.31337354
11784,166611078.9458791
11785,59535158.60669475
11786,159203517.89901465
11787,39982666.07845286
11788,54019245.12667546
11789,78524048.4443866
11793,113371731.47837198
11794,136869202.5450379
11795,110003343.5540859
11796,102549587.81493461
11797,101911861.69032681
11798,68385843.74103111
11799,60124866.18475698
11801,139804449.5283943
11802,61446223.76704624
11803,63877528.261286415
11804,184191031.1014049
11805,54004015.52584273
11806,62808705.85181165
11807,68394747.60323253
11808,66613664.81405745
11809,82935306.09696096
11810,81772644.63552126
11811,67056733.821346305
11812,95446762.97584084
11813,68606779.41794784
11814,129635473.26179215
11815,135570365.82913494
11816,109861067.56069389
11817,41101194.996193156
11818,66505524.7615724
11819,106720693.9071226
11820,117531763.74914022
11821,150784109.64742905
11822,155177377.79597858
11823,95101063.12706906
11824,85636249.8147577
11825,71105666.69632323
11826,117294245.03447866
11827,57811512.698382564
11828,97374312.39870217
11829,85690376.70657563
11831,97819676.31903802
11832,91406518.15821558
11833,77761002.69207218
11834,172653909.6538938
11835,62149825.200908035
11836,55659591.77380961
11837,88043459.89313483
11838,65868638.92352969
11840,54734196.15120873
11841,82116975.73096755
11842,78926203.18669315
11843,99772356.15739475
11844,122169170.94328205
11845,87657793.63882317
11846,89583216.41984126
11847,64317321.455181554
11848,64851493.829143055
11849,147286036.60397437
11851,71515827.33825557
11852,92835524.29176085
11853,49414936.5451468
11855,93908607.15071283
11856,64139592.436436675
11857,177232521.22279707
11858,63292982.63008518
11859,60375053.624922164
11861,135840780.0151381
11862,120337563.07866728
11863,69406239.71156289
11864,70197461.4115077
11865,155111143.4258165
11866,136344201.66299105
11867,257153095.3776046
11868,80753252.78720884
11870,53659325.37151228
11871,88944345.64304425
11873,76367690.53879781
11874,120417551.88948298
11875,92673981.33413143
11876,78569434.4874171
11878,93487022.3172081
11879,70235998.30194296
11880,133748485.10323815
11881,63447421.15738386
11882,105532465.83793354
11883,96079524.28494583
11884,62827537.997842394
11885,78285796.56889348
11888,86061254.17698827
11889,58170610.67731727
11890,198494467.09529507
11891,78344958.9071283
11892,55169903.65887785
11895,83661264.12159473
11896,125800865.46809988
11899,268017038.61149892
11900,162551762.40200925
11901,83159019.38695551
11904,52582743.2861802
11905,130830281.93411179
11906,85364176.38129735
11907,126582621.61478424
11908,79928503.38484584
11909,86603044.70767742
11910,239625223.46408942
11911,159149848.49315044
11912,108882439.32675047
11913,168847949.85099494
11914,57706732.19539127
11915,74030671.34997925
11916,114756639.70318754
11917,64163765.621671125
11918,145076103.42148477
11919,71472358.85094611
11920,47930541.63999055
11921,107469358.5193153
11922,61782340.70744622
11923,83334707.43730259
11924,50869431.01484902
11925,65540061.80390024
11926,63481345.43286352
11927,198804675.693451
11929,152208076.80761185
11930,164358718.6973108
11931,52349846.050298296
11932,124072451.49792948
11933,116462897.49938905
11934,95417983.78513318
11935,96323623.97500849
11936,73139039.20843482
11937,45079764.071580686
11938,45078705.154941685
11939,56656810.59473779
11943,135578756.47909138
11945,181106459.3984331
11946,220985485.42780367
11947,71788060.31825325
11948,144521864.98818085
11949,75960624.3672912
11950,51135789.690636724
11951,64831671.06003392
11952,61953629.48883703
11953,60206089.77096068
11954,101834351.34555326
11955,70276647.72988133
11956,107905402.64265974
11957,64751123.58620323
11958,58803706.24151144
11959,108958130.80773357
11960,374400922.6911275
11961,56448820.36891865
11962,60029035.6314137
11964,93150157.54785094
11965,114597018.89328557
11966,147435862.81281924
11968,59970073.66554169
11969,81909315.5960048
11971,79018455.07723406
11973,71852452.65493529
11976,117304229.66836545
11977,72849121.04915953
11978,113571916.93145029
11979,69726968.8898809
11981,189177198.72959006
11982,82229076.87078086
11983,63943042.92081248
11984,52837587.41591538
11985,128444007.06768288
11987,142984725.584463
11988,231726789.3703478
11989,96289769.97783674
11990,78687140.05486447
11992,94904183.74762942
11993,228354343.56230098
11994,115373790.01132786
11995,82148441.13552165
11996,100612009.67618279
11997,91678963.35132825
11998,157842508.16591433
11999,112657954.72998025
12000,204208912.58302215
12001,103788345.11872219
12002,81049962.0084291
12003,163569386.23094004
12004,150357838.9122187
12006,223429596.41292185
12007,57820921.837547034
12008,93341955.25940974
12009,69734533.42941204
12010,233254707.00236648
12011,69658346.12743162
12012,40193924.0546859
12013,98606814.99489136
12014,48926481.96622219
12016,62704388.387332566
12019,230833957.33352935
12020,168626889.01362705
12021,353101061.6749667
12022,61412452.713478796
12024,216305620.88917413
12025,68754827.08694799
12026,90359570.80587152
12027,80798233.30702145
12028,228863598.60307792
12029,82326582.79985584
12030,79600938.83802567
12031,57433364.35149698
12032,51484120.15872287
12033,67052151.28655983
12034,96306359.11928669
12036,263757477.91655996
12037,98827421.36378627
12039,251854943.6405136
12040,128218942.05692138
12041,67673073.18314454
12042,72116465.7690641
12043,156586975.80381325
12044,65432279.59369678
12046,64591009.496560164
12047,130444722.7282406
12048,62464749.04534951
12049,52574114.30029722
12050,141675285.85438532
12051,60870248.55685131
12053,68483322.30766901
12054,183523863.42476562
12056,92969761.32574542
12057,73714842.88164426
12058,39366724.68420853
12059,126443438.51332022
12060,54061135.07723733
12061,121938318.86092702
12062,98862071.4888222
12063,48342089.810729794
12064,51575351.69687417
12065,74389817.53257236
12066,68916851.1430119
12067,47899367.72068548
12068,74115624.47601525
12069,68658284.74557878
12070,82285357.64253752
12071,78556209.04916114
12072,85655111.67050816
12073,84640329.96904008
12074,134126390.8379456
12075,42825280.79421622
12076,101860595.0891382
12077,92046104.74962908
12078,134281423.04047248
12079,165165622.91027957
12080,45214631.7223048
12081,53774073.52054479
12082,68389047.44369148
12083,70208058.8652839
12084,40827532.33537335
12085,137242397.61242402
12086,59101404.28789837
12087,314844803.60007095
12088,90334032.17935216
12089,73947369.29734792
12090,78514406.71470155
12092,48537032.331235394
12093,46980169.1764337
12096,57728181.40944517
12097,215582434.04457647
12098,89097839.16648747
12099,108217356.09854493
12100,91664632.33464907
12101,90675824.43413244
12102,92606538.18875365
12103,81262733.82198046
12104,54194757.22959015
12105,48641228.235065185
12106,74582206.46276118
12107,151445040.11960572
12108,255106362.80831206
12109,75388959.9982409
12110,144349131.6611764
12111,66858848.660293676
12112,105788441.1172616
12113,291466801.2805782
12114,58672519.835098095
12115,194925794.9577417
12116,129041550.2416548
12117,81794748.95908001
12118,360341286.7587313
12119,84550222.25149164
12120,61892232.419506975
12121,54931634.59436696
12122,59036333.10168601
12123,154857337.7185199
12124,100596794.53501892
12125,85251367.13477117
12126,70905220.05567384
12127,105362777.79914919
12128,73902868.6128168
12129,227607173.61981922
12130,58415071.92741434
12131,77943685.09265703
12132,122718059.13553871
12134,180496670.39053962
12135,78078849.91447708
12136,72284544.39688611
12137,118228215.47796609
12138,43708100.82633861
12139,258387749.8674615
12140,59216365.60769222
12141,135119866.14172155
12142,91137226.00806327
12143,88962514.29866922
12144,159329698.78140146
12146,96619185.93318819
12147,76702442.14478683
12148,97365559.63038924
12149,35409550.61554556
12150,65128576.23248627
12151,143701124.51795188
12152,127379133.06790565
12153,105587127.94699742
12154,119042542.61676481
12155,164966562.5387505
12156,55188772.29016239
12157,90134985.06410746
12158,206959039.94773927
12159,63603348.8552078
12160,56127037.56909368
12161,108737105.02055943
12162,88294119.1800686
12163,69376473.24151945
12164,52445578.00722265
12165,83225170.87184983
12166,117140654.24655405
12167,75010990.26198074
12168,102348396.4184644
12169,101062202.4232517
12170,75725988.08619638
12171,90245084.70608293
12172,59890510.04654787
12173,52763813.70941181
12174,76368886.86541404
12176,44820168.76976853
12177,245647667.60568786
12178,87583205.01662494
12179,87822145.92096624
12180,110436452.80439775
12181,95408603.10465613
12182,57771222.32056731
12183,70716383.7141949
12184,141856810.11333686
12186,95789390.4267426
12188,153746993.43904498
12189,67504793.78986889
12190,68689128.32691817
12191,77166787.63878246
12192,58215291.16296637
12195,61442640.57536039
12196,109850683.92445974
12197,231252926.79589328
12199,110411738.49439599
12201,209980566.98245412
12202,178350150.63858512
12204,100788332.68223935
12205,53138388.053104535
12206,71171479.34297904
12207,53753520.96722758
12208,109391601.73053136
12210,78846163.34873675
12211,84085134.86431104
12212,63726348.41912215
12213,142647158.19158712
12214,70787600.91534619
12215,180547677.5273702
12216,58331348.74243199
12217,243490062.56479594
12218,91536838.04068749
12221,102568508.48823778
12222,47651273.09150544
12223,78053589.30745906
12226,55841990.30114755
12227,50043201.270058975
12229,76043934.14045657
12230,174588179.5232609
12231,97307174.75338605
12232,70040243.0873457
12234,69153605.52995114
12235,179197020.21187168
12236,62026390.28463339
12237,218921277.94455373
12238,54149163.395668514
12239,148659903.57280797
12240,124530617.21308021
12241,79506939.40982531
12242,108668081.46344328
12243,56539310.62017037
12245,176640399.36090708
12246,71444297.7741474
12248,112375927.15839742
12250,259819808.631656
12251,100073294.26307634
12252,91898644.99841835
12254,140613688.16471452
12255,52744482.576889776
12257,107010317.94299279
12258,92473585.94459118
12261,55803956.12742431
12262,219447424.90104154
12263,230181523.77637637
12267,58789237.21940167
12268,95217200.61680323
12269,270973319.6949963
12270,254238179.82110986
12271,121296406.39300251
12272,212814500.94185275
12273,67818547.28231429
12274,78151784.78822623
12275,203963005.72016206
12276,245048459.84858924
12277,113969013.37296197
12278,126515539.98654445
12279,70082172.7413214
12280,71361649.06070851
12281,115434102.96495552
12283,44339907.4712637
12284,44730475.02316849
12285,66928020.32742727
12286,139111123.6998951
12287,84745844.6845093
12288,86066210.10241723
12289,53730984.4192024
12290,42456769.9194513
12291,92110535.16429524
12292,99355357.42018217
12293,233549936.22904754
12294,118787310.67418537
12295,45411678.15556316
12296,125508535.14308116
12297,148248733.87492386
12298,225085747.62796628
12299,60980168.12950549
12300,168857569.67745483
12301,99270171.6139175
12302,62830754.1684097
12304,90767926.57326165
12305,76139977.27169642
12306,62446763.42052025
12307,118596762.78946562
12308,237505243.8860973
12309,82484908.62225407
12310,73919258.13159665
12311,77207106.65067893
12312,51830776.327992335
12313,115228517.67277245
12314,64488290.93964523
12315,78295053.3988457
12316,60767561.414726846
12317,73399031.54296191
12318,86675398.18177298
12319,148128723.73514736
12320,179846606.97703138
12321,80144371.07582717
12322,41173531.27363843
12323,109042082.50360565
12324,99858056.12691298
12325,81016027.53507131
12326,201904843.56522545
12327,34922104.590354815
12328,152791816.85990354
12330,117700086.51287787
12331,124816772.60497653
12332,69421100.58214208
12333,87670002.73700635
12335,73381543.86112201
12336,106043107.54318161
12337,106864873.33648272
12338,99758384.00049062
12339,102540526.26727004
12340,206126072.57257786
12341,164005746.8455198
12342,93646897.60888702
12343,76762386.35629883
12344,87796831.1630277
12345,88902022.0093484
12346,170789974.10522702
12347,78290439.48156245
12348,71159919.342109
12350,72214598.46231566
12351,291384557.1889986
12354,173254808.4779675
12355,84273825.32987289
12356,66006656.2414593
12357,198365878.7403953
12358,62195112.61561605
12359,49198928.26828613
12360,50386923.3990563
12361,56557541.41080914
12362,86206523.13756236
12363,87476450.99634795
12364,82435823.93402384
12365,179622865.83738822
12366,95946558.94105688
12367,80411154.2357887
12368,186424391.53510833
12369,98023108.06184325
12370,161739212.81550947
12371,233130284.27726024
12372,102909159.92815048
12374,94955238.90496334
12375,40138918.83593211
12376,49836543.3120506
12377,74199041.97235043
12378,90707432.19530445
12379,92137555.71904537
12381,92892468.95364326
12382,68984088.1741126
12383,86121500.22905724
12384,77843654.83084157
12386,50004367.9511813
12387,60064557.41484705
12389,71271665.31389253
12390,58098188.069336735
12392,139711845.08553028
12393,54194094.556388676
12394,60232524.16642235
12395,66608318.16482775
12397,85298496.02481881
12398,77155851.19407795
12399,83141445.41163604
12400,116598601.30923195
12401,86894201.82090046
12402,59964900.90470892
12403,84370971.89746031
12404,52761021.87947752
12406,118159796.51111867
12407,133348074.44502658
12408,328774169.71530414
12409,129985646.77276365
12410,44969939.52019663
12411,204470048.2725019
12412,53093078.62670529
12414,76929570.08365493
12415,171165520.2015331
12417,152186871.6385146
12420,91264178.85437116
12421,80149116.57472388
12422,90188349.70572732
12424,106590602.47346716
12425,145466801.34395328
12426,95617454.93265074
12427,98710248.7221052
12428,147679790.85854775
12429,50956751.30667782
12430,67507125.21269196
12431,155269850.19438884
12432,62938855.98368376
12433,102806160.47767954
12434,73086604.52675937
12436,85248210.8848104
12438,153708824.0224855
12439,147927639.28138232
12440,228959638.36199048
12441,135203709.91502133
12442,51414242.67895118
12444,58520563.81556059
12445,46589899.77921966
12446,277766213.4893702
12449,55956952.817966536
12450,204217233.5170885
12452,76854468.36315021
12453,45653215.03343072
12454,56959560.650355026
12455,37128557.745228864
12457,94320130.0371257
12458,90026103.69724198
12460,91236927.54071465
12461,102396153.40133968
12462,81772751.40016177
12463,68411005.46480855
12464,40790608.367438905
12465,253425089.8751617
12466,49089918.98031397
12467,45497076.57134469
12468,84818921.3006607
12469,89716746.50681706
12470,83218436.30631612
12471,71238318.4714498
12472,130663839.47080071
12473,77681685.52523594
12474,76919667.38162915
12475,204178894.01861802
12476,59327775.84409952
12477,59695835.80733147
12478,72965256.74839965
12479,44701499.28800152
12481,112223168.42346045
12482,42669051.51591546
12483,103758396.07987006
12484,98375126.99347581
12485,34834902.31460783
12486,54997173.47923405
12487,141952564.65598783
12488,81984428.1056933
12489,115582980.11588448
12491,69380773.7736406
12492,74326727.02681495
12493,96301065.35932209
12494,71341161.90957929
12495,56858583.71544712
12496,130577129.32328595
12497,153627498.3148403
12499,55426135.61696421
12501,68883249.21132408
12502,60011262.18576024
12503,55612103.49291068
12504,257141760.94472975
12505,121192015.98044306
12506,113624537.92936498
12509,122645313.8084193
12510,73830750.56168285
12511,63101165.67003393
12512,60333488.63049384
12513,87727843.2160232
12515,52841871.07952597
12517,117828337.46597971
12518,138698809.2164517
12519,103076537.46410379
12520,121871229.1058602
12521,120407023.1793572
12522,106567270.60513149
12523,55570015.04786197
12524,68544428.55609946
12525,96541165.47932957
12526,231641742.02804768
12527,82903533.33315441
12528,101607909.9264718
12529,86324172.27330175
12530,106279890.55834056
12531,112154392.39303878
12532,77245479.69545367
12533,41283625.03785042
12534,72295845.71389243
12536,104205785.90639652
12537,90296094.07208654
12538,89491925.3315235
12539,216375640.57776302
12540,84760173.85513172
12541,58290659.438311815
12542,104564216.0452521
12543,60156627.13189176
12544,71282480.72646825
12545,82260872.40686914
12546,157114018.21732366
12547,71300639.92318487
12548,100127143.43835023
12549,227111697.6748954
12550,82345110.19299802
12551,59962561.081418425
12553,182393939.50488514
12554,82167428.05583303
12555,72071615.69947453
12556,134792437.33687088
12557,63007870.63970291
12558,144442528.2791625
12559,94859893.56731786
12560,86964668.93198003
12561,103800166.80226725
12562,152498799.87585732
12563,117400578.90669212
12565,121774084.78567459
12567,72439409.1636518
12568,86152511.27349807
12569,48924771.61717277
12570,81816088.26103248
12571,46898008.80278042
12572,205168056.4712
12573,101424963.85680254
12574,154220893.93586293
12575,100715844.36508091
12576,136231381.7454094
12577,83721030.57092273
12578,350668146.8110864
12579,137470396.3442917
12580,167476164.61676264
12581,109427080.61685325
12582,71713999.60254815
12583,80292430.91879237
12584,55299229.33589183
12585,80302149.14086889
12586,68169383.67676264
12587,140713353.75554088
12588,79329982.42903027
12590,91662381.35932454
12591,89614423.6418464
12592,45721151.941341385
12593,49641359.12807513
12594,213104708.56356022
12595,124816716.72713006
12596,109889204.76788437
12597,59115759.88583056
12598,71277624.21895622
12599,111240331.93710805
12600,71054091.9508038
12601,94013915.86981535
12602,39449088.77905474
12603,285933149.32474834
12604,77481705.45081344
12605,104756667.10229196
12606,96332523.2616492
12607,108654148.00057611
12608,87487399.0488597
12610,62623232.06627818
12611,91870967.83463973
12612,80650187.28593779
12613,182787934.65247285
12614,95833965.61484477
12615,57118343.04927901
12616,154422664.36173892
12617,147309252.46804512
12618,86193505.63676158
12619,31205129.680125225
12620,50258705.36623084
12621,237969962.79722697
12622,95428318.33197014
12623,90790956.58369283
12625,59239961.64994418
12626,162697692.72603908
12627,174410011.91895172
12628,76461190.72266142
12631,93624762.08866286
12632,73539693.51537624
12633,82081868.35864547
12634,98592827.26128057
12635,191639830.20619574
12636,100466154.4913467
12637,98874807.50544585
12638,66127164.90819413
12639,162187886.3646125
12640,63941911.3627252
12641,72677663.93199863
12643,56905367.94393132
12644,194809991.1751599
12645,66661940.3216679
12646,78113118.93234275
12647,154420072.2702188
12648,122494411.2355662
12649,55785909.65987724
12650,48209370.29731065
12651,86596670.47592275
12652,108359953.07883623
12653,77429953.58101106
12654,77579833.82758684
12655,154573139.7632645
12656,60236177.65049768
12657,59668547.451412044
12658,63445502.126519404
12659,53062944.85279277
12660,143410742.47677803
12661,142918697.7725554
12662,148397447.947117
12663,317305409.43464065
12664,118864162.11468999
12665,167002917.48675692
12667,150454788.008898
12668,49383890.6422865
12669,88001096.52914071
12670,189159615.52741224
12671,51197545.831411324
12672,50131718.15699636
12673,53336903.956968404
12675,115785632.21394221
12676,119846678.91920574
12677,71526696.72492808
12679,195206375.5120492
12681,105639526.89616032
12683,124766327.12359951
12684,213098428.3451646
12686,88575378.76029564
12687,65039784.885770075
12688,197419181.23732537
12690,199828967.04037908
12691,111563210.78678846
12693,84734737.75530519
12694,114775985.46358451
12695,70237841.11768673
12696,48507308.96889923
12698,132093487.22802256
12699,91916585.13080947
12700,54618435.071936145
12701,70369822.27953285
12702,59866916.45696182
12703,87650747.10143541
12704,181540414.98525602
12705,144248902.51876867
12706,137190770.18047342
12708,56844113.882034235
12710,66398903.22318649
12711,126121269.90595546
12712,183940258.5284543
12713,59628377.5500569
12715,77145831.23162666
12716,59388822.90549392
12717,126106532.42000097
12718,58172238.11811866
12719,196787487.73791373
12720,192651244.6535048
12721,70101365.74755925
12722,48093316.9202213
12723,73013133.39040415
12724,86232474.40658002
12725,71546784.48737049
12727,63370906.314614594
12728,66761705.50372733
12729,90000098.64926371
12730,71921987.16930084
12731,214181221.81692976
12732,51443757.02326519
12734,216816776.6018223
12735,119265756.7090622
12736,81416830.96470259
12737,94928627.18061653
12739,92838055.50109051
12740,61959752.57552436
12741,114978885.12721321
12742,84509875.02766179
12744,120885378.51726921
12745,97223749.4564778
12747,46440888.93503092
12748,62884812.05065984
12749,90455187.40743658
12750,131880315.76666842
12751,50612006.92484376
12752,70745898.22711986
12753,76999748.2602281
12754,92689574.0155269
12756,90890868.51947193
12757,244146737.93663353
12758,95128606.8743887
12759,89949053.45869717
12760,144539335.21656525
12762,180069209.1970736
12763,124878631.91431068
12764,65156886.24942932
12765,61541177.417434245
12766,106007893.56984721
12768,212967033.41490656
12769,63276688.339401044
12770,71764482.47315641
12771,154748255.28120586
12772,112474942.00721928
12773,67908912.36956257
12774,80514668.80352002
12775,47293373.1455603
12776,127161801.74960321
12777,231576034.73723683
12778,139155985.24614987
12779,67204663.7361766
12780,35066749.15922445
12781,56247512.173259735
12782,199754659.37789053
12783,85986641.4338481
12784,86572760.40766227
12786,104292635.87278864
12787,55119597.311468996
12788,77299279.51779887
12789,159424947.9823316
12790,82039026.7592305
12792,190803863.0270686
12794,70587266.65774192
12795,72069736.20166466
12796,181260470.30148032
12797,179337245.27090913
12799,104848101.02010094
12800,60537745.66584715
12803,57888260.677726224
12805,103351551.8502193
12806,66729489.54204105
12807,66580199.19022549
12808,70873488.32686809
12809,127117284.86345728
12810,97057233.72072662
12811,44098008.674042456
12812,362460489.46692765
12813,58022244.33236633
12814,62296980.394589216
12815,117818694.03316286
12816,90318328.86974229
12817,84162300.10324706
12818,178838337.5289548
12819,101723203.169178
12820,121774181.55952333
12821,60864820.92854579
12823,65526613.944997236
12825,123412547.7480537
12826,95505422.56449784
12827,87157675.60230859
12828,100148078.97670029
12829,123567121.07661855
12830,83928743.7826328
12831,64453375.17269459
12832,134334578.29753152
12833,265316781.74599087
12834,92523381.1438506
12835,140332765.3038716
12836,76332689.84777284
12837,71142059.13895944
12838,84465180.55457154
12839,118647873.13347983
12840,56710685.17918634
12841,184980297.62180588
12842,102716391.54270917
12843,132927545.16224845
12844,75269737.65874082
12845,48309155.49527356
12846,309034026.22816414
12847,70587257.91229191
12848,326766554.3593496
12849,64583577.02552954
12850,45441252.52792214
12851,94934728.9902183
12852,69435306.01614147
12853,73893258.21385272
12854,104034874.52533348
12855,124627807.32022509
12856,69617282.97598667
12857,185830454.30394718
12858,54011819.789577015
12859,148187279.83523062
12860,113414193.36880693
12861,81058695.28827345
12862,95032109.94973774
12864,123365282.29610156
12866,133659078.4517515
12867,50752312.46500999
12868,92880311.53957064
12869,117526767.43097945
12870,103437884.16774774
12871,50452340.65608634
12872,173441487.1728486
12873,58795243.26217485
12874,81522816.9716324
12875,41778568.71241169
12876,83730219.83275396
12877,182094405.11481285
12878,43323720.25926781
12879,40046560.19817387
12880,46821255.86077955
12881,56190236.494407415
12882,92415911.76606044
12883,70656641.71158765
12884,71053183.37092502
12885,65219879.3324355
12886,71765587.69485287
12887,45055697.74784258
12888,31270845.18425714
12889,122243107.46830438
12890,107901330.31512158
12891,36429059.50158965
12892,57595369.59480892
12893,53359105.172014
12894,102213191.24527301
12895,58650556.25779621
12896,118594775.74321903
12897,126720787.62038729
12898,121451521.6236417
12899,76385485.9974682
12900,154703594.64595652
12901,150315028.84378827
12902,84096328.567915
12903,194725213.95005316
12904,105971851.37687223
12905,62190506.52223183
12906,96646475.4242047
12907,228660285.4929024
12908,87582811.0659361
12909,116534076.45586674
12910,208801957.54984212
12912,156580933.6260483
12913,92679707.00783388
12914,146750675.0678833
12915,95932807.95288967
12917,71798340.3627504
12918,94582864.20947616
12919,79234822.78687553
12920,105196474.14191656
12921,113797992.38932778
12922,68562175.82370023
12924,249976701.07786462
12926,32444837.45684961
12927,125399173.15058596
12929,57811964.02970709
12930,104732763.43203631
12931,101480182.79845218
12932,74821463.41259396
12933,81794566.16303964
12934,51469838.49900076
12935,94273234.15187302
12936,63714088.49241998
12937,63614911.376404904
12939,90483123.1889558
12941,49819113.81784665
12942,49562131.52599934
12943,108480279.10096402
12944,121091184.89460579
12947,113551936.8067444
12948,89775851.01174526
12949,52290098.138012275
12950,86490904.61110686
12951,252466169.2097906
12952,151134106.9552817
12954,77700183.47886717
12955,88004992.26953211
12956,191897620.75892895
12957,125949422.41282922
12958,124967790.07282786
12959,120026973.64627674
12960,77471914.29226568
12961,54068055.554284126
12962,99121028.65452616
12963,144402169.8900833
12964,71052337.71217847
12965,226349191.1246788
12966,70629852.88911349
12967,60627304.52868425
12969,77234376.25746815
12970,169843578.30113688
12973,75164149.09929773
12974,58303208.07680447
12975,69701578.86034127
12977,61560560.50304124
12978,40925635.24488429
12979,53240461.74516953
12980,77105102.6862821
12982,266913624.804278
12983,79671857.5746689
12984,55445395.37462981
12985,182196060.48010105
12986,152662709.1917286
12987,90414609.42416695
12988,66897865.30039581
12989,95744641.62282361
12991,138241797.88769466
12992,101866034.49320102
12993,177858688.99787888
12994,88092357.03870846
12995,76866795.24379122
12996,65721193.93587146
12997,152690838.19091243
12998,108861924.53362022
13000,50944790.01446193
13001,112617525.1540752
13002,218696958.59713614
13004,49822172.236577705
13006,167471137.68260643
13007,54977048.136992395
13008,83931680.71965216
13009,94849603.53689104
13010,89117706.73434009
13011,112795883.40199308
13012,71454608.08492072
13013,78865808.25828391
13014,269539467.7161097
13015,53118167.54282915
13016,85432967.99608679
13017,189282072.62989622
13018,156578505.60618022
13019,146216364.48895663
13020,73752203.24948877
13021,90818983.04387404
13022,197265371.43444616
13023,99831148.2766905
13024,158629935.04345095
13025,161181106.47744748
13026,158658605.58067015
13027,99304113.76845838
13028,80627389.07146119
13029,72551079.72113724
13031,66513045.997459486
13033,52287847.564241596
13034,52888297.70583836
13035,44690185.07340665
13036,136186677.72626826
13037,78876067.13263181
13038,166510981.4086553
13039,79589748.32859169
13040,107906915.01395015
13042,90658940.77547555
13043,80217741.93266517
13045,101432152.89958361
13046,159787088.6477126
13047,68788658.44780493
13048,61166977.998808116
13049,71241496.01671562
13051,72635671.0418461
13052,51395424.48299651
13055,60964774.76754089
13056,87253422.50355181
13057,67794818.3010617
13058,36247339.24226377
13059,79587611.37385485
13061,52264207.371046044
13062,150627959.87362784
13063,58650924.64874174
13064,80743176.29002656
13065,158982405.86311123
13066,51388547.63538253
13067,64742345.49766924
13068,95617755.85149051
13069,58043182.49254437
13070,85806140.7671033
13071,76060706.87916695
13072,126776362.77730289
13073,83160135.60234378
13074,84257700.476889
13075,137244221.51177666
13076,78561024.83213949
13077,37554714.525883935
13078,107225884.44832991
13079,90079472.61373357
13080,91321232.2916549
13081,141281877.6292382
13082,115852418.4816453
13083,323199743.5890087
13084,74860654.1055626
13085,66812864.496400595
13086,84987260.50628364
13087,60872855.6307002
13088,117247831.06734627
13089,79701331.99702306
13090,87507693.28560773
13091,69253065.18913183
13092,92767141.25882655
13093,71222053.84842503
13094,143349910.52345726
13096,89361194.89140907
13098,132424955.07229854
13100,31460567.998219017
13101,85414871.96404082
13103,216081198.17557615
13104,146198868.42052856
13105,77448436.89601155
13107,118942633.0429784
13108,258760813.74828756
13109,48982525.238494046
13110,39405435.7358739
13111,96714777.19350174
13112,104113594.58523783
13114,77572130.97673954
13115,44896989.92645032
13116,77045125.57142034
13117,53555131.908856034
13118,122999140.33431566
13119,33990750.36597704
13120,99313177.14471062
13121,72702620.43724102
13122,129699966.6403374
13123,214452847.1300435
13125,47434574.6735743
13126,154605417.1760972
13127,45665163.01553608
13128,65092389.8900982
13130,71408684.99576703
13131,58386932.569662414
13132,40051696.41082729
13133,139584186.75198656
13134,96743569.6186859
13135,98735334.54628971
13137,147431238.77556583
13138,92196687.10909627
13139,122519162.25300762
13140,45338192.16156769
13141,52908635.849879086
13143,200028279.27112103
13144,50131443.01732861
13145,101054976.53633606
13146,69999516.56209943
13147,39724636.1285777
13148,210164948.13214022
13149,54394162.91426921
13150,150787263.1579764
13151,81506233.22647528
13152,75042812.02972367
13153,87700571.02513756
13154,68740522.72714473
13155,95794942.84714529
13156,118803610.2824184
13159,55184578.19173166
13160,165768473.32522485
13161,180848921.6402581
13162,168556506.1120318
13163,99651665.45454155
13164,87605998.44116336
13166,95755774.93203467
13167,92873286.35655166
13168,211734740.68803772
13169,80457361.77070357
13170,81792972.524872
13171,73434660.52484934
13172,115565232.8776338
13173,69488843.3068123
13174,61259031.07605647
13175,67001776.0628653
13176,61707938.42856476
13177,81242018.99628411
13178,84596135.88903855
13179,69769441.7353585
13180,86519524.96999204
13181,91185241.60954902
13182,166287640.07534274
13183,67339382.9923898
13184,166983753.9053143
13186,58583109.78014712
13187,165581702.16761535
13188,57067336.965190955
13190,63571670.150919035
13191,49152388.65944816
13192,146023363.1124824
13193,226830683.4407152
13194,68287702.35858476
13195,196184887.65362453
13197,104650425.12883171
13198,99942281.79420677
13199,121686498.06770384
13200,76087891.25412768
13201,83033159.74470747
13202,54533058.14629978
13203,64323275.68045449
13204,215473893.98755652
13205,75443664.00049464
13206,85751097.48169163
13207,67355352.76083049
13208,104853173.74435772
13209,92494010.70122114
13210,62326729.197233304
13211,139476356.58195537
13212,204305454.7705158
13213,177656425.10938117
13215,204265249.71770775
13216,145306739.30900297
13217,74621921.73498084
13218,225935628.819636
13219,55758811.97153514
13220,188383852.4030886
13221,59478161.47763136
13222,130876254.79151964
13223,191254362.57759774
13224,92803961.11851403
13225,35261073.31319871
13227,85395236.98363584
13228,156781921.67031378
13230,85902392.18719384
13232,86712476.57269146
13233,75969508.06576276
13234,140184205.4638857
13235,49915076.869250625
13236,100860203.5833248
13237,297276981.2301111
13238,71682831.48090647
13239,146768665.40052593
13240,110185585.4923121
13241,49783264.617843494
13242,69982945.82992858
13244,77410080.71178399
13245,90817726.01303904
13246,230532636.50458172
13249,90526134.56294695
13250,103457109.2183738
13251,63199610.76708043
13252,285519647.2279969
13253,64938513.722949274
13254,32836398.556786675
13255,64175979.28618546
13256,59825326.49551167
13257,56773096.94855385
13258,66530926.104316056
13259,120171986.59650841
13260,129005675.19719511
13261,105227062.40227388
13262,107810133.8224505
13263,107724516.62542167
13264,56366386.03100043
13265,88657383.01542097
13266,260258512.56352717
13267,145563562.71109793
13268,51276038.2944887
13269,286167318.3744376
13270,103543304.4278973
13271,192427626.39376047
13273,159890878.77290592
13274,124499202.14639035
13275,68070189.39934558
13276,115588209.06170161
13277,95960145.61727275
13278,107355317.3324829
13279,143834837.62862155
13280,153279687.806578
13281,138049444.44344234
13282,127541631.20111342
13283,86087169.90462996
13284,78368892.09352443
13285,49738774.26953312
13286,159453473.64467078
13287,64225024.918095104
13289,51579037.71751158
13290,58088812.499938786
13291,96633733.88375586
13292,38073152.67986858
13293,174963189.74612927
13294,108749309.14143221
13295,196114654.1447544
13296,106061152.51017822
13298,93791562.82049853
13299,99050386.9638641
13300,83285902.14784944
13301,90018750.10849053
13302,56190066.71590906
13303,252080868.62051776
13304,79521777.37827681
13305,119702724.31755915
13306,57238471.40870225
13307,91119715.01524174
13308,66935508.087871656
13309,223481851.31012446
13310,148125125.45544592
13311,72389444.42182128
13312,192015499.47121456
13313,33755332.25633082
13315,84527454.73382033
13316,98718622.15043512
13317,141854257.65680674
13318,74332469.05900086
13319,52457461.970720544
13320,59926281.006395355
13321,96200964.95390396
13322,94054091.61908442
13323,134797909.2493702
13324,91971801.24859627
13325,81522185.52789566
13326,116194213.42227817
13327,84379244.38370991
13328,71998105.80591768
13329,85716028.34267811
13330,62331284.8376278
13331,71520293.23896824
13332,69103032.21870862
13333,48587368.03041813
13334,34406419.92065315
13335,96810261.43559383
13336,62732774.46629919
13337,92098619.83567022
13338,64654568.40464567
13339,130409921.38490686
13340,134077101.7009279
13341,47778556.25392479
13342,56062146.602923185
13343,117632452.6934567
13344,84441828.57307422
13345,55736035.73454941
13347,69800921.5585571
13348,141517675.82449505
13349,57388001.65557828
13350,57965955.683517516
13351,89746560.83473925
13352,78791117.81164816
13353,318184114.82985985
13354,93186572.08678226
13355,136081865.30220148
13356,102535484.7757282
13359,50331909.31864546
13360,93648762.06089586
13361,119291143.14305429
13362,103335451.00322099
13363,121904245.5779032
13364,150235657.69534042
13365,79223617.87455967
13366,99693072.89431429
13367,62912269.26265825
13369,42013697.50117249
13371,106396349.9198419
13372,186909186.64471462
13373,123336819.80114551
13374,108546381.1524571
13375,125260994.8978659
13376,116038652.51069637
13377,76658340.38323884
13378,64507086.31928641
13379,93000476.80918612
13380,192966999.36326385
13383,214926896.2504421
13384,87451616.43985868
13385,41334005.97096612
13387,91324856.00370915
13388,55129001.04284534
13389,74564084.61460637
13390,123502446.13333191
13391,235156274.97209698
13392,62573435.180100106
13393,82283389.0163161
13394,102515619.02464426
13395,84479015.43089756
13396,101819752.44896786
13397,49093363.41616985
13398,80793463.34841272
13399,104043319.18857102
13400,91282933.9987861
13401,111256678.37235129
13402,127958812.12239592
13403,101734103.2957583
13404,82531160.9949681
13405,97314574.9964124
13406,80206926.95150304
13407,63609273.69265902
13408,104432125.55684486
13409,87204767.67930976
13411,72037463.36699915
13413,152728880.01107362
13414,99464045.90719923
13415,55261191.64806907
13416,62514007.4278866
13417,76472187.79179326
13418,92627758.0948564
13419,119263418.87249076
13420,70279791.93454835
13422,160309863.41289765
13424,187136595.78441858
13425,100217094.30345681
13426,91231028.08040361
13428,161376369.33678767
13429,98029159.54505761
13431,43137306.537156135
13432,37275971.86625711
13433,88078246.6185865
13434,63262354.47567411
13435,86192858.13159439
13436,80889368.22707044
13437,71250817.59011112
13438,90665695.93296342
13439,77463577.39874147
13440,62904958.51275614
13441,57404068.27976166
13442,126638131.62031557
13443,78346936.6695107
13444,81121629.67260723
13445,95963080.80076668
13446,94265806.03029114
13447,128271023.85274866
13448,100855904.80111217
13449,61779405.112902164
13450,63534189.11139132
13451,157937145.1261542
13453,52752496.929703675
13455,47395037.50923083
13456,149707627.58443692
13457,124632548.63627757
13458,36467243.11106762
13459,132881980.82633041
13460,128646669.18384077
13461,280910859.04748994
13462,122392141.39849402
13463,123552550.2052655
13464,78172012.11243373
13466,99265714.32480475
13467,132156842.54732214
13468,195518648.71031767
13469,72980277.87912197
13471,72637192.121713
13473,99032028.46736342
13474,156553107.004319
13476,55582628.671050586
13477,92716819.05561973
13479,117234980.17946288
13480,63231649.515280314
13481,124416645.22503929
13482,60446325.39506461
13483,98344257.34298933
13484,167165804.88076138
13485,171891980.7218305
13486,53712220.493853636
13487,84309269.27905172
13488,127099444.65970567
13489,88147560.39068896
13490,107711654.91333938
13491,179411515.15207812
13492,57426869.16845564
13493,104114230.91349268
13494,75602095.08094294
13496,94711339.93308356
13497,127015660.89176476
13498,72047123.13485922
13501,117385074.13615716
13502,59545486.116014935
13503,74832543.79246518
13504,107757459.23208478
13505,48663299.23426671
13506,257968078.16533324
13507,98114552.66303734
13508,104896920.81868543
13509,95256501.96538915
13511,72155325.3943279
13512,73778894.38093042
13513,122771743.40306422
13514,197574756.42535067
13515,54460430.608395204
13516,170343730.68792686
13517,114909859.34425451
13518,105002413.10959363
13519,65191466.894468255
13520,46212775.226417914
13521,91839457.63821231
13522,212871868.22358814
13523,84826573.34765723
13524,120919278.12291533
13525,80452331.03647728
13526,67156902.43830848
13527,63298403.765505835
13528,59995187.653375804
13529,101135436.14604285
13530,53202643.97462448
13531,75589450.14269277
13532,55506601.206905015
13534,70482688.95750283
13536,104748191.2725185
13537,56584756.74328235
13538,63799280.62046563
13539,183735881.4394868
13540,117369458.97550848
13541,100598564.87061286
13542,63537900.84569523
13543,48106953.956002764
13544,84721153.2610482
13546,141264912.1044007
13547,130811068.56108353
13548,46893941.20309796
13549,110367805.79713117
13550,43855945.95034906
13551,73421724.13906236
13552,78279789.40050437
13553,112155401.5030305
13554,125331368.70778573
13557,31723527.80853768
13558,66846554.891715325
13559,60712845.47007103
13560,68974433.30658142
13561,135125470.91933852
13562,64799444.47124306
13563,62893133.85565006
13564,108203674.61425573
13565,155607416.17618048
13566,66197217.37087688
13567,106278866.63617623
13569,76472095.11138828
13570,229905821.74801216
13571,77974217.51832709
13572,120547364.56959464
13574,80902569.2297307
13575,70236457.96441345
13576,72211530.64384235
13577,76017533.66370918
13578,81162966.73117265
13579,75294780.9251653
13580,128649991.63881977
13582,87444343.25650251
13583,134969802.25302806
13584,151927198.65804684
13585,55125229.00669019
13586,84111637.08168612
13587,102445642.74714218
13588,113573384.26287544
13589,83928706.33747248
13590,56036389.93368753
13591,293197805.354816
13592,84604350.57603666
13593,76862266.18995945
13594,76008284.27340183
13595,131904664.61257531
13596,186743650.2536194
13597,92279124.25635129
13599,115949554.21189499
13601,44572915.112795286
13602,40006135.31479224
13604,167228973.77629355
13606,40405126.67435583
13607,50292783.06307726
13608,56160597.74685127
13609,131710592.2331282
13610,48969629.28052739
13611,142729449.47275388
13612,105225808.74468766
13613,85062362.98010258
13614,120725895.5719176
13615,144076109.31683853
13616,57119749.79267143
13617,58804506.602348186
13618,110196545.9777674
13619,56792245.26094782
13620,79245894.80492833
13621,106350030.53237525
13622,101614441.63317615
13623,76833091.6153278
13624,74771049.42744906
13625,72256568.87206192
13626,70524908.96585144
13627,52525851.89362915
13628,49134297.95936922
13629,125594584.50073406
13630,263023830.405988
13632,66417937.95901273
13633,78790565.17034073
13634,60500218.04262677
13635,107738994.17447503
13636,80432739.75373009
13637,63343842.88227947
13638,108986565.39834309
13639,176559422.80611005
13640,59954401.45213784
13642,111253666.23703888
13643,70814958.52395198
13645,79473006.79220206
13646,203292838.35098982
13647,89939142.38121922
13648,62833070.21226457
13649,38324784.49846094
13651,83774402.18159764
13652,217413882.40653697
13654,69072867.13860324
13655,39537435.02141733
13656,102309521.51294361
13657,100584088.97158468
13658,71871559.44103043
13659,57318294.39103403
13660,79045337.20355
13661,61577717.23553902
13663,110633503.41122968
13664,84723861.88580461
13665,54092451.15001627
13666,48676624.23150056
13667,34161484.93460684
13668,85329066.14395952
13669,127315737.58760592
13670,57176204.770536736
13671,65732032.499076635
13672,112584103.36833659
13673,80296643.46897846
13674,180870048.19302395
13675,67001712.71504387
13676,60675991.34362773
13677,94491096.01414345
13678,77121812.9420814
13679,119538122.52541624
13680,43748481.85448644
13682,104696007.76518552
13683,163804395.4003257
13685,60310465.43673954
13686,158097111.42649737
13687,76040123.20478083
13688,75452630.17669778
13689,175221895.58865368
13690,50984834.61791472
13692,109279401.11614917
13693,166379874.5442465
13694,91684382.21214402
13695,131199978.8866794
13697,71837372.91436613
13698,209797076.37309957
13699,110869463.82754633
13701,116981241.6828574
13703,53765143.20876746
13704,91562883.46198002
13705,77004655.81185389
13707,140277415.25432914
13708,68892311.21012184
13709,64468846.341095656
13710,82992613.9350496
13711,130322495.64904131
13712,65769591.03463215
13713,102431151.31532039
13714,101466842.91879874
13715,86201437.66628952
13716,47078771.543701276
13717,90997661.16378085
13718,64200844.39701689
13719,77777616.25610295
13720,66390741.16924088
13721,73555054.82332338
13722,117198854.9952814
13724,71249759.51988308
13725,165099020.75391445
13726,183132327.15308613
13727,177566965.3748042
13728,70310187.75902367
13729,97249037.34823176
13731,107812698.62015727
13733,181941907.84635374
13734,184186683.0015032
13735,86863832.40863954
13736,77132883.96186088
13737,145889294.47480786
13738,115717389.3178973
13739,172103695.50015056
13740,163463763.99212578
13741,111971715.0833788
13742,161374794.94909233
13743,164638011.32818034
13744,184479138.00691095
13745,64835746.77618846
13746,135157889.5410089
13747,36341550.10515227
13748,69843322.60376078
13749,105452447.31173053
13750,193829411.05346504
13751,121373922.02600017
13752,83780506.85446504
13753,197235379.99906152
13754,159450869.89732194
13755,142553731.38816822
13756,151645081.33061752
13757,120848824.06175008
13758,147120853.2989446
13759,154894475.0585707
13760,72437249.17737721
13761,120161092.09060246
13762,55857822.288894504
13763,75590725.86814952
13764,52417784.35205669
13765,253433616.56492755
13766,87956538.36915511
13767,54945020.68002048
13768,103845806.83465697
13769,58009601.35132325
13770,52955609.53695448
13771,72559169.51195139
13772,86224438.67834249
13773,91966818.46681687
13774,182754967.28671265
13777,77149270.66631539
13778,109013774.25430676
13779,77223616.17160948
13780,57321821.870954394
13781,57928844.55305428
13783,119382437.44069341
13784,68773849.40579207
13785,74970822.40051551
13788,131741505.94577207
13789,62619683.21088575
13790,69643069.24538828
13791,134129022.26599222
13792,58361301.96624235
13793,70599103.16609758
13794,47411481.80766888
13795,78644788.88761148
13796,58870524.31452054
13797,76103408.17089884
13799,84055746.22535132
13800,96845670.90707712
13801,64858604.09035592
13802,73320774.02890201
13803,86240474.25924496
13804,65402224.816864885
13805,126783435.12515672
13806,76861580.92301023
13807,107082413.32843654
13808,211832241.2592198
13809,201303406.08163443
13810,81295750.13174352
13811,108413884.62460057
13812,143099336.52030712
13813,142213288.7966567
13814,66858524.47559256
13815,76422088.6836945
13816,73887028.8304905
13817,80782619.44339739
13818,77340305.39155434
13819,92601123.98259108
13820,284130502.57978225
13821,70085447.70837583
13822,121669868.4911756
13823,88171050.37585291
13824,91039430.65161036
13825,86669892.12760803
13826,44727532.12058501
13827,282521594.19118047
13828,112737276.89321738
13829,62120712.858204775
13830,48106146.09648584
13831,58421515.89504606
13832,82937898.85508694
13833,82269569.08173704
13834,139909623.6317406
13836,215240265.94758865
13837,91716833.88576251
13838,225017268.5124909
13839,70546028.85130955
13840,74449908.0233
13841,44049535.88565631
13842,164835702.50119272
13844,181721588.8742376
13845,276631491.3845669
13847,98528408.1721847
13848,64385815.97319214
13849,125500102.01678191
13850,117207464.09784414
13851,71325799.25381632
13852,83283786.31279743
13853,30707333.2903538
13854,136532597.30665892
13855,113689042.05480416
13857,94242800.15928052
13860,118960768.52045955
13861,71419698.11891824
13862,66751153.08000009
13863,70195749.26278935
13864,47272042.254752345
13865,102295657.61763234
13866,79655899.49953751
13867,56132137.23245128
13868,83404455.7915484
13869,131985416.65620804
13870,51272786.34108207
13872,50285585.96243807
13873,49431420.407512516
13874,64316900.21624478
13875,52238832.66558654
13876,86248962.5509431
13877,79110362.41582526
13879,42230778.95094593
13880,99876618.0816339
13881,213765192.72796822
13882,72257804.79056637
13883,94768446.98049614
13884,115964718.32053673
13885,72729935.26258476
13886,88549876.92757347
13887,72469959.56328967
13888,48757533.42976759
13889,202576679.51285297
13890,109264546.91709748
13891,42686160.75897965
13892,218064394.11355266
13893,96745851.48455118
13894,43526891.79399624
13895,172104991.44073713
13896,89859844.10534105
13897,53882126.73319805
13898,56750171.48468186
13899,108908760.20428675
13900,83149696.51101942
13901,101676664.66750112
13902,69028180.8399294
13903,74265313.80654404
13904,213613108.09201404
13905,78404348.68517625
13906,61451470.40641787
13907,93098414.87288761
13908,71111689.1397698
13910,72069989.6209038
13911,232184197.29389662
13912,80358251.39916237
13913,251662445.47257173
13914,84713312.22987637
13915,64945882.371163905
13916,57684052.6372046
13917,60468394.258940406
13918,56472570.676075816
13919,96169216.30307911
13920,148437057.08053827
13921,91849245.98257852
13922,209389032.43645734
13923,93899931.81132866
13924,42881873.79377014
13925,95887101.17288476
13926,72927786.73612005
13927,307928788.9838734
13928,101674268.19980563
13929,96005005.12544264
13930,66666519.999382675
13931,79865577.70370148
13932,104075236.49020623
13933,135778693.91923118
13934,67678334.22917077
13935,101148253.50444087
13936,87953771.37088105
13937,48160857.70340669
13939,58211484.751613595
13940,115821888.21904612
13941,51732546.54586195
13942,58234698.72462799
13943,166784875.0561809
13944,61180433.469411455
13945,97968967.64069454
13946,68927301.34971865
13947,77806190.2260513
13948,65399405.870264724
13949,103735530.01988943
13950,73631124.18110067
13951,56390304.08355208
13953,60152387.811491646
13954,94920972.70382959
13955,53829896.393280394
13956,104369541.03711899
13957,103988927.6965019
13958,134096982.85405271
13959,203745189.02729425
13961,89642046.8046043
13962,99981651.21944784
13963,104651970.00765286
13964,99245614.5019158
13966,212151349.5140653
13968,175159639.3679106
13969,66204244.41907855
13970,52823408.45236015
13971,156034530.85495928
13972,38786946.05456447
13973,78767527.68790688
13974,97889759.67855346
13975,150820506.02923834
13976,67387927.34876503
13977,52437018.26416882
13978,54850662.8766426
13979,61542112.51975023
13980,97111843.47764164
13981,68336023.07161784
13982,77978427.60031955
13983,85800082.64927275
13984,93937870.30788834
13985,45918498.337355986
13986,163115026.503742
13989,40562080.130797505
13990,91516638.88863415
13991,136350118.30023214
13992,63387118.973603114
13993,115929373.62161176
13994,45233768.586648986
13996,74840321.2155549
13997,179595780.2208214
13999,217999316.4534098
14000,68608678.87300828
14001,120541256.17217948
14002,69859520.13459189
14004,91444436.34910172
14006,75812080.40767549
14007,97734097.4911533
14008,117186857.46433459
14009,158005837.8562539
14011,166753209.02111822
14012,77980168.46809973
14014,177166760.95493123
14015,87478560.22296788
14016,66350524.48527392
14017,63028134.38735431
14018,58826665.108772896
14019,102516951.83360066
14020,106905701.3888683
14021,59874523.63449256
14022,131322854.55916245
14023,61781635.17005205
14024,80564647.7713367
14025,64807427.195714876
14027,31753789.23859531
14028,74618538.69774379
14029,133457726.21549314
14030,86220281.29813243
14031,57978161.82492709
14032,142548732.11174363
14034,70075267.20530435
14035,93513713.43353109
14037,93365191.65244038
14038,113878727.21550664
14039,85377193.00375737
14040,64107724.83489378
14041,64854801.75275094
14042,82228431.20283417
14043,115468510.44205144
14044,103286075.25763486
14045,57384832.3442663
14046,91316434.9103512
14047,121156889.55219401
14049,48905935.829911456
14050,211513554.33957812
14051,143964853.24788895
14052,108770361.61792037
14053,48450046.20140463
14054,94817263.1022071
14055,93160990.16016197
14056,364146582.6072524
14057,36607960.52149073
14058,50167516.769348726
14059,58422859.57980868
14061,77301948.99109678
14062,66499518.63990002
14065,184890697.48391068
14066,152742953.0423232
14067,105854451.08150372
14068,65263137.22900468
14069,224695802.4936204
14070,66607189.93819319
14071,70476573.28740026
14072,63176557.63394668
14073,181688430.64642
14074,86541714.93103503
14075,103970811.13051194
14076,58673116.73136291
14078,57448778.118628025
14079,125685818.48020898
14080,80083689.70836407
14081,144392991.87201306
14082,70314165.04953514
14083,148008949.51061276
14084,138151595.95029238
14085,121693477.92875971
14086,66119158.78603283
14087,58140347.84103025
14088,69822030.49749942
14089,74061575.1922121
14091,66437012.76533699
14092,89438253.1297636
14093,265199235.21822608
14094,91046500.67843518
14095,65958018.41524278
14096,80823980.02399582
14097,49826240.04804711
14098,68946982.5379156
14099,82312394.03236961
14100,153000933.1975529
14101,91366338.82959872
14102,50210030.16980951
14104,88875059.96936446
14106,77370680.74359939
14107,75386069.67777161
14108,91105523.52444853
14109,69983835.32128024
14110,71704132.45213756
14112,51642046.094999336
14114,128539538.44395208
14115,84611887.05399013
14116,87036752.17221625
14117,67926535.23621492
14118,92698483.07149243
14119,76350379.79240438
14120,68998942.43378733
14121,120973824.55997877
14122,55265239.720020786
14123,101774184.7412481
14124,71935194.5028765
14125,55693139.94489953
14126,78502672.90004802
14127,66240959.44852365
14128,228540370.70276424
14129,122758065.79786801
14130,81728378.29618669
14131,51658247.68181522
14132,214632632.65824598
14133,176321479.42139307
14135,47324446.90518815
14136,136132777.552584
14137,87155537.41617523
14138,69441316.53628723
14141,229385834.1284713
14142,71551909.69095041
14143,183881722.2982379
14144,94335698.96827723
14145,63191404.85864131
14146,181756302.26090023
14147,57895451.686494224
14148,254759423.49308306
14150,66373435.84734666
14151,92014732.9272917
14152,61433558.72482919
14153,62991806.77295269
14154,193877820.445084
14155,127271020.29560296
14156,70971220.62078132
14157,319851700.81055796
14158,91831372.81402363
14159,127223922.67987232
14160,53130134.16054107
14161,197286240.81359228
14162,86746799.97044739
14163,140639210.09091252
14165,138254602.27672938
14166,67790137.96657524
14167,88900510.2192825
14168,35626155.03980498
14170,60696242.986304685
14171,103337036.02416913
14172,190432984.43767902
14173,52022608.94080749
14174,145059830.53299665
14175,150916257.47632983
14176,59245616.88059067
14177,57065994.82455868
14179,92176025.60959922
14180,164407507.69007155
14181,103125378.91397001
14182,40690318.89981263
14183,87713482.31812057
14184,86691137.67133135
14185,95937832.00550984
14187,218700708.54668224
14188,74258302.47920087
14189,45695828.12769809
14190,98538790.89858806
14191,69568977.47154486
14193,98834664.0952576
14196,84342396.22355022
14197,127114359.49343012
14198,82004974.2321941
14200,349078023.5093824
14201,51779788.30051586
14203,61616295.80215102
14204,90404899.3656449
14205,106490052.10448767
14206,92244718.4036965
14207,86151061.8182994
14208,87021063.77969557
14209,163338250.9401109
14210,75694411.59904958
14211,114963700.08518948
14212,60941703.77707589
14213,158291951.52283686
14214,57921332.144400954
14215,58840375.40025056
14216,70345331.73322958
14217,101727623.0763207
14218,97429243.84622082
14219,59676185.35882742
14220,65930564.13258509
14221,123640655.88687062
14223,66612574.76230391
14224,63869439.46775559
14225,104281183.9909124
14226,108548030.99569315
14228,61064775.52222072
14229,96099264.83608496
14230,76184817.07791586
14231,82834895.46240328
14232,116487143.09751146
14233,106359120.37621307
14234,76422063.18687953
14235,39943820.84287952
14236,107807837.49441698
14237,115560537.71750528
14238,145896926.92071965
14239,57399852.57746286
14240,69719789.39198156
14241,75249991.88243213
14242,75418357.05368622
14243,60587443.82081189
14244,176170036.02471924
14245,81487168.99243736
14246,126426229.19679223
14247,70962535.604425
14248,231028727.3484979
14249,67376112.58663563
14251,90001937.94391622
14252,267156196.55210045
14253,97444307.17522126
14254,287301142.98764265
14255,192605288.9119324
14256,194465141.20019314
14258,158882520.4926171
14259,125812781.3302137
14260,213039344.06952393
14261,199143952.59922948
14262,88478652.23453452
14263,86524152.55114175
14265,69369183.23872887
14266,53852577.19890132
14267,180895893.93537202
14268,102950957.65554307
14269,64667018.459717676
14270,75979708.75827593
14271,80193273.34270294
14272,229562816.28751948
14273,119033352.21491441
14274,56573579.10759017
14275,120984152.50817278
14276,108029943.98881644
14278,100964278.16443063
14279,74843402.47385027
14280,141053392.5662699
14281,96797298.30407062
14282,125535099.24785984
14283,63048818.241485655
14284,41215232.719956405
14285,70910057.79246993
14286,218855913.55396834
14288,52833511.5782817
14289,66404521.70657591
14290,157903993.06404126
14291,60330710.16964697
14292,126640082.25611915
14293,46886321.67762001
14295,54159179.13830578
14296,75995717.83228432
14297,305283867.1898217
14298,71898964.29225016
14299,216754014.05545217
14300,97450973.04335289
14302,75665003.108986
14303,76823851.49958412
14304,51205997.57345756
14305,69464085.80711932
14306,101715431.72328287
14307,121891186.48721236
14308,54080255.32269117
14309,46653565.32223504
14310,75027415.46035254
14311,117278563.81286548
14313,87127523.32021834
14315,120222766.9930882
14316,90204988.2442309
14319,50464251.74196139
14320,75717367.84989429
14321,90148721.87606834
14322,115741113.92305179
14323,165568691.98772106
14325,123594193.73493707
14326,52594744.920362025
14327,130886426.28583473
14328,112794319.30905652
14329,63722595.2300103
14331,86363085.53145313
14333,120688469.04745023
14335,177547756.16712177
14336,60324123.63296154
14337,81674353.48354332
14338,161891719.66566578
14340,106065481.0332063
14341,102343753.68677685
14342,88744271.32338753
14343,123385159.25203718
14344,88761081.63723429
14345,178962060.34793213
14346,63200089.847478494
14347,90693825.84529373
14348,77988724.57690674
14349,90672536.0685087
14351,70099630.47301042
14352,134252763.76113775
14353,154656693.0251274
14354,70260567.8114589
14355,109858481.4444656
14356,119028436.88513424
14357,65553552.38425986
14358,134188323.46076591
14359,132391204.56821813
14360,52094114.261318214
14361,36111326.48037404
14362,151967525.69132915
14363,64341404.10133087
14364,99291569.44920215
14365,170478567.43857563
14366,66327822.59172777
14367,82284075.52298874
14368,109047604.65231316
14369,100775203.63037075
14370,201738503.38408527
14371,51164972.24994941
14372,63624148.719698206
14373,96438186.55610654
14374,80650027.0840713
14375,137336702.93983728
14376,144488992.81984
14377,108767827.38509315
14378,57376836.58973943
14380,84532210.30906221
14381,78842636.12661394
14382,113051660.35724108
14383,48073374.455909446
14384,58932358.95645597
14385,235553921.8857464
14386,133496504.6911008
14387,97023437.25456639
14388,182303926.1155619
14389,82286895.77226332
14390,73570296.08493534
14391,80952052.38838235
14393,75809104.5797656
14394,74463264.4674786
14395,59568582.056902364
14396,98476859.04053983
14397,125713033.03016877
14398,69019823.97703564
14399,70358404.37736239
14400,94974130.08932345
14401,166363141.43424386
14402,85473574.66389251
14403,100891787.52091004
14404,61386794.24838934
14405,128472545.4849225
14407,113417642.8185961
14408,108999981.7348296
14410,222700947.65994057
14412,112536022.47746246
14413,41390540.51127193
14414,108514846.45286533
14415,48161684.89090529
14416,94952921.58927654
14417,61079861.4547415
14418,70168290.51567985
14419,453300066.6290562
14420,75116373.22516987
14421,87483295.23668373
14422,111997834.0574494
14423,108350382.3397866
14424,174344246.54221445
14425,93004525.6117249
14426,253594122.9747745
14427,94592508.61627786
14428,57512819.32088136
14429,58658889.4498178
14430,115109732.22581461
14431,45295508.88510903
14432,105729491.07401113
14433,77900329.31412329
14435,118297365.04541329
14437,81918351.2018045
14438,95969623.94959612
14439,126291103.7024502
14440,84496110.26836608
14441,76384900.58547783
14442,60928773.99979668
14443,96353046.91578779
14444,121003542.28610456
14445,79529932.70800748
14447,131044750.78592949
14448,50130790.64809826
14449,104157973.50704221
14450,202019346.2151901
14451,77374119.10283613
14452,91072544.36630243
14453,51599011.899489
14455,73920593.59363233
14456,138076614.82016638
14457,50045220.08092668
14458,68702767.4746759
14459,94191038.7683347
14460,196676948.75343725
14461,116827792.13971668
14465,70685490.09672819
14467,39516440.96173655
14468,69394346.46530391
14469,134565753.67655608
14470,144714353.68030834
14471,94731944.63893113
14472,306178954.3748751
14473,73492781.85690527
14474,116538244.49697661
14475,41787298.11817799
14476,78398421.07969843
14477,76614073.05110246
14478,59952450.49348264
14479,57965622.41057181
14480,35298742.23358192
14481,149741788.29141176
14482,238505034.47777683
14483,63017885.23888076
14484,86290601.99571154
14485,55927513.04150582
14486,93242725.53896041
14487,65469412.74443576
14488,81866650.89494438
14489,83470369.54276836
14490,99117767.56866588
14493,70948840.703886
14494,77387839.77812596
14495,58234684.94123696
14496,82133857.69490169
14497,37520483.62510411
14498,113543658.27236018
14500,91763984.02323493
14501,47879389.958386585
14502,139689787.7648194
14503,133590519.26704013
14505,130714689.85703412
14506,80562365.43475215
14507,51328882.06578069
14508,64830856.178385586
14509,61173484.67581784
14510,77107301.78430979
14511,52745023.65763608
14512,70332593.21122617
14513,104698555.52556069
14514,51830155.57197228
14515,58181646.781252146
14516,81574327.1159516
14518,297282250.28187007
14520,228345352.47938687
14521,75827463.28405987
14524,107986110.62826172
14526,61878367.05852542
14528,112978954.55577642
14529,74421099.19594291
14530,235911982.6186856
14532,99769287.19548865
14533,72904480.7123217
14534,85979372.2486128
14535,69896073.14251016
14537,290788520.8055179
14538,43815454.237968095
14539,118396274.51347294
14540,149466011.2368807
14541,82274414.12657385
14542,112988333.12520202
14543,77147796.75326566
14544,46189236.28104996
14545,75195937.4494952
14546,203036944.01424137
14547,44344172.30669719
14548,107181501.71896982
14549,183103837.45921513
14550,64426842.842206866
14551,61551830.48695624
14552,171156282.99457708
14553,57259810.73213627
14554,63076745.61832895
14555,31740198.333398435
14556,65982208.825860284
14557,177458977.91588083
14558,53031711.701487996
14559,199693198.56279966
14560,107032691.65990616
14561,72384763.67675371
14562,110031453.21426848
14563,146186162.2090916
14564,59358391.34240383
14565,28376914.8718216
14567,180453577.59505787
14568,61423092.11524696
14569,171958630.44468352
14570,91195752.3401789
14571,79138621.81347165
14572,263670900.88941652
14573,73856187.98367819
14575,63065449.651630275
14576,57501537.75208639
14577,183025262.85737368
14578,69964772.4452355
14579,104278028.17670134
14580,149328237.8834469
14582,38398075.27656773
14583,77294634.78683287
14584,69224710.10274683
14585,79736765.16746281
14587,189957839.12814304
14588,92304274.83338918
14589,133841565.23415336
14590,103800649.19928516
14591,67076562.9186168
14593,58274226.1865167
14594,115488260.47274947
14595,68869902.53151807
14596,250934201.319054
14597,56819957.07159717
14598,77063037.10822268
14599,93627571.16316214
14600,147550968.00510162
14601,108146797.78102027
14602,77924026.77001531
14604,64896220.222078666
14606,128154942.90249394
14607,81768260.27892137
14608,113744080.93004674
14609,54089048.49175638
14610,70648801.80277757
14611,73023130.91374113
14612,186921156.44931418
14613,348215740.04324347
14614,71852324.51444301
14615,116196892.47459534
14616,54749148.41410505
14617,56666354.86914071
14618,82310513.36525357
14620,100533423.11173792
14621,78895342.54853651
14622,88876680.30975887
14623,101131974.32864921
14624,54036784.06898458
14626,65490210.00763061
14627,56390471.86158655
14628,46108112.67089477
14629,96259190.8611089
14630,142396057.33558178
14631,90842737.61712599
14632,102962967.76202445
14633,56212399.918203935
14634,58482133.05335366
14635,50489138.58391236
14636,59610384.629040405
14637,60064685.552551396
14638,83429500.30772685
14640,72181810.46328717
14641,158313191.46361655
14642,171490063.9786449
14643,82525959.7513595
14644,82413437.11194766
14645,77264996.45910549
14647,47405245.49099892
14648,104490350.41639206
14649,106589981.9552168
14651,166644552.82870948
14652,189309941.03765565
14653,112569400.85363384
14655,70844895.92383866
14656,71507526.43025696
14657,78084241.99589458
14658,107200689.36790533
14659,114120262.92752865
14661,78437637.6343699
14662,166988948.86768124
14664,169242312.87314186
14665,47685094.17851135
14667,64207077.20713435
14668,116144908.39260563
14669,134357966.92223573
14670,51583473.784545325
14672,104423014.94904234
14673,72692370.39066292
14674,144838184.97674334
14675,44503808.82690792
14676,148188677.50911498
14677,288689356.81807137
14679,121839326.96037003
14680,311912695.18669397
14681,134477687.19732872
14683,69930783.9071967
14684,128022023.3392704
14685,41419664.77504699
14686,160154819.0312236
14688,78278374.17428127
14689,184255019.57355106
14690,67234279.00974208
14691,180185824.74623644
14692,150437965.82144013
14693,72490609.7490901
14694,80190614.0726299
14695,129750472.14215131
14696,187014194.4970458
14700,91923437.77348833
14702,61491300.590113886
14703,45516113.627126575
14704,257430194.49259803
14706,108462415.50685194
14707,75601765.65941694
14708,117214196.99358797
14709,98584205.41133305
14711,184131769.5809075
14712,46760414.41705835
14714,184932476.23935798
14715,93410990.02681084
14716,120612154.55302252
14717,65895455.10351629
14718,50057863.26838999
14719,48642477.41406501
14720,138066784.30276552
14721,86445902.24103001
14722,87294884.66913351
14723,83744739.79728383
14725,94916008.71547078
14726,106816120.42377304
14728,53211759.912427165
14730,96146199.96756929
14731,145183048.24922046
14732,46568609.63692766
14733,61257302.686220005
14735,79509725.11481664
14736,125783373.47714831
14737,92635517.99916378
14739,63976879.29236843
14740,57312847.069678836
14742,98894949.63972995
14745,55730359.37719364
14747,168739842.27669495
14748,80335371.42309186
14749,146743567.3595414
14750,103101876.21705502
14751,62093163.11255855
14752,56424486.22200528
14753,93222387.54237258
14754,133804245.80829969
14755,77733320.40002917
14756,107714858.97967507
14757,70572109.45846733
14758,85545838.76549287
14759,106835754.54413855
14760,115780849.32223062
14761,83213293.7888614
14763,134755268.44419953
14764,67244264.02896279
14767,61383388.13963316
14768,82863392.06579086
14769,71550933.56095183
14770,96067775.96617442
14771,93559623.77851038
14772,94279980.83000065
14774,84933921.86911246
14775,73312722.49105386
14776,258577968.7552638
14777,48068412.318644024
14778,80462581.40354972
14779,81156492.48448853
14781,74183054.16567232
14782,109997406.35493484
14783,26839656.67073735
14784,227877351.09903362
14785,75130567.93983583
14786,98902008.70781462
14787,149322686.4392075
14788,296914143.6741427
14789,90445252.27426693
14790,126940857.78649537
14791,119261425.59873666
14792,47287354.504180856
14793,81706744.14155929
14794,149833087.8565363
14795,91953190.44931692
14797,69805662.55782852
14798,91785358.18871026
14799,65531280.797640145
14800,73972644.24482098
14801,58636296.18381439
14802,117742356.0674275
14804,147854952.39954937
14805,89174742.43060145
14806,104737332.92792702
14807,85851000.58631447
14809,125042138.26969604
14810,38809028.90148644
14811,55426003.6302138
14812,188989191.6003308
14813,140717358.6326505
14814,64106969.860102855
14815,171458370.1139153
14816,96270961.6344925
14817,59882938.1465704
14818,58400356.33307266
14819,95596739.0013355
14820,55012421.63705286
14821,81087965.34425586
14822,91541886.84532359
14823,137688694.42496324
14826,55409551.13461139
14827,68909322.20916146
14828,33970034.09181392
14829,109234002.1465562
14830,43761070.589832574
14831,193868310.87619647
14832,76505403.34163761
14833,104322342.95044209
14834,49477616.14862259
14835,71290574.47220112
14836,85729684.9322397
14837,87374428.11506747
14838,85813887.74359442
14839,54156630.47647685
14840,90533128.75905699
14841,59537372.73739771
14842,62665289.82711916
14843,85925353.34595484
14844,159126616.32503298
14846,83053326.39296551
14847,83107915.3407872
14848,115170903.33847569
14849,63309927.40568125
14850,65390029.89331658
14851,138620598.4170436
14852,175516458.62672946
14853,44521423.68197507
14854,93587469.34221977
14855,79939137.03850378
14857,77588110.38744664
14858,104461739.15714069
14859,50751030.08449432
14860,40625146.88458851
14861,55340474.62249469
14862,146914867.66778353
14863,119470869.82756668
14866,139999453.68162107
14868,336279008.47607404
14869,154799543.1831114
14870,95900457.57187694
14871,155573248.87177548
14872,90535661.58226717
14873,63297024.64694671
14874,233430230.34545422
14876,43674444.15593409
14877,93324907.14187543
14878,97887532.92359221
14881,82708799.9709993
14882,156404404.3691983
14883,79017277.7626273
14884,164674572.95753083
14885,104061228.94606629
14886,138031535.4407306
14887,120805226.226077
14890,53710684.71982095
14893,118294098.67165846
14894,49522521.71705664
14895,131549882.60667622
14896,91572340.78705375
14897,127131309.54012287
14898,108211777.71353087
14899,48062329.50214457
14900,94098731.71973972
14902,72160820.59082478
14904,96522873.21451162
14905,238633435.53968853
14906,165830294.66175276
14907,86818507.70162822
14908,163618984.02255338
14909,94699767.42687929
14910,70517764.36451434
14911,149000266.63944668
14912,107894682.77649958
14913,271131919.4604054
14914,70376098.43027078
14915,50855091.72125014
14916,93743895.9313619
14917,83674143.24985997
14918,70104181.28766061
14919,103501922.5846212
14920,64866536.68380259
14921,327283325.4552534
14922,67001811.38228981
14923,255946132.1805109
14924,61125237.17430125
14925,63436051.87165114
14926,64716010.34996471
14927,97685703.68505205
14928,104932440.5357202
14929,84459344.1969673
14930,54258546.56595767
14931,67729906.4559999
14932,48635798.442175426
14933,50766153.95991446
14935,184597787.82721478
14936,319622687.8709748
14937,87250324.56788896
14938,90933918.45557064
14939,31648323.056784797
14940,99863908.61639701
14941,181413365.4004622
14942,107640969.05084114
14943,98731486.46773367
14944,253965760.3452438
14946,72555857.69635153
14947,289548568.0745436
14948,112402239.81396005
14949,200975069.9742305
14951,91197191.45438772
14952,82389689.71312335
14953,51459437.29476612
14954,111037328.53419614
14955,94783022.44320455
14956,92688710.63374779
14957,147807721.2478766
14958,65446652.819800474
14959,78401920.1444369
14960,162416948.64058352
14961,42509766.894165665
14962,174694969.78882462
14963,116665349.09872796
14965,105296669.69172807
14967,104727212.04985641
14969,59207590.74801323
14971,180364286.50177935
14972,120381827.58156948
14973,60564753.30541394
14974,116518597.91383304
14975,102726654.07312495
14976,63826402.95048184
14977,51279130.68333825
14979,113579107.99313444
14980,98912377.60928941
14981,96340143.51071689
14982,66649431.569422826
14983,214962924.56194907
14984,158767263.06396365
14985,132827465.1198737
14986,43665166.40326721
14987,127449222.95113154
14988,112540528.43000153
14989,93837176.94494298
14991,69841685.07376722
14992,67614425.03241089
14993,199746219.72816056
14994,76377428.50586951
14995,60702494.7578184
14996,86780826.90118168
14997,54430829.74380356
14998,105792860.69677222
14999,68758931.34881109
15000,61575970.82397871
15001,124952143.06941746
15002,126962966.99011517
15003,55178497.46825157
15004,54643950.964525536
15007,106477904.60707179
15009,119660599.28830074
15010,249612290.92818013
15012,135901182.61455747
15013,82304186.95617329
15014,51005260.37267131
15015,81877822.77245326
15016,174026647.8703988
15017,49395099.43809935
15018,86062218.09753926
15019,117692170.2305208
15020,52588227.742837414
15021,107476095.56231773
15022,57892365.33901244
15023,272612701.9646512
15024,128021594.35672322
15026,123036227.48042165
15027,83289476.04999709
15028,112839518.33569074
15029,140451837.92420486
15030,54077741.13566686
15031,76921014.06931034
15032,83160482.58186716
15033,158633714.26178214
15035,163361604.92678094
15037,53296972.21119728
15038,135193999.82310796
15039,96052333.52447833
15040,66641089.29886492
15041,100985050.76098146
15042,105601687.188184
15043,73054728.14898263
15044,177099772.27085418
15045,67978114.8288912
15046,87238350.27113499
15047,54825503.424014166
15048,39237694.18364994
15049,124963418.49787009
15050,131656978.80531572
15051,93981859.73315175
15052,68381818.68125588
15053,50176177.637178615
15054,50177124.82679764
15055,97913905.33277623
15056,114431516.4856613
15057,172819415.05058458
15058,110414378.01493247
15059,51837320.19086497
15060,66252672.75323167
15061,184400876.11359206
15063,72223841.84068033
15064,43282862.00998728
15065,97273752.56444646
15066,103686361.35615285
15067,99400278.62454353
15068,57199423.46302798
15069,182702011.46467757
15070,85654990.79644728
15071,227682387.3751899
15072,74792155.43696043
15073,67034460.19876526
15074,88758429.17890775
15075,101246774.80819523
15076,73612969.41238105
15077,157563375.90667513
15078,154372354.7868786
15079,88658490.39785725
15080,109896793.46967983
15081,77657583.79332992
15083,62383088.32157335
15084,96626218.66927612
15086,71405510.01293272
15087,87503820.66414365
15088,90879888.60983835
15089,30160106.164862137
15090,77672334.31836514
15091,105585600.15456493
15092,187385377.42834854
15093,64641425.84549659
15094,120424808.32576376
15095,56665438.45537826
15096,101499393.182893
15097,184876529.21900073
15098,68151871.53174832
15099,66354416.08623119
15100,77885352.74644952
15101,115678790.29900348
15102,110688225.50500861
15103,168741546.6888506
15104,27513469.672563523
15106,122934638.42311338
15107,63593777.53071781
15108,104755747.79902868
15109,107867050.47813341
15110,85121325.00049506
15111,27105687.37868216
15112,96505536.348532
15113,149189565.75208545
15114,104027912.34400469
15116,101100934.19289483
15118,90708791.73579583
15119,71299737.65778968
15120,55779234.189437896
15121,101464952.72355826
15124,113782302.64723612
15125,241824157.21920666
15126,81964780.18076175
15127,98169091.596027
15128,60217346.83375431
15129,163544447.0797403
15130,62568515.62855423
15131,191444191.70066282
15132,120191585.93918517
15133,51603881.13768074
15135,91776251.07038195
15136,255786277.1654294
15137,132888705.61541733
15138,107236917.88351426
15139,171237876.70003638
15140,98272639.4981122
15141,195126721.93584967
15142,138529415.41868356
15143,112370076.53000598
15144,319430460.99686146
15145,99004945.9067124
15146,107374937.75589956
15147,97062360.90108407
15148,81546748.28686215
15150,119562835.62231024
15151,104922132.32482399
15152,69631890.22130322
15153,101213602.66153191
15155,48760688.55161611
15156,96622997.25985871
15157,132944916.8452674
15158,67248423.09421167
15159,202842891.13064048
15160,78938448.79573976
15162,113240854.48273288
15163,110718238.41182534
15164,151016927.12886673
15166,65204221.646214195
15167,54667681.92898754
15168,105781043.23230606
15169,99186881.02627514
15170,98155459.59726606
15171,162147861.16562513
15172,128354619.88279831
15174,72636544.07128957
15175,174855562.550897
15176,97689550.76657441
15177,48472788.59773262
15178,111016662.136766
15179,77558974.81912248
15181,93909573.15059319
15182,81939644.94232811
15183,105501970.87716763
15184,161850509.76671427
15185,85487502.42763768
15186,75419533.37425408
15187,70434975.53158383
15188,113107796.4728233
15189,147992754.14354843
15190,47521361.03086182
15191,124998649.67167003
15192,47395861.801208586
15193,300351932.3651823
15194,60825601.51230587
15195,46077340.67480141
15196,111356549.85313682
15197,133344613.4247866
15198,97754829.33120377
15199,148750305.27974102
15200,134519814.9742695
15201,55910204.78220541
15202,63420478.92390895
15203,125082198.82000773
15204,125134136.87626283
15205,69656004.49725536
15206,111003564.66463749
15207,113585433.1363686
15208,59811602.5866001
15210,52439411.146003075
15211,198351573.27463362
15212,174766310.63508302
15213,43780858.087409824
15214,132672773.80457252
15216,109620712.02597478
15217,106518403.54845962
15218,167018107.04533935
15219,135136601.84014654
15220,126578390.47781336
15221,71791297.71366893
15222,63455549.32011322
15223,100182967.49926141
15225,363831444.0163766
15226,65361213.56767906
15227,112106322.74136706
15229,69045492.30514959
15230,169095938.04706383
15231,49161769.19772244
15232,135405979.93232238
15233,151448833.34901902
15234,62454077.88788363
15235,127777940.74583197
15236,160106841.89759868
15237,52118320.4754298
15238,117457508.83579232
15239,93896391.25305052
15240,237960150.942071
15241,89751573.24914002
15242,182405741.79986575
15244,258046507.47475734
15245,83964157.00152047
15246,103895555.41824763
15247,87169805.08683664
15248,112615735.38192642
15249,90513694.28290597
15250,157475641.44323322
15251,95812728.17642117
15252,72812185.1179779
15255,203971039.22475067
15256,75839468.73311512
15257,143784514.1924205
15258,64840332.51089274
15260,103983260.68394962
15263,91041994.70921522
15264,79757377.35263264
15265,50053251.75211124
15267,124754889.25937063
15269,77863329.7982628
15270,104569738.9343158
15271,98905479.11456077
15272,102548983.40823108
15273,330513815.38077223
15276,63491539.09077334
15277,115370551.15097997
15278,247249793.48568004
15280,81622999.60035591
15281,53657534.56417817
15282,103163042.17170171
15283,82333037.50837778
15284,126158532.89783956
15285,134340464.88990447
15287,103031701.97448283
15288,284232679.833317
15289,54851101.101509824
15290,85261434.80939507
15291,95208044.233632
15293,112192911.75012761
15294,62397287.93287978
15295,156243467.58554238
15296,43846777.7618271
15298,121500533.4505977
15299,77483688.62068188
15300,90797158.43303943
15302,38133452.8792117
15303,99243761.99907355
15304,73572541.76285136
15305,178621145.55120587
15307,103831049.14405693
15308,64195178.17669213
15309,61527831.61553898
15310,72293914.73700483
15311,64585731.464621805
15312,107494771.88055004
15313,77053614.09651816
15314,93797881.56390393
15315,78291885.24637228
15316,103005230.03327878
15317,79375316.07422014
15318,61271059.26012275
15319,89755623.20774083
15320,65662962.38612992
15321,157783829.35741323
15322,45564858.20799464
15323,64740591.7943189
15324,31267474.118968174
15325,77480682.78369455
15326,115479300.61382459
15327,46838865.29039582
15328,143371070.68604538
15329,55065277.38709068
15333,95770024.41069083
15334,111127343.03922738
15335,75520625.08703353
15336,63393293.76029313
15338,64578115.47826981
15339,57047533.66505878
15340,27463710.733888905
15341,43099819.701386
15344,109490731.7924532
15347,73548626.60848285
15348,84056474.16220793
15349,173518492.5774067
15350,164702677.42848933
15352,114638758.69841667
15353,89917250.9852344
15354,146604856.72954848
15355,64811027.761407524
15356,104838105.69640616
15357,58943561.6204405
15358,92672816.48928188
15359,75967682.78956094
15360,49175807.11389316
15361,88484726.26283959
15362,120996796.46448645
15363,115025679.95605081
15364,155434878.06064892
15365,79107113.18677987
15366,98749476.38239473
15367,154066739.84451327
15370,68216248.63775904
15371,166909093.11362794
15372,54834058.39247608
15373,101239777.35364394
15374,83792578.36091104
15375,213542051.6443033
15376,124973956.32138497
15378,83153335.58833754
15379,96586425.93306513
15380,165516697.21286744
15382,52504688.303224884
15383,123349440.33425711
15384,138391416.3502903
15385,192596768.7745868
15386,79561233.09858117
15388,43721589.591158755
15389,298760222.8399701
15390,117831103.40191585
15391,76861069.61039339
15392,56354210.67734411
15393,72406236.18617448
15394,78694625.17139569
15395,98031211.5225797
15396,108555287.0125803
15397,259427777.75564253
15399,64672940.49286175
15400,87857967.55361852
15401,93570595.87618189
15402,118859802.94971213
15403,74186234.00305632
15404,114319445.81262207
15405,82477523.7112501
15406,230150707.2537359
15407,115378885.27804893
15408,77613227.87309252
15409,181550673.69512373
15410,111267886.7167598
15411,83682371.97809365
15412,229851146.93897793
15414,46233982.14554176
15415,158494505.19837615
15416,92364228.22149856
15417,64925835.28261407
15418,177611870.37361446
15419,78735057.96728864
15420,192111304.3838006
15421,49257602.83886606
15422,76406837.60949624
15423,82836167.79586536
15424,60238353.65307225
15426,49017232.88182458
15427,165926539.71516538
15428,96673470.92991157
15429,231984710.2096152
15430,51764424.89239112
15432,57740444.81658828
15433,54203785.53736134
15434,71408588.80741109
15436,167110691.81699988
15438,80085661.5349887
15439,87363554.32169646
15440,66646211.79974414
15442,175297748.9900913
15443,71021534.9245221
15444,72500521.31877483
15445,98714447.48987475
15446,70801108.47405037
15447,96876371.70045948
15448,87611157.96036592
15449,73286393.29067548
15450,140898170.63289434
15451,133200659.47273143
15452,173388833.22582963
15453,124174185.0922221
15454,106537993.86630143
15455,212546614.43763345
15456,54811646.18541529
15457,60149187.17912024
15458,210903841.093575
15459,64887458.374180615
15460,84854762.14436042
15461,48946454.36880888
15465,53913228.22692842
15466,64416219.45543343
15467,87313745.03189048
15469,63162250.97142345
15471,95191081.40025035
15472,85342285.11044589
15473,59031095.92536162
15474,50314507.030457824
15475,79106014.57669353
15477,44860639.528666824
15478,68956577.06294863
15479,106553504.24883099
15480,105221517.91547859
15481,192060427.91839287
15482,79921771.47372577
15483,156055242.31703538
15485,94382070.24681124
15486,81801234.05645044
15487,45607851.49502185
15488,82072271.7554964
15490,94981556.29196659
15491,90903142.01419507
15492,84622670.88783142
15494,84123148.2391968
15497,93642692.24410085
15498,135436475.18934312
15499,220798780.12803063
15500,121993798.1047516
15501,62171499.21712949
15502,123281794.94671404
15503,59310567.19402301
15504,90065077.6319031
15505,56664080.145094
15507,120688711.08359076
15508,68852742.86709623
15509,107839252.91710407
15510,116207744.39327696
15511,79443785.89349367
15512,106200953.43361169
15514,78326066.53359015
15515,116748376.12887898
15516,101380485.38648869
15519,68790669.99737424
15520,86006575.38571608
15521,108065526.60817298
15522,63171394.27528389
15523,124501545.19630753
15524,54961276.960416965
15525,65850759.251328014
15526,93330434.08577406
15527,159608540.78880978
15528,79760684.7391231
15530,69989062.81460807
15531,76899715.70587777
15532,115001173.86829929
15534,94056888.02259767
15535,226670382.52945843
15536,79863777.32752231
15537,73186885.24179578
15539,78449209.45751216
15540,215585808.8013291
15541,101251592.22932525
15542,136902246.28316155
15543,75299327.53870638
15544,129945905.88370195
15545,118337800.53010471
15546,262327284.92308268
15547,50831318.20828512
15548,75010852.26006216
15550,53903421.9185568
15551,128737739.21416867
15552,91742502.33540316
15553,92791883.58450979
15555,56124027.97399757
15556,90108296.70314537
15557,77962474.72175679
15558,74025030.65685935
15559,72968886.29513077
15562,105334187.17671238
15563,185003738.26353177
15565,82678166.805715
15566,71345156.24228343
15567,63136183.45104407
15568,37620610.47840995
15569,84139587.86076345
15570,79994443.01799208
15571,55325424.27654326
15572,67878198.26611042
15573,49106927.3420171
15574,85098946.34768608
15575,39998372.56100584
15576,142407518.964796
15577,109263131.03886378
15578,70187593.78913972
15579,168025776.96622503
15580,59683249.810409755
15581,108313299.41540208
15582,57821492.88834364
15584,62570337.07877358
15585,57930564.456126384
15587,84750683.45319639
15588,34322268.30927997
15589,107859731.80720967
15590,71112778.96266717
15591,157569954.91270736
15592,159948388.14491284
15593,73604600.13939302
15594,78700198.09497964
15595,128116592.12478575
15599,58489438.075148985
15600,68840631.66401838
15601,79331213.29799102
15603,101691723.46347645
15605,63465949.04602948
15606,110428755.35629489
15607,95902969.22616835
15608,165099170.55485842
15610,78223868.18690243
15613,62725596.030691475
15615,95083381.48502018
15616,71447111.8620474
15617,147920314.99928904
15619,143437205.17491698
15620,184878603.96100223
15622,192522836.79052383
15623,123733668.74067794
15624,52178722.51405299
15625,118195908.77417511
15627,85479191.03763692
15630,84215599.31523123
15631,205441663.38604477
15632,106686603.93004705
15633,82436552.60488679
15634,110469277.28123009
15635,193565976.3383242
15636,76996820.96168612
15637,165194499.83682123
15638,78730739.76004167
15639,106842344.18519306
15640,109961568.19003868
15641,59434138.3081319
15642,178580487.2047475
15643,100258472.02359393
15644,250117130.7935839
15645,101620885.64098413
15646,219266174.7554325
15647,98559496.42817384
15648,231768456.0526716
15649,179162527.6644835
15650,83793627.25015162
15651,157604280.48907816
15652,68393262.78284362
15653,65114027.318295956
15655,96002189.94233795
15656,144058403.2533927
15657,38925622.89026961
15658,292208907.7368001
15659,107265584.19509426
15660,152374526.89024013
15661,66057737.7394197
15662,78446746.85322338
15663,113573643.75208662
15664,72069208.52581137
15665,53428922.30258995
15666,105781830.82757454
15667,128171543.66086218
15668,81591463.6405258
15670,182530112.6546743
15672,60117168.03941537
15673,181178747.5309314
15674,48486831.83188957
15675,93540716.78471944
15678,46554705.84152416
15679,66310890.671069674
15680,67520621.69423749
15681,153008354.03097332
15682,60421236.41431165
15683,122005003.16173962
15684,100022445.42517927
15685,96441075.42909585
15686,49137371.70883635
15688,63890029.61148141
15689,107538970.76639867
15690,79060518.48764263
15691,62409927.82706305
15692,150438721.79133272
15693,118849858.797202
15695,107348493.92430836
15697,343938054.08021885
15698,80212593.64733596
15699,54985717.124713875
15700,55348909.3716759
15701,184660652.49447763
15702,100185271.46363908
15703,121797290.6145022
15704,115832407.9569696
15706,118015270.3776407
15707,49125340.84151994
15708,117531037.47331205
15709,133539046.79840057
15710,91595316.86625308
15712,101938808.26349743
15713,70161006.81772217
15714,68936880.80752799
15716,44836881.72224812
15717,115102762.05426876
15718,50719546.7056238
15719,138548563.91422507
15720,51094501.94473433
15721,114149563.22489823
15722,64924550.78244414
15723,98623548.59027144
15724,116234727.71414658
15725,57775806.29554257
15727,216594677.54531172
15728,94395742.57822812
15729,107969655.04914193
15730,52179565.541099265
15731,216621919.78551245
15732,113606671.30973996
15733,41580031.951566316
15734,57573724.7309311
15735,87267667.22924684
15736,60911894.226740465
15737,80953917.67631821
15738,91661920.16458417
15739,336343283.7244764
15740,202974318.42236784
15741,90291537.92317289
15743,83240387.18133628
15744,83092438.4240919
15746,133505410.57285629
15747,86969079.27056503
15750,80979805.15765867
15751,37589862.33848346
15753,196150769.76361066
15755,126724973.77028926
15756,48362770.96786411
15757,84459679.073982
15760,74688213.74261145
15761,80874945.20892355
15763,134023102.16984326
15764,116605027.15542288
15765,87673456.09216097
15766,92727370.90369374
15767,70880401.57589594
15768,67626664.34525633
15769,129480636.28123285
15770,68923532.40754053
15771,46752197.05823951
15772,254701689.87423936
15773,67933338.53009148
15776,105814259.6956118
15778,68017022.43084665
15779,109410679.84496653
15780,80041788.61941785
15781,105081220.44342111
15783,61615964.33918025
15784,132655409.66139023
15785,41850166.55283828
15786,32832778.165940706
15787,41346995.89942933
15788,62828003.64861186
15790,86468090.89264084
15791,77373707.79947993
15792,30977230.607785206
15793,338437712.4535048
15794,295248984.28217334
15795,106662984.46922371
15796,73374829.8322072
15797,66673940.86183416
15798,43288982.23960713
15799,85594001.15435381
15800,82451811.6348614
15801,49736702.72427248
15802,69314707.5105292
15804,58135205.15866109
15806,93769090.0985392
15807,120269431.8421504
15808,51116188.42670521
15809,63706760.15958515
15810,72580773.5174135
15811,63559952.42527029
15812,41178107.93832487
15813,92913829.47839455
15814,89620464.48674338
15815,59329755.786876455
15817,96406271.50386004
15818,71633819.59261994
15819,198941466.58218187
15820,136080242.81401998
15821,52932894.47884907
15822,77534576.47220084
15823,104322351.11297606
15824,150123794.85302317
15825,236420972.184505
15826,84054118.64953646
15827,72234862.49079299
15828,141129687.36902857
15829,75808654.38514209
15830,86189360.22926736
15831,170790783.3985452
15832,225379940.42789254
15834,142544596.77900568
15835,82260194.84144528
15836,96123674.52917907
15837,63920468.641066514
15838,112578315.34897825
15839,82352705.45108317
15840,63520058.08440933
15841,62023022.32405284
15842,86471020.96300812
15843,88367464.24415503
15844,90548382.69058982
15845,81591975.15157692
15846,128911206.62905562
15849,89528347.69307828
15850,106681896.22055332
15851,204972210.87468898
15852,125391909.0256928
15853,187100063.29057845
15854,144510693.02487066
15855,57385645.69777395
15856,76682373.31728004
15859,51041823.99167683
15860,111121098.89956415
15861,77612804.34473737
15862,82662790.85866779
15863,110250862.81827363
15865,203963699.9998939
15866,184046389.5623413
15867,52049868.028052166
15868,93956357.57724509
15869,86275820.86822239
15870,46344170.13940553
15871,94758308.73996834
15872,43604488.47753303
15873,64103673.852858126
15874,119818110.31619367
15875,183114298.0271362
15876,115207975.58122139
15877,62977589.16749789
15878,89757267.56749243
15880,116681382.21339229
15882,134584489.2356344
15883,73463610.25097872
15884,69900418.34525526
15885,126631992.00474355
15886,353280759.9935638
15887,65827485.38716898
15888,47567728.58370097
15889,68496723.23408455
15890,109542377.04457152
15891,72862629.56606664
15893,84633229.59438531
15894,64919842.67164051
15895,123354487.14718421
15896,41858993.38366022
15897,26582798.51016598
15898,41158633.945826925
15899,78403342.73723184
15900,67205650.65859598
15901,47595639.8725931
15902,69873966.28929491
15903,120369901.91142344
15904,71722168.77264833
15905,34373169.96587731
15906,81657428.25777853
15907,139724474.25797328
15909,61182209.82762876
15910,28285925.156895485
15911,100665282.09798431
15912,91731339.47707188
15913,227016906.22469345
15914,72684215.72713083
15915,106407450.33293442
15916,81182605.33100303
15917,87125136.95470788
15918,178311093.85552078
15919,44325723.07625034
15920,130945041.36084792
15921,42759637.9365462
15922,184005667.58169308
15923,86458432.70187587
15924,46512381.972619504
15925,105405452.42190005
15926,162992634.4271584
15927,164423154.4300726
15928,35688808.41372825
15929,95207355.75817797
15930,116624248.48745912
15931,155053119.38899475
15932,128235054.09653981
15933,229050529.43005636
15935,52314085.1320338
15936,57972654.96033325
15937,117956277.5544996
15938,57293436.95992304
15939,72950510.71852149
15940,90410495.62158039
15941,126509282.41895947
15942,119272135.43101567
15943,93594950.01848584
15944,45043629.03789492
15946,64643909.42391337
15947,148842622.51937824
15948,113454582.84657724
15949,71405410.65663782
15950,77681235.31139816
15951,127337876.10807447
15952,66828318.30271375
15953,68978604.51394238
15954,84642237.54520608
15955,70207857.73474269
15956,101829158.36953773
15957,68926875.17602925
15958,61366010.267385796
15959,61324588.96350637
15962,136317275.36936364
15963,49797456.104010545
15964,35082763.75457283
15965,60859113.67677489
15966,104829447.91624509
15967,74428978.38580179
15968,64591275.28975029
15969,103321300.3044628
15973,132185300.79475477
15974,71878563.84828727
15975,130407060.42120634
15976,111588558.16032003
15977,64609183.12949455
15978,46764043.2787566
15979,56043236.99873638
15980,131506537.16496786
15981,45174427.08376226
15982,50398420.89287207
15983,131464715.80920777
15984,153721711.1567663
15985,59386270.64382549
15986,48558295.11847438
15987,160680399.57762748
15988,70665403.62246
15990,47252065.18195914
15991,81478255.79913992
15993,146443398.52715123
15994,113834588.41216931
15995,108144058.52551179
15996,49045528.79906663
15997,144289327.32587093
15998,64685216.16931745
15999,76280005.84672323
16000,86173211.59293467
16001,93282606.1895682
16002,48199069.77602498
16003,71378103.57155083
16005,183118552.21969843
16006,121759338.63866164
16007,131498485.51047215
16008,186932161.76337636
16009,191100075.82880926
16010,55203036.73945292
16011,105258242.88394655
16012,88747196.05303153
16013,108614940.48929738
16014,119356845.53748316
16015,96931373.1051419
16016,48986457.491347045
16017,77591097.71066524
16018,178497252.03162402
16019,222898916.21869504
16020,82003278.69011967
16021,65728402.46486987
16022,152409109.14489773
16025,86009792.87395713
16027,86330830.00816168
16028,192672606.46621728
16030,152480616.16280645
16032,255683293.0806609
16033,75835570.12323394
16035,77646583.52331215
16036,66722179.14303651
16037,235163080.7431303
16039,122717159.81073467
16040,125307142.24972104
16042,47035226.99102865
16043,80780924.7936571
16044,178440214.10437497
16045,59749962.48785153
16047,49020059.87502298
16048,136431192.6440011
16049,179599660.99776
16050,53468841.53909705
16052,58439706.97061853
16053,60319420.124031805
16055,85767477.91171534
16056,78146598.99764861
16057,110898592.03061809
16058,43733811.217947744
16059,128374097.60813527
16061,184280430.0250909
16062,85064472.1024243
16063,60907779.590128355
16064,79539431.20262259
16065,145125360.82129687
16066,57790908.82136337
16067,53966981.93062575
16068,169566334.22602007
16069,31045012.883356344
16070,91377523.74701677
16071,75123296.15180577
16072,99269742.60054396
16073,98780367.12546688
16074,100787432.35122633
16075,76787435.17206147
16076,85916371.09045072
16077,49244463.480190024
16078,60951456.58614297
16079,64626848.360888004
16080,64313588.92582869
16081,69918615.90920843
16082,115379123.69942994
16083,60063028.56774195
16084,95113390.2383264
16085,45760644.73059933
16086,122319903.36739467
16087,79004865.43916914
16088,75476006.97899413
16089,70369662.32985519
16090,149279418.75723904
16091,73688048.5081828
16092,71587773.45581782
16093,109197752.49655494
16094,58095457.50795595
16095,73900400.8936399
16096,105828811.30147587
16097,76097042.0785602
16098,93149205.01942603
16099,150802920.97424948
16101,157947661.93271303
16102,49095097.48621828
16103,64621471.95809698
16105,48995453.380054206
16106,109496231.56488842
16107,94334433.45370737
16108,56710663.574837744
16110,104041372.30594902
16112,94830817.76933567
16113,47175351.65545705
16114,123657642.4559582
16115,68724719.85598062
16116,129150021.01406626
16117,65261659.44893693
16118,51140168.9505905
16119,89353936.60044692
16120,164782777.78392917
16121,79288017.51341848
16122,34085531.37404307
16123,59436434.68324595
16125,63573518.54021349
16126,83451745.25269012
16127,91183835.73812933
16129,145842809.34646967
16131,285105896.49186206
16132,137016219.39092323
16133,152052708.54413182
16134,77735024.88808563
16135,106864399.61705957
16136,50872151.57219288
16137,87702569.7849647
16138,42426047.93362604
16139,84433704.0059193
16140,84437704.23406497
16141,138299138.42106488
16142,105242209.10953332
16144,100170755.62851773
16145,74023803.71373142
16146,75985888.4169551
16148,70086147.4963227
16149,41351050.34948461
16151,74035251.27561346
16154,189029940.06981647
16155,73305714.8425027
16157,145303913.25207654
16158,236819682.1462658
16159,38175075.476434134
16161,71081395.47502078
16162,166260706.75075617
16163,61051898.291517965
16164,77040671.03959537
16165,324525811.4853708
16166,114279379.16791539
16167,252083904.21745917
16168,83956176.8476245
16169,84106861.03425828
16170,64392303.01879213
16171,202572507.38541415
16172,72273383.77986395
16173,72295837.37129001
16174,76964992.6279684
16176,91123982.15546034
16177,80951509.18489848
16178,56448206.30343892
16179,76654471.11192933
16181,75253855.8661608
16182,78495319.9018826
16183,327498361.3280531
16184,55802638.29894398
16185,171303964.47006682
16186,53345911.29490575
16187,87136052.01698315
16188,39205632.135387965
16189,57370498.30334053
16190,49805988.91363657
16191,135659310.861711
16192,93982120.90185197
16193,61016458.5237333
16194,43051616.88027943
16195,125545863.38159838
16196,76052527.67754972
16197,102936649.3837182
16198,94652301.56320651
16199,177034163.1518254
16200,74700965.62807871
16201,36254647.31328981
16202,107754824.41917233
16203,62380123.97682009
16204,144016719.7876086
16205,59187332.16984722
16206,69719410.6090774
16207,56438834.637645595
16208,60126722.17071321
16209,147109433.12185672
16211,161996017.2293953
16212,130501719.59480739
16213,259705740.3123425
16214,69723120.4994001
16215,64408096.69012893
16216,52755733.8168993
16217,170436298.08186975
16218,107263702.19955759
16219,58391953.06370926
16220,119800506.2653056
16221,108136279.73993957
16222,286524978.4719237
16223,57735470.036031105
16224,87893096.84458758
16225,34375430.0715536
16226,108136290.95562358
16227,187928090.46113276
16228,187421940.31918228
16229,184469083.40112588
16230,161395441.3613298
16231,77538805.62182915
16232,76558461.86385018
16233,46746827.249094486
16234,48192001.598972455
16237,118493038.59473674
16238,62918686.340922214
16239,71479702.99901363
16240,149942904.0160398
16242,75820518.18479949
16243,109593546.86175618
16244,165513671.54315928
16245,30069649.65994795
16246,101128068.0069684
16247,57617385.557531275
16248,110477710.43995851
16249,51032426.14253101
16250,90531710.53770438
16252,259157781.56862587
16254,124268373.95010856
16255,46894659.483447894
16257,201021759.22508672
16259,75999953.25492385
16260,100199333.75731853
16261,72195443.77599712
16262,61495222.494971
16263,55544925.6363824
16264,88257279.08376189
16265,65344817.46545328
16266,68198663.16486172
16267,96655081.48273174
16268,47300393.78842503
16270,75443334.47754988
16271,114756631.39973554
16272,124798253.93405966
16273,39144994.52427961
16274,81733875.64034563
16276,66480663.87978634
16277,84716798.54961516
16278,156497455.45182347
16279,102402556.80126677
16280,45473138.6506788
16283,55429673.0412154
16284,153540948.1883525
16285,68224753.52572545
16286,182610459.97434852
16287,126028791.79421538
16288,118361590.57174174
16289,69719943.6425797
16290,62752475.36800115
16291,58374230.11258645
16292,75008904.48317048
16294,139876955.10982615
16296,51690539.43728983
16297,64900970.432976216
16298,47604873.87356665
16299,110048704.2227726
16301,66797962.3806662
16302,60909186.74478372
16303,38718714.82118148
16304,100228678.65132666
16305,107410648.89134884
16306,112361945.76964945
16307,73984669.17525406
16308,61132346.66739518
16309,82112039.01286827
16310,154495886.1713823
16311,109712531.47482379
16312,59133477.52820602
16313,72973699.59864932
16314,196515649.87284172
16315,212501844.1703706
16316,95167682.91513807
16317,100369379.9391071
16318,70394654.6060698
16319,171166141.54408893
16321,119902771.57774423
16322,71374915.22452275
16324,55691615.99562049
16325,76447203.98882355
16326,49243221.97123483
16328,63320105.347276315
16329,316728951.6126899
16330,166764632.03004774
16331,215506273.7781957
16332,140545185.12474164
16333,127883697.61482432
16334,90321584.00374903
16335,55572969.347869776
16336,99129476.03550524
16337,61619539.56631797
16338,164107076.99306718
16340,116118181.61896
16341,61373980.41082404
16342,122450999.86750619
16343,95445111.74795629
16344,84332838.409246
16345,41723498.76216497
16346,112962635.13426068
16347,127636512.74717352
16348,76459200.8385146
16349,46594800.80835712
16350,64428046.81067515
16352,250825776.9044104
16353,131453951.2888715
16355,108802971.8056553
16356,17827898.45497233
16357,95403435.31463519
16359,138419984.9256817
16361,69776858.83698939
16362,71799159.01242712
16363,52956916.445756614
16364,130828325.66434827
16365,41669927.09663288
16367,100827416.21048577
16368,107388834.39618544
16370,48059048.88170302
16372,80970511.44813076
16373,46530553.6273881
16374,57823393.80094607
16375,112541329.13455006
16376,90978383.36712202
16377,62632655.06677687
16378,70802015.50446153
16379,235476189.96691582
16380,90296265.49340193
16381,108046256.83675896
16382,156205415.04435068
16383,153272544.2644083
16384,184062713.3548636
16387,72565826.31525299
16388,322105221.39957905
16389,61536537.05813249
16390,73931009.75360538
16391,111296850.99134488
16392,52987843.05883665
16393,187980628.47486886
16394,154188736.9818499
16395,129087867.8472445
16396,117044383.65516253
16397,91494359.00012465
16399,82750597.36918631
16400,94986965.82629843
16401,126710419.00829723
16402,266569920.18577117
16403,78941029.6740728
16404,118934820.20322566
16405,242742397.58100817
16406,38925890.89303113
16407,129008340.34944656
16408,81618428.45790389
16409,47257717.58349808
16410,198807545.79017538
16411,101024921.4157924
16412,48601998.938311264
16414,82946566.94196515
16415,81250858.00372884
16416,92369080.85480742
16417,83133322.7353405
16418,127583709.81400353
16419,93433192.7004628
16420,94495184.98975843
16421,193603951.22518787
16422,64727689.306057885
16423,112870224.86671054
16424,55943837.727451675
16425,42313500.45891407
16426,62371553.49107689
16427,104328080.84931399
16428,57490806.98790613
16429,72053694.81697565
16430,39565006.14093097
16431,88622074.153864
16432,94364287.17581749
16433,178698141.044303
16434,90616443.14683211
16435,82418681.26667023
16436,54659727.248488076
16437,45178412.35049917
16438,47254811.79096163
16439,112330702.88629176
16440,83901584.59983313
16441,50403409.705802925
16442,100934588.68085249
16443,89840155.17226964
16444,73753740.76304038
16445,100007585.37501352
16446,185040104.49568897
16447,85520554.47183155
16448,188889461.6737731
16450,159624296.02252972
16451,68393760.93686944
16452,63302285.54941591
16453,158301007.9942521
16454,54485711.68806877
16455,98201735.67269237
16456,53832600.082568794
16457,68568717.23297071
16458,100520726.89889623
16459,195591207.42511007
16460,86982659.1142357
16461,141488157.2118155
16463,182184281.82553086
16465,224882401.17228648
16467,126252507.28498909
16470,99465550.986833
16471,85293203.95490555
16472,77534837.65091425
16473,57693967.186389886
16474,77951220.3208049
16476,125219831.19266498
16477,49522666.999618925
16479,290212255.3974369
16480,69730720.56221576
16481,68865607.82615115
16482,206316371.130573
16483,102048075.27429323
16484,93788943.95234135
16485,86897077.97175811
16486,125218346.74318549
16487,179263380.50797614
16488,80020099.92239359
16489,366578952.8147545
16490,48828313.2362524
16491,109034745.50771792
16492,132693180.99830835
16493,59774531.47964487
16494,51116079.71743389
16495,66655341.88109663
16496,175595262.06712765
16497,123905757.39900662
16499,106753255.05644563
16500,81004364.80273648
16501,189968473.39985374
16504,50776807.71237219
16505,50052665.19030154
16506,33183722.580478095
16507,124871433.24971579
16508,25438330.65177954
16509,102201674.63312933
16510,42014538.4706318
16511,132935533.75551876
16512,95267859.23082627
16513,77120741.60869773
16514,42764637.50195833
16515,84830358.64315943
16516,68077167.99115612
16518,129240949.92059082
16519,58167722.163378604
16520,79092470.53967908
16521,158538954.55330232
16522,180591589.88697985
16523,64734057.88733468
16524,122809701.36940153
16525,81674330.84946024
16526,61130295.011166796
16528,149483971.36413863
16529,49475244.35717498
16530,71821181.35952666
16531,73358443.50056197
16532,69192346.66772808
16533,74143254.82095952
16534,211741603.67967284
16535,116531038.57227339
16536,84777971.34422612
16537,107350666.74960896
16538,76766913.9536902
16539,47535129.71915782
16540,177549315.35854065
16541,138973604.75684622
16542,169336118.66866904
16543,124224200.44261475
16545,61469525.78789537
16546,56270719.89254933
16547,147032140.41610253
16548,69435164.54991187
16549,90490022.24795239
16551,66370514.863533184
16552,42909327.27204129
16553,65720719.27145579
16554,83664185.13323386
16556,147727819.7835161
16557,117753725.11927411
16558,86508891.14935268
16559,136973637.69826362
16560,309806261.47062063
16562,328173370.43485147
16563,92653778.85563345
16564,90755895.21662429
16566,84807575.86584562
16567,160716056.58389723
16568,87952036.626793
16569,143365009.05949673
16570,216282106.13541797
16571,89010714.7217758
16572,70596233.78577702
16573,57996059.426929444
16575,55358161.8308221
16576,74856816.1785536
16577,51464241.09225225
16579,97073791.07081313
16580,69791789.64755523
16581,77719824.12406583
16582,98966696.18239705
16585,89687814.49899052
16586,108586335.9595295
16587,112922830.38641508
16588,65803411.48125131
16589,65308805.26752519
16590,119294345.0243316
16591,99326377.5733928
16592,43883747.335719846
16593,110861811.49543825
16594,110310317.00222002
16595,61518072.94749975
16596,101033535.57781863
16597,68422033.40315266
16598,77027548.46873212
16599,130738000.00247876
16600,163133341.03848225
16601,79005536.76973173
16602,121152544.5751786
16604,79632189.40826939
16605,72606829.86181344
16606,84228779.17796971
16608,104642223.67569524
16609,107320678.35575892
16610,87382690.17917727
16611,257816561.1159559
16612,58176861.18116169
16613,181254842.94633704
16614,73464921.90649433
16615,123901586.45913473
16616,117536953.54757546
16617,88332999.67775019
16618,92733291.63891014
16620,96144734.59550928
16621,26626193.550423916
16622,100642797.5637658
16623,238563136.96172535
16624,70871120.01243608
16626,205269598.46080595
16627,313754600.1483108
16628,192350104.01988658
16629,82345612.52583146
16630,55466383.24267337
16631,65652377.776529
16632,57695114.74640336
16633,210462368.69938144
16634,77523049.04942235
16635,109489166.8075941
16636,84614524.42503685
16637,81411803.253684
16638,51145863.66085341
16639,114649159.18445218
16640,79566017.56478076
16641,83748726.75613427
16642,150463787.28476596
16643,99913831.66633658
16644,249133873.95326397
16646,229956074.46423218
16647,96014884.8776717
16648,144781180.2053972
16649,48596842.058794305
16650,69608035.79606846
16651,116338470.33613063
16652,83394568.86395308
16653,51252090.58449827
16654,47064405.34036833
16655,101654648.45104468
16656,96214147.58701657
16657,58083974.48711593
16658,85760853.21796681
16659,105240221.15715477
16660,124064196.98551902
16662,69810199.88346119
16664,217924013.95022082
16665,185070366.4534045
16668,98327950.80814306
16669,60191448.07766162
16670,52258254.36266161
16671,113407777.1378575
16672,84762222.66045956
16673,78771499.07297853
16674,45653806.54289204
16675,56689101.87078932
16676,105098084.16574758
16677,76095094.01949231
16678,55620292.22558853
16680,89582938.35767458
16681,122277800.30691761
16682,60582405.714705996
16684,72805384.28148946
16685,88194448.30712858
16686,50800087.05464086
16687,89509122.42332721
16688,43685681.2315315
16690,40869617.599383295
16691,174054152.1216399
16692,324665517.27208835
16693,93840279.33421093
16694,62884448.07998339
16695,79864787.87799814
16696,84931045.56998493
16697,96312365.91274224
16698,190016589.17841387
16699,60097473.56304472
16701,54647943.76217517
16702,63305204.665754974
16703,182583636.41133204
16704,63715300.53444035
16705,261835576.2162246
16706,76783887.73916979
16707,93277983.8000901
16708,93982975.49339813
16709,91092200.8598805
16710,75315145.67114891
16711,91320223.40224066
16712,57615376.8123718
16713,199298423.71739694
16714,165367482.27039012
16715,56636012.0703844
16716,44432610.61391051
16717,125261700.9175759
16718,51411997.619570374
16719,63063358.885631956
16720,48755400.08799467
16722,73163725.86296336
16723,45013218.670097284
16724,58329842.676556334
16725,84596980.96836689
16726,66203027.88947919
16727,96528595.54477604
16728,80687073.82242353
16729,115444441.59339496
16730,213080676.897745
16732,50841941.0430571
16733,99533484.69979888
16734,134559742.21769163
16735,67243958.22665834
16736,75986788.28091899
16737,132557837.05511539
16738,69588612.86778037
16739,120541906.45842268
16740,134572220.94075468
16741,104237588.33973242
16742,64582244.877497755
16743,149341143.93669817
16744,116516736.00720711
16746,76739670.2704992
16747,57997200.827960536
16748,55604408.63433225
16749,77306746.89578494
16750,95257403.67058311
16751,84246800.03819299
16752,46173252.071146145
16753,142885874.10099348
16754,77155197.5987791
16755,202127239.7166543
16757,34468558.41153275
16758,64984978.41616833
16759,71282489.18216169
16760,45506940.61524361
16761,73892748.74934542
16762,60226390.98626821
16764,319977763.03218603
16765,96193977.65041205
16766,70046842.85127948
16767,104412419.10453251
16768,62299263.02113858
16769,82501073.95505781
16770,93686834.04541776
16772,87381119.06245369
16773,119201977.52572328
16774,150890579.0174417
16775,50646791.11476709
16776,106965550.10968639
16777,75620472.83393504
16779,199448015.5217183
16780,106394099.2365648
16781,162498991.99453261
16782,119129509.39189498
16783,116080752.3093775
16784,79915261.8485493
16785,82464629.14142889
16786,90959072.31851286
16787,95126819.03575124
16788,228019435.45096853
16789,83130452.7872402
16790,126382031.09233129
16791,198747958.30094457
16792,71253522.96795236
16793,133234077.880594
16794,61077191.18429318
16795,86133163.22445767
16796,98713626.89088331
16798,166071308.33828208
16799,285189759.5725919
16800,311129686.8683063
16801,107680709.7594046
16802,189741554.11260948
16803,107569660.07752267
16805,87258604.49444528
16806,42399439.01800734
16807,55269386.41904323
16808,86706237.91445808
16809,159125730.32151985
16810,50675377.50358263
16811,81641816.82126988
16812,27131221.88881625
16815,92510889.67375526
16816,128771616.9214446
16817,66659455.41431505
16818,77125735.10144609
16819,354742827.8937194
16820,89225755.08615915
16821,111661769.93026069
16822,89992118.92012942
16823,99476415.85247488
16825,70510412.22006944
16826,78487547.39529212
16827,217638175.01914918
16828,110707634.36564593
16829,70086901.7128947
16830,61319333.639909565
16831,89521430.5976414
16832,121212202.78126809
16833,91438266.83616373
16834,79230627.39860786
16835,72331669.4220588
16837,155583267.13278702
16838,76161805.71650453
16839,99604834.79065727
16840,139621165.34628054
16841,56060008.18830471
16843,130370939.34517196
16844,45585092.511972405
16845,256367174.37803626
16846,94012392.87825549
16847,81163423.74263735
16848,127448660.12129515
16849,29000574.135575656
16850,71121976.59768628
16851,83247882.47387733
16852,73950610.41896173
16853,50261731.832425915
16854,165568057.59591022
16855,165126634.7093709
16856,119091855.8370971
16857,105101951.64858398
16858,146669508.75104713
16859,37941172.08624707
16860,68312923.24262947
16861,69434675.46238616
16862,60373262.8030044
16863,46067361.20863713
16864,92355088.65505247
16865,53434905.78224667
16866,84508493.39876966
16867,68033221.57951482
16868,71857601.42137703
16869,70917847.07184622
16870,59419420.44608469
16871,153253908.6528647
16873,65988380.23204017
16874,70460868.17309614
16875,120112659.46718949
16876,75050253.54066058
16877,38753663.963970855
16878,58051982.84215488
16879,113121118.32793674
16881,87012759.79127268
16883,142868497.01562813
16884,73886140.30196978
16885,84048009.69509737
16886,49780654.15146167
16887,137686303.7804459
16889,113960727.25511079
16890,133193163.44455746
16891,71180971.66328442
16892,54377864.97395646
16893,47301566.286790624
16894,172231920.143245
16895,122376750.02469149
16897,146463016.10734534
16898,158557393.78395054
16899,144014947.4757738
16900,88608855.6619576
16901,64581110.62343143
16902,64532024.13470596
16903,57850852.847487114
16904,143474845.96761402
16905,70608807.37575027
16906,95650514.93186381
16908,178116613.32861307
16909,58955515.39967676
16910,85554054.98062389
16911,72701720.63423885
16912,100519216.39600042
16913,73884619.17864735
16914,64029028.65021134
16915,39933504.71431546
16916,64693313.353240885
16917,88243696.962609
16918,81469108.50523312
16919,143320549.8572266
16920,55831459.65829949
16922,87142053.01160139
16923,107159310.05744267
16924,189554040.24452844
16925,135369286.9567872
16926,76097985.91589767
16927,95014656.36458218
16928,159269425.20482573
16929,57976382.93955579
16930,55747732.8235215
16932,93051428.57559279
16933,52875516.95357578
16934,361212587.3365849
16935,61746282.093250796
16936,107304854.5725604
16937,66843985.97682475
16938,58501217.45278465
16939,113232147.1025841
16940,90224936.75671211
16941,69304002.94586124
16942,131400348.25284523
16943,130398580.07292143
16944,63905439.35546143
16946,70017418.35044631
16947,58732520.28751137
16948,58797568.94511194
16949,100248284.99433136
16950,99353109.14374033
16952,114943316.7379985
16953,69356340.4484524
16954,80585269.60044637
16956,78555765.50420496
16957,133409631.43951945
16959,53498003.87482333
16960,113379895.99902494
16962,54597913.30401314
16963,63542180.52997766
16964,61290402.59700906
16965,121568271.23291488
16966,135309646.83552578
16967,61070602.871172056
16968,59439926.04463311
16969,65294148.2961799
16970,46792076.12295242
16971,200582523.15510648
16972,67278736.33356373
16973,62396978.11553679
16974,75172888.07793777
16975,96395783.27208914
16977,61739239.12677254
16978,133218954.57355896
16979,84427106.47015046
16980,142814465.76804772
16981,74147121.17010728
16983,159635173.6672624
16984,70229566.07490627
16985,179166914.72094822
16986,131970591.80447842
16987,80661356.39014412
16988,80300743.15249513
16989,84247177.39821184
16990,73037791.41647266
16991,63902891.26862124
16993,72705623.28313892
16994,47269380.8005097
16995,136244946.05065542
16996,78435335.09708554
16997,74158982.59734029
16998,113485007.7880095
16999,103784937.4806603
17000,51402517.87025527
17001,52656861.938168734
17002,60512393.31475672
17003,61572199.51388001
17004,133627158.044027
17005,42110711.68194861
17007,45898195.543626204
17008,124747050.1562176
17009,33567297.24068815
17010,100780792.99466014
17011,78183046.34576623
17012,68442353.62426871
17013,76666455.02180725
17015,62339541.73873126
17016,140831569.02400988
17017,123368411.92595217
17018,62813752.76604919
17019,95948349.38910058
17020,92642112.22295387
17021,139622479.9644394
17022,60686139.98360358
17023,59583967.477707654
17024,173567423.4244821
17025,40338323.75274009
17026,97340084.0598389
17027,61041033.87706587
17028,271682312.66845715
17030,68604748.54693747
17031,79455658.84891261
17032,103302942.90387022
17034,120869673.89643413
17036,62523088.98663388
17037,89725928.3131043
17038,159836488.41753635
17039,65040028.39449279
17040,59464704.509081274
17041,80925151.55796929
17043,45496811.40199607
17044,159534685.84885198
17045,59345957.481124096
17047,90422544.36389893
17048,92096712.30217442
17049,257957664.34736857
17050,72194780.47667566
17051,60788393.86239872
17053,68188629.80799882
17054,39957826.06376099
17057,47514296.97507891
17058,70969948.0554204
17059,96671368.1820189
17060,188278868.0478819
17061,51987860.020585135
17062,66797126.76895336
17063,104450080.6421805
17065,41383008.91737735
17066,92372497.40146364
17067,46073998.08662205
17068,50439715.20092029
17070,168742128.97058207
17071,114722516.8693762
17072,107972992.14940792
17073,126554049.15990907
17074,122762933.77625814
17075,136743010.68656093
17076,68584801.55054331
17077,49656515.65601654
17078,50431035.08383332
17079,51166915.77835767
17080,63931175.94407561
17081,79616283.69073145
17082,132463960.70585832
17083,118303566.0914087
17084,141729699.91358647
17085,56969796.38174984
17086,58862460.349833
17087,114636964.17982186
17088,85743874.41011046
17089,60375263.326398805
17091,140585926.87640336
17093,152439820.75425702
17094,112208900.4158697
17095,76346088.8621331
17096,100251072.9794103
17097,84856723.16284543
17099,65331205.20322539
17100,54227278.84593539
17101,44247431.39273853
17102,138894818.19429734
17103,175917054.76198977
17104,66326018.66575554
17105,51170957.42334039
17106,124914145.8447928
17108,79538404.00857502
17109,96281277.18212003
17111,67799572.61207025
17112,105980644.19030564
17113,51121268.40966626
17114,111953361.57823193
17115,168059210.9769822
17117,96822908.50533552
17119,95958090.96178707
17120,128577302.62980562
17121,82167898.28904688
17123,102225921.26858579
17124,192776104.60559574
17125,116753768.96720159
17126,119803770.10805164
17127,40737717.16869531
17128,113270143.98290092
17130,50888031.84866644
17131,113382092.48806813
17132,53977545.89008538
17133,130831425.67955275
17134,85985767.21074085
17135,51706926.60908355
17136,64519683.9745315
17137,186533275.21476236
17138,71317917.24236432
17139,59265764.57426282
17140,81751348.61015457
17141,56176851.95372371
17142,114070548.68635476
17144,87912825.91136722
17145,79807373.28322987
17146,155951058.87789685
17147,254106221.1307965
17148,64439815.985605836
17149,84793840.30953562
17150,68448606.08598448
17151,94920976.61675201
17153,89522345.18367623
17154,126223412.22155605
17155,255919516.39878368
17157,85233465.83026533
17158,124606400.81008488
17160,43167270.04096821
17161,164581014.05611184
17162,123162706.0952988
17163,244952191.9088846
17164,44629501.883655965
17165,60015704.784640595
17166,79743173.91642487
17167,81393954.03144923
17168,143211941.61151832
17169,123719076.92208457
17170,202056275.1620677
17171,117095252.42203869
17172,75548542.75763316
17173,186844711.730608
17174,73179724.08409534
17175,330083949.93811303
17176,63431018.78031317
17177,129601979.62827909
17178,71716781.81750953
17180,50092397.23758014
17181,58601530.91653621
17182,135763813.30069843
17183,81678833.30914564
17184,66240640.17934865
17185,55641734.399182126
17186,66487141.37223551
17187,335561711.31060433
17188,90315196.75778061
17189,46064315.87982583
17190,99526852.26199973
17191,57776341.92395048
17192,111735876.79350838
17194,72868086.81010655
17195,47382365.306508005
17197,62802513.74100765
17198,51512075.35883931
17199,63287627.00033778
17201,166075350.577864
17202,76753102.80677532
17203,80903599.19343911
17205,141354495.59856287
17206,79377306.08537258
17207,104642221.7830283
17208,82006040.4591896
17210,90580248.57111698
17211,265023053.0979232
17212,75049086.98833033
17213,61148904.23969299
17214,151527383.6846613
17215,75553392.10794474
17216,57079901.52974855
17219,113040042.55513372
17220,169374519.86631522
17221,56608024.49237675
17222,91967924.01557574
17223,124598240.3720129
17224,80786402.63604848
17225,125989490.26648048
17226,165841446.22949985
17228,87120033.18550463
17229,60382279.75408311
17230,83879200.00447439
17231,55534096.01512347
17232,86093432.79920202
17233,285384820.545118
17234,153838546.33192116
17235,74326795.54212719
17236,127835205.15228747
17237,58147508.31870353
17238,321036162.03955513
17240,49720484.12108004
17241,117106342.36006422
17242,88113071.62266834
17243,93018841.94544125
17244,57850256.08059072
17245,157415177.98029992
17246,90024606.28541453
17247,94588328.14044605
17248,97175116.6674969
17249,74150811.96682131
17250,97109698.03202696
17252,79243118.95365337
17253,118799447.88758919
17254,81387466.59763385
17255,86966998.2159988
17257,57483665.23576491
17260,107685843.7505766
17261,48568285.417910926
17262,102305494.42981465
17263,91921382.27344382
17265,95250837.22618516
17266,76354312.95485511
17269,72602564.9115611
17270,186739442.5672088
17271,63685672.96655625
17272,83107610.19139874
17273,183556634.15269664
17274,83023439.29577562
17275,73997309.38280256
17276,112383112.2280696
17277,82278266.47584024
17278,112317047.03545864
17279,75619247.23018919
17280,78790828.65564783
17281,90347648.11692846
17282,140658408.57522765
17283,107850780.0473941
17284,183179530.84401467
17285,292100754.1219367
17287,59176846.42365778
17288,199998132.31327212
17289,74069415.11968376
17290,89925728.40924884
17291,127725452.17631657
17293,86355161.99035218
17294,116054205.96460325
17295,84471877.46658085
17296,61029500.100687
17297,84864270.0925082
17298,108698973.90888767
17299,92045772.53157026
17300,72509125.1169987
17301,71344893.45208244
17302,54360145.631647184
17303,111463836.87503392
17304,105307422.3615117
17305,189811467.87045074
17306,140257915.90721518
17307,111558669.44450921
17308,70769323.38349393
17309,146216322.30955306
17310,52303032.60463203
17311,145029994.71943218
17312,149016876.05941254
17313,71589199.77587113
17314,59530592.52021236
17315,86022659.4206814
17316,136250461.48670703
17317,100238838.51922011
17318,59850775.24307363
17319,140142343.45425323
17320,231731582.74281263
17322,49615058.93954389
17323,128621815.51101449
17324,66827119.30013404
17325,117220075.61258611
17326,53387523.30509429
17327,261177120.04098853
17328,78666986.31234719
17329,52444147.27181962
17330,56332860.327339076
17331,68824799.09740591
17332,105997627.80940722
17333,117300776.05310892
17334,179599576.72228497
17335,92600776.08197092
17336,70159916.38053398
17337,99950243.60110538
17338,68893661.05391113
17339,79679316.0765186
17341,100890376.7733328
17342,113437587.55806798
17343,87182324.28995986
17344,60320491.232730955
17345,140911121.31075484
17346,54687635.92701732
17347,79662709.60380876
17348,192827930.24739048
17349,98707147.92292795
17351,64126089.84594385
17353,115156510.41424401
17354,57524401.139985345
17355,120992094.91931547
17356,158074706.8295386
17357,84014040.71462369
17358,148590569.02425835
17359,72233458.70058413
17360,37710318.81947059
17361,229498884.0516453
17362,108825828.11441748
17363,87015356.62413213
17364,132813282.71071598
17365,113019155.39863257
17366,111714307.68186247
17368,114823756.58668397
17369,88151544.1521792
17370,73342162.91827406
17371,95854582.46218956
17372,112774004.57629602
17374,89738425.28356026
17375,171891386.74366742
17376,88131364.02254127
17377,71633123.44008993
17378,117899604.80917221
17379,80866352.72761945
17380,91718047.97382437
17381,127775171.76739584
17382,41690725.886254236
17383,48408374.27672087
17384,104694555.94680414
17386,145459695.09841537
17387,48198970.924363144
17388,85573546.22937226
17390,102438418.68957901
17391,135982262.54142746
17392,109177647.82598579
17394,119815792.95541432
17395,119744394.46765482
17396,211066197.78434902
17397,65705344.54128776
17398,65858779.26880853
17399,78353346.82284802
17400,69463073.30351989
17401,250571705.48724952
17402,66907895.362552725
17403,65060384.95514473
17404,73713228.08849908
17405,78987223.2625815
17406,63381792.32836597
17407,136896591.1653515
17408,113080860.32662681
17409,337200308.64403164
17410,124012963.89196432
17411,124668103.22306675
17412,108448088.27234173
17413,238401175.47611377
17414,141194680.37095165
17415,129863549.15682505
17416,116098477.05194713
17418,74874025.38272353
17419,90168450.67392978
17420,75160582.30745715
17421,129821092.13703825
17422,102005701.37951319
17423,134730922.59187746
17424,166793725.0459924
17426,127663976.22599782
17427,143911779.72591496
17428,94263303.50196598
17429,220482941.16901904
17430,67903020.33271721
17431,68179754.72061704
17432,74841050.44814464
17433,46977648.55366391
17434,139258416.63731322
17435,77735712.64342986
17437,54015571.683295354
17439,132546565.87036467
17440,84565737.12654011
17442,49632556.31893314
17443,90880031.01149522
17444,87832500.90000649
17445,347446648.17295885
17446,66557664.30946688
17447,76413425.87360997
17448,84692724.19700651
17449,47780490.45003162
17450,105229459.71296574
17451,69987131.03594242
17452,143406848.59588385
17453,190240373.00150198
17454,59806722.016354516
17455,69138282.86204277
17456,64840536.75548332
17457,48261612.3363337
17458,73309693.22324094
17459,91851090.54898548
17460,73259106.36689739
17462,82381684.88316524
17463,197561764.04155025
17464,110770887.587863
17465,83073102.55183844
17466,79731156.43863863
17469,122057177.41192111
17470,216884047.58345413
17472,47054543.70881199
17474,42002266.17589537
17476,83741216.65083952
17477,77084979.37886247
17478,146484000.3344058
17479,91345683.13079706
17480,117072984.52001433
17481,85078558.46076314
17482,270299071.0339066
17483,80884317.9418992
17484,203312398.51023358
17485,86556318.78049548
17486,87116914.53567648
17488,83957928.11954618
17489,51327968.515880324
17490,101187240.4954845
17491,93000376.365181
17493,141756871.81002218
17494,69795176.89923115
17495,72455561.16920882
17496,34670733.3978224
17497,114401165.98595984
17498,57564071.139410734
17500,63909522.860734314
17501,75354902.0829591
17502,70840513.04351085
17503,69222369.83257082
17504,64228254.502683885
17505,63797574.02113977
17506,137774435.22961584
17507,145819742.22785813
17508,97326273.84542163
17509,103377218.74747187
17510,104512296.8258941
17511,117655980.07836139
17512,60883531.32479066
17513,69767148.59834641
17514,88553538.92175756
17515,264066000.45109084
17516,101178472.06222612
17517,42053814.5213065
17518,45869675.8262914
17520,70520706.73684433
17522,93189537.44898634
17523,133845739.18455939
17524,75535705.46349518
17525,261331688.17929476
17526,161790898.54996854
17527,40127992.89531015
17528,257135100.69895124
17529,141534014.4419266
17530,57020990.60254344
17532,81794071.28057458
17533,87891435.3600237
17534,85031148.81002364
17536,77478213.70632581
17537,96467771.8486148
17538,67031260.32474355
17539,73280578.9913824
17540,98767004.6736555
17541,68424034.09573072
17542,47106196.053639345
17543,78617410.51459944
17545,89631876.5969377
17546,65292427.414045185
17547,111231972.31452873
17548,83089682.43271072
17549,126089604.63693951
17550,70696574.64724761
17551,81380030.30677183
17552,48564565.70462863
17553,25829242.52383782
17554,56164610.19512689
17555,72020773.3071802
17557,54016488.48648012
17558,168732309.76104397
17559,58980379.273792
17560,78594481.20332535
17561,91745579.81177261
17563,35721481.57411388
17564,126940403.14872117
17565,215808969.2951651
17566,77152457.88002832
17568,266222291.07162157
17569,74095757.4806685
17572,221335586.28727162
17573,163728869.09083605
17576,57369297.49120977
17577,54796828.48211528
17578,84316216.8427979
17579,76992206.20364743
17580,126955129.35778502
17581,120640766.2571203
17583,158307500.21929348
17584,95703038.95875517
17585,150517548.303506
17587,316240605.1547343
17589,56120179.41247782
17590,42855672.139849804
17591,123329865.97803736
17592,90033160.15790361
17593,78397083.08439144
17594,130894907.45252688
17595,144304003.83096677
17596,56770729.92055058
17597,92193616.13258411
17598,79428479.37912376
17599,51867148.4180974
17600,113651019.660103
17601,50182330.042639986
17603,116458764.61607368
17604,38770404.827648185
17605,119510309.28809164
17606,108137811.68707234
17607,154655043.2760415
17608,141116081.46431592
17609,91758478.85807197
17610,75933964.47028506
17611,99767913.16504496
17612,119890828.54095168
17613,186523462.1474344
17614,69438663.52095146
17615,118331057.2072769
17616,61206241.524491526
17617,128288756.35649246
17618,55440774.16827957
17619,75776929.97851244
17620,87062917.09154038
17621,63001299.507038325
17622,70156845.37456621
17623,100589328.73290202
17625,70640454.96242854
17626,148853584.5666722
17627,96902780.78444383
17628,195965553.25710952
17629,48499374.35166586
17630,71511717.12735915
17631,140600117.7974089
17633,81505576.53865032
17634,61509824.524155125
17635,99340335.80034745
17636,86646571.47265115
17637,277187477.57842785
17638,59200611.618331656
17639,104672963.39524765
17641,135644762.44823992
17642,109330775.61203445
17643,54259579.02376681
17644,33814811.73577321
17646,115114073.68467829
17647,129202391.04886207
17648,105075049.80949461
17650,121575520.74639459
17651,146979162.0962538
17652,65400793.73369448
17653,261250949.703541
17654,116384967.57635893
17655,123669920.90178479
17656,111821133.18055968
17657,72943698.09406799
17658,158366231.1698322
17659,70846119.21820107
17660,55483424.37329764
17661,103556115.87122175
17662,124244441.03945135
17663,93427370.79631418
17664,75358610.87502564
17665,248293081.68487227
17666,84830821.90485318
17668,44041085.87611594
17669,134678401.60042676
17671,76250327.14698267
17672,76471734.0843988
17673,46803820.91128772
17674,129979335.61738177
17676,79230783.9880042
17677,88700202.86308542
17679,94438636.92149179
17680,71496699.51098444
17681,76436306.04328965
17682,101657062.54276267
17683,114399995.60089928
17684,71647342.89027382
17685,95631704.8426637
17686,112166596.6471377
17687,121252621.15265405
17689,90333864.2576023
17691,62740811.75593966
17692,326101931.4277894
17693,153269212.03176814
17695,58156908.85729741
17696,66835062.8269142
17697,120187211.21531148
17698,62627410.10931282
17699,146532024.45559224
17700,140612259.71065885
17702,37928996.08383811
17703,51297397.20494539
17704,109985065.03322779
17706,85238279.90840293
17708,105390099.60539629
17709,79927089.42307194
17710,76520457.40143578
17711,71989410.70345229
17712,43954031.628092244
17713,35531523.736409195
17714,99462563.77285495
17715,87952851.71991666
17716,217794181.7256734
17718,204403832.79470262
17719,101282757.3910187
17720,97875049.54680233
17721,119420031.23063834
17722,99860003.56259008
17723,101074466.4211132
17724,67689346.1902904
17726,52044898.655125596
17727,78964714.566843
17728,164815772.2420899
17730,147084109.1602085
17731,118751321.49288397
17732,71053670.47173998
17733,60677695.30857666
17734,64457256.43733714
17735,106003190.56572847
17736,95591261.53563808
17737,76735424.67674196
17738,65038944.298403814
17739,97470788.74253906
17740,104682402.51292895
17741,127222675.15177241
17742,64474594.50974137
17743,42635136.23797554
17744,121845467.59724374
17745,53336523.34263384
17746,173832602.44710135
17747,216520032.02921733
17748,67868621.46425226
17749,43810374.565142706
17750,351592461.5092166
17751,130635801.62574448
17752,77745221.87987345
17753,62188161.29114822
17756,187610248.31881654
17757,99935423.82965733
17759,77398142.34011416
17760,181547640.25052702
17761,201280509.22792405
17762,80924978.53301246
17763,81765705.51764655
17764,45517828.177345306
17766,207191116.7278327
17768,80125637.99688391
17769,101674411.67708859
17770,87939711.87842686
17771,173391413.19094768
17772,80986521.24599308
17773,96326573.0681297
17774,155732422.00667018
17775,71312591.40465237
17776,150407295.78325653
17777,54805615.85767696
17778,146557104.24282625
17779,150285355.37388834
17780,72292963.20924465
17783,160079041.0132813
17784,83975464.63722607
17785,92562781.36094794
17786,223734812.72593477
17787,103891439.4550254
17788,107722155.29346071
17789,69476762.66776317
17790,140848096.3973592
17792,190931182.80396968
17793,110785043.80626567
17794,48126813.57336534
17795,99970955.45361619
17797,115288611.56355904
17798,93931276.37652902
17799,84287883.8551468
17800,96630412.6522114
17801,63905321.64364251
17802,77775941.2252059
17803,180095755.51137713
17804,78399140.44069739
17805,96228874.4092051
17806,42312493.43345492
17807,58448265.12128335
17808,69449842.65990041
17809,96130663.89543168
17811,76593229.94480792
17812,84732045.92544222
17813,99172060.82906127
17814,85121946.28191899
17816,60480839.55805626
17817,130471207.3966022
17818,181330033.8791407
17819,67336925.26087777
17820,49329346.617986105
17821,37809464.38437331
17822,230240913.34682745
17824,92736127.28377838
17825,67767978.36491638
17826,128817455.22927223
17827,71513779.37171921
17828,59269901.03544145
17829,88623850.01001891
17832,95110831.02205424
17833,66784188.19726751
17834,63912364.09484297
17835,37209669.82625612
17836,109710724.32413433
17837,156108806.31039718
17839,69256751.15859738
17840,119566321.19999403
17841,94443962.0485134
17843,174647342.441381
17844,103148410.37348393
17845,66424696.99080009
17846,57341364.48985748
17847,234764108.50863996
17848,88154728.96786498
17849,30943136.35090743
17850,55146246.48740508
17852,116466437.0463951
17853,96418975.37495016
17856,121069513.72784722
17857,77880011.91786413
17858,63227354.31752117
17859,70930592.85666092
17860,82325298.3765974
17861,52943589.490461975
17862,130957263.36480002
17863,30959867.59710452
17864,59373491.137761414
17866,359965848.88129383
17867,48927919.49961392
17868,77953217.88264409
17869,80617368.95055035
17870,83435547.75443612
17871,192754210.3256522
17874,87629748.41518915
17875,138069972.24742362
17876,59035020.76514179
17877,124915454.95388016
17878,61771386.9571671
17879,93290457.47101128
17880,53590653.43278068
17881,54015605.313526966
17882,89682882.45714538
17883,85061723.7400668
17884,133473644.324153
17885,72940185.86779273
17886,166526825.12030375
17888,173290846.5151719
17889,92656449.91758792
17890,120468161.11267845
17891,180894888.47370753
17892,95976595.59123701
17893,62792246.25059971
17894,86134189.3023157
17895,127221048.10870354
17896,41090834.33095021
17897,88479466.25838222
17900,187360955.13885105
17901,219523955.23811534
17902,73300170.5538913
17903,258758645.354833
17904,97225974.14120683
17905,96822994.25954983
17906,102285011.37534042
17907,103115280.97223584
17908,53503319.98603765
17909,45892571.516307645
17910,80275512.86092684
17911,63393753.63103749
17913,154888636.78169614
17915,133107619.44920737
17916,67233987.4830095
17917,184699706.58360815
17918,36775781.09623244
17919,82284968.72854967
17921,49072485.59621811
17922,91588093.29825026
17923,117082050.17999011
17925,52303791.96077864
17926,201491949.21474504
17927,236595047.92418724
17928,119464804.76801862
17929,75921548.92439917
17930,70630457.17247075
17931,56746434.04435513
17932,156952757.55293006
17933,211679956.80118316
17934,43119831.89570217
17935,151982013.55773774
17936,62991874.34913459
17939,68282374.64713307
17940,340996124.10274464
17941,80274183.92144147
17942,60680432.85932269
17943,54261020.84597182
17945,182467188.34916556
17946,134102039.81505689
17947,166940358.20234296
17948,127396314.5013829
17949,114887181.03640442
17950,324657111.5286601
17951,77099276.33013044
17952,67700638.95477815
17953,72905585.16701
17954,150070656.0437947
17955,68593006.74120757
17956,166598855.16304472
17957,70982379.39187132
17958,255042210.3553807
17959,174303185.53060976
17960,149609096.46471012
17961,58979015.24119665
17962,108996418.81049286
17963,78724622.71528912
17964,127282879.25050177
17965,93598820.24566828
17966,102220745.9340816
17967,54386311.38003058
17968,58620343.5859805
17970,62971592.529964834
17971,202083606.77973664
17972,84809820.32763381
17974,48676628.056602046
17975,114071843.51829416
17976,246623629.5384128
17978,91777988.11991593
17979,61498569.77464552
17980,97440635.1513784
17981,129183736.94487357
17982,74065347.42333914
17983,174243031.19413796
17984,330574872.42553633
17985,104038089.68273644
17986,168017443.04168844
17987,59520959.82745655
17988,54380488.226791844
17989,53315365.456843376
17990,46244146.762671046
17991,174570297.2309657
17994,135968018.69854447
17995,121532835.78912708
17996,134037745.03311402
17997,89035858.4445263
17998,92009364.46903475
18000,417039430.31558615
18001,57148250.18653376
18002,140501336.04652148
18004,65262859.06955343
18005,70786508.12299013
18007,78828314.95444669
18008,52295184.083940946
18009,154020504.84105262
18010,95594505.12640405
18011,160003682.32532394
18012,360941472.02993584
18013,185056621.53895018
18014,94253753.09638242
18015,272802891.4316187
18016,97324388.62236468
18017,48071273.08553648
18018,85066550.14790912
18019,126650972.02409399
18021,77020797.52409741
18022,112374144.47817244
18024,76720655.038949
18025,37064422.58995598
18026,76905208.37421149
18027,67775317.15533713
18028,94237762.9324225
18029,55533159.053929776
18031,103596339.52659628
18032,40614082.5526612
18034,141486521.5215554
18035,111554987.04733592
18036,103183713.56258625
18037,113919655.10209796
18039,39203613.406048484
18041,254310454.7398263
18042,148666117.80305046
18043,49767244.50295133
18044,108988179.39533512
18045,93736734.22371434
18046,74412509.30552703
18047,156060380.76163647
18048,115780910.91080919
18049,183846451.9791583
18050,106522511.64151666
18051,134236094.98852217
18052,99273418.46196179
18053,82967050.35520893
18054,80653708.00882798
18055,59110559.39436996
18056,134175326.92401375
18057,105969755.02303895
18058,77866980.47872873
18059,60732397.18012343
18060,54941903.5788932
18061,68790279.50849651
18062,125581233.5171881
18063,82871063.63491127
18064,144660966.8657563
18065,70438783.1856452
18066,57377094.26371781
18068,100690937.46442416
18069,65305867.83390685
18070,75198472.52102065
18071,76284865.07239103
18072,71673210.75946395
18074,255234221.10680497
18075,133905641.00643803
18076,145533462.48952386
18077,165492843.5812311
18078,76859414.47432652
18079,68212653.8526839
18081,82100261.89798051
18082,51606238.30397517
18083,165185320.20034537
18084,192631530.23478177
18085,70887423.11630468
18086,69447042.61064894
18087,205132052.17805228
18088,68260212.44532244
18090,69354562.27069905
18091,78286741.41058289
18092,164211752.54258326
18094,82857550.83402479
18095,111735056.9127723
18097,287855727.6992361
18098,80219015.27793348
18099,141409460.4327095
18100,95050390.37497748
18101,95659127.1674548
18102,63148085.41763613
18103,60281642.550785996
18104,90743693.8258463
18105,158407576.16487008
18106,77495872.73123148
18108,106907531.58749492
18109,69920059.693423
18110,53755119.22180968
18111,139621313.75061247
18113,189460847.35664442
18114,85005817.28323667
18115,63643479.412116095
18116,68796132.63779248
18118,172266754.49693364
18119,73500164.34096467
18120,268025477.73420808
18121,73189849.6321798
18122,190937139.73588613
18123,57517090.98758645
18124,78042630.20928189
18125,66670964.183738954
18126,113299349.26511747
18128,86147143.49303319
18129,184624936.83361736
18130,33489750.44276135
18131,68597658.1501613
18132,39295208.36986506
18133,183526068.48089498
18134,55296185.016684175
18135,140080575.3281797
18138,44651923.39707172
18139,173069700.6829726
18141,109542306.8974106
18142,61933950.579947546
18144,72216327.15138328
18145,64070089.16644292
18146,135334679.21857995
18147,66112111.20120616
18148,342068996.3578745
18149,66530201.18165755
18150,154666316.0574939
18151,85974017.8947416
18152,60619715.18701903
18153,62392954.63403326
18154,68646346.57028726
18155,79539319.43787237
18156,133006797.27085835
18157,75764784.3408397
18158,81965853.77339685
18159,47245132.22282625
18160,69145048.40222095
18162,53976403.53853838
18163,59727291.856550336
18164,127488353.21986456
18165,67683465.7835139
18167,69261643.486629
18168,88254231.8409648
18169,58111208.47398318
18170,71202245.26383097
18171,43439917.272266425
18172,261672606.18563986
18173,187771042.23717958
18174,96304046.72665931
18175,116067565.7055519
18176,105836393.4548724
18179,98166748.88333274
18181,99154833.36791883
18182,71490306.51597227
18184,232798554.83795348
18185,51104749.67086015
18186,63656782.86821576
18187,91997255.7195711
18189,63764543.13838918
18190,81082500.96211468
18191,97926397.95465147
18192,84419426.65091977
18193,186811908.12085703
18194,42473174.02466618
18195,263477190.06724012
18196,47005860.103350446
18197,264348368.37814984
18198,91782285.74201965
18199,81932485.14246133
18200,87216957.0492982
18201,67382336.16029765
18202,90363118.51894495
18203,91671154.21745929
18204,52204176.922993176
18205,145240731.76966798
18206,105618098.82050715
18207,66528378.520493634
18208,95888889.86094458
18209,51561667.41992374
18212,197933981.85672772
18213,67430841.38479383
18215,59032935.2929418
18216,109869760.90372694
18217,67395960.26606323
18218,112280537.42124048
18220,96413181.9838745
18221,126965855.26695693
18222,83764468.2094454
18224,63594131.15877248
18226,130398035.77133442
18227,91855318.67564525
18228,83383444.3928692
18229,97396777.56923598
18230,115315841.08379325
18231,154617605.65950635
18232,114446765.83290668
18233,110423247.90778674
18234,73496225.60685192
18235,106865527.56769764
18236,176464785.5193736
18238,165067719.4123805
18239,204123082.34923747
18241,123375664.36980549
18242,151419247.26083377
18243,97476608.46166396
18244,58286977.79636249
18245,104873564.41227633
18246,85542516.67592148
18247,113831436.55129549
18248,49525463.17354039
18249,77844945.17868061
18250,101258009.43196005
18251,76506897.41769099
18252,89240105.72976889
18253,91279059.22707708
18254,240479445.77502754
18255,38976068.96005507
18256,78558826.51892072
18257,248447133.82854977
18258,99489114.84856123
18260,215660631.7606921
18261,126974521.49389552
18264,99594287.35358204
18265,140675683.6730489
18266,176282017.08874863
18267,86854461.54642613
18268,127324331.3939324
18269,56590451.41459175
18272,69455121.8385907
18273,84254214.51779857
18274,100921323.00085287
18275,68764805.95624824
18276,132988617.41583848
18278,44673048.156786956
18279,68664000.41165952
18281,50732855.879872225
18282,61042649.830069646
18283,69436306.15787418
18284,340782995.9589805
18285,95805438.80077027
18286,51999847.71710231
18287,109020389.60359977
18288,45088150.2255601
18290,82130030.87088501
18291,36209586.73460402
18293,59291595.875666
18294,77179464.80170584
18295,72365793.09444399
18296,107832081.08418837
18297,52673421.07474424
18299,50728262.4656591
18300,91524043.34805739
18301,53123621.92229649
18302,59909192.2594465
18304,82049472.58032072
18305,58201944.40317034
18307,172617800.15004236
18308,54777054.00073342
18309,189142371.1765818
18311,62902851.72189556
18312,205638449.30943808
18313,144080293.8036404
18314,339947181.38400936
18315,159013077.69464993
18316,116623069.10577318
18317,122433259.38614558
18319,112715268.47167096
18320,67107695.528815776
18321,71214742.13847311
18322,58673954.80121303
18323,117538079.40148999
18326,69011490.26117617
18327,86488658.66449356
18328,61566069.04342649
18329,84002870.83530515
18330,85195793.11766784
18331,164237686.24798056
18332,105129292.76001136
18333,95731961.17361979
18334,90989709.85193723
18335,162630043.55286643
18336,72956278.7486896
18337,122935566.95150046
18338,135529795.36638698
18339,187914336.56633747
18340,71648364.01675017
18342,40283124.200912565
18343,139377766.0208692
18344,248131671.5526879
18345,187067847.88509876
18346,102512353.6119131
18347,112781190.13388404
18348,50219560.38149679
18349,57770495.25861131
18350,127442675.83562641
18351,55582015.68204122
18352,151334763.77816686
18353,92412020.2159394
18354,119543820.09827888
18356,129005013.25957304
18357,76865161.85177295
18359,99579389.1280727
18360,76786002.64955817
18361,179000934.02196065
18362,78918064.26820928
18364,85715808.1736491
18366,67009660.09312229
18368,107713834.44178897
18369,50935784.57108537
18370,39536115.93301698
18373,102318611.1075551
18374,81355926.54156888
18375,78445963.31032132
18376,65399303.347715676
18377,113637649.23833098
18378,77781434.67699923
18379,54447411.1005944
18380,107698419.28275748
18382,67280814.45754097
18383,78106307.32306446
18384,134177652.10152677
18385,82063803.72672212
18386,84725638.07183105
18387,75177617.68272361
18388,91430391.44106191
18389,235666804.3813194
18391,191621496.6001804
18392,49578641.316122964
18393,201851981.12272206
18394,167544341.91084644
18395,45759556.04116468
18396,132939876.92610243
18397,83191301.4644223
18398,157887991.54193628
18399,64758136.05530486
18400,77050736.93769228
18401,235079761.18963358
18402,164992980.56063572
18403,66969878.47932527
18404,63135479.88686802
18405,93692873.7095632
18406,78217698.38550852
18407,83926371.57630113
18408,87366929.3008257
18409,51877075.76889747
18410,109611370.00380082
18411,58181623.71633337
18412,72196091.20178097
18413,164410628.2238978
18414,56016099.84245176
18416,62157814.8426621
18417,197088472.7750621
18418,104870998.70500101
18419,155229403.2075066
18420,69765946.0888652
18421,90077277.38099419
18422,26637975.21967093
18423,123688906.45076913
18424,133477651.91895123
18425,148807268.67151737
18426,205417752.46210128
18427,85360829.53265025
18428,88396488.75204957
18429,60340894.19190745
18432,225541853.48201483
18434,44700242.40986564
18435,54901969.17739513
18436,88829792.38373531
18437,75219926.17113593
18438,86420386.04970923
18439,35648318.542910755
18440,53213120.30782675
18442,81636519.21367522
18443,159141065.6507137
18444,77160696.3858988
18445,132651177.76952602
18446,81608761.96077403
18447,59396728.121719636
18448,111159601.18502547
18449,51327125.61716395
18450,69997761.03554541
18451,169822718.74642342
18452,150117267.8876788
18453,98934851.68465401
18454,45703344.54716329
18455,96098744.9458236
18457,64926272.86552432
18458,120449757.99388258
18459,190644554.19206023
18460,84018906.11220369
18461,109216159.10309607
18462,38544282.84957894
18463,90157574.25023974
18465,150041016.49081612
18466,201062886.8298993
18467,167792384.04575995
18468,86565760.27181675
18469,88400020.60864423
18470,61319429.704687044
18471,47512373.81149767
18472,96440327.32017235
18474,86057681.89178924
18475,105189968.42518446
18476,69788598.46551563
18477,102338462.88487966
18478,39200577.01133265
18479,82063261.00356431
18480,151063478.87351283
18481,88483901.2202118
18482,85333810.43247168
18483,154477088.16042268
18484,85570750.51023513
18485,60721947.59365092
18486,58877671.31961989
18488,88218702.1093401
18489,94390212.04757547
18490,76616425.94396962
18491,73234590.97603521
18492,58735573.484069645
18494,108059161.59156811
18495,346272179.36524934
18496,59277590.582042836
18498,284305607.5102203
18499,197052488.07830438
18500,92023717.40372956
18501,38919620.894750886
18502,264043645.54432052
18503,94729170.1297678
18504,60233590.152871385
18505,100928792.53343815
18506,54276491.32121709
18507,173641822.91420534
18509,169695994.04265955
18510,65717974.88045935
18512,80841715.56927611
18514,63598950.74980521
18515,48477643.14174362
18516,37442519.75658681
18517,146523491.43828377
18519,77032507.09072953
18520,87764932.27632564
18521,78983567.47496456
18522,155254104.33966625
18523,67153139.5329292
18524,195459373.1551192
18526,46604716.09857856
18527,218239345.7480937
18528,53525524.18494665
18530,172564802.83405244
18532,234688339.59155992
18533,92137358.447055
18534,43328113.12970907
18535,127640405.47118935
18536,145101280.59277433
18537,106766060.05677196
18538,45022444.47094634
18539,87067226.4452145
18540,59181098.791113645
18541,92196047.66840912
18542,92145131.84359281
18543,93260243.14694734
18544,59736166.31125228
18545,48267225.10045567
18546,81567609.07989329
18547,49947872.20912073
18548,147559423.69083986
18549,48520938.15205107
18550,71229832.53814678
18551,186617522.46862105
18553,51314753.43550968
18554,71090748.7591365
18555,59558018.161555044
18556,67886879.47122914
18557,72215411.8766197
18558,78552973.60231087
18559,80291480.5714035
18560,259190666.58725417
18561,127693572.98681739
18562,216254349.6567972
18563,65708971.48460223
18564,91191756.14757308
18565,213370142.04367512
18566,158449785.2454596
18567,72443094.53878398
18568,144227748.66328403
18569,66446532.48695379
18570,100226173.41245207
18571,97084552.577155
18573,125654509.65864243
18574,80364585.37567195
18575,134386212.23006338
18576,74605859.79395033
18577,42677846.920677
18578,106459950.63867243
18580,268212749.45815194
18581,93128837.03652723
18582,179353610.59227714
18583,97855863.4176206
18584,179998819.01537392
18585,96565305.18113461
18586,197998633.8401624
18587,63748078.54210004
18588,86100150.39929359
18589,76785053.51609476
18590,77989564.23212788
18591,154121953.0094667
18592,59135879.597048365
18594,124783564.5687492
18595,131601512.26959112
18596,67027904.306909725
18597,37686573.66796456
18598,40743185.28032751
18599,94831012.6526029
18600,37347785.11680972
18601,81186669.10359725
18602,43132949.870028146
18603,65591608.26380531
18604,102096954.20783995
18605,110619301.84681949
18606,260642313.81797376
18607,74402788.02046703
18608,76140648.7396139
18609,149809112.19715577
18610,56656749.59541556
18611,112808172.89220831
18612,55663149.29675771
18614,47160161.438006535
18615,225343448.43892717
18616,152385788.06855467
18619,106867898.96333937
18620,140372364.20494553
18621,34073240.673207164
18622,244035922.45604664
18623,150796530.40195417
18624,127732709.89988881
18625,64500814.07707584
18627,59558697.476426475
18628,85158967.48416963
18629,74263849.7023843
18630,55994814.82779742
18631,76119947.4519596
18632,137180594.09916002
18633,76185525.79790391
18634,293811632.11815596
18635,70580636.95355311
18636,292581521.31699103
18637,62471436.554378815
18638,76629873.06546016
18639,107232494.78258093
18640,69688875.14564703
18641,130637739.82587624
18642,229156641.47445092
18643,226619243.74646017
18644,124789441.71167776
18645,112812448.76233955
18646,100491065.5928539
18647,75881378.23334861
18648,216924720.07787815
18650,49111651.69155402
18651,85441309.99915779
18652,160709101.7828313
18653,54186879.70236263
18654,70841045.06356913
18655,60568298.59678064
18657,184651378.6996767
18658,64541522.16527909
18659,71563954.55264191
18660,67804816.10971455
18661,39042386.81719654
18663,55411478.004152685
18664,103620419.55163646
18665,102088180.92831777
18666,91905653.24021107
18667,80921369.52430843
18668,81070333.5173168
18669,112188881.57754803
18670,143034775.9778328
18671,47912606.02154946
18673,81475801.6825693
18674,39931427.56230278
18675,69359026.11190064
18677,96171310.63697748
18678,135510683.16550717
18679,65783024.987570286
18680,102117270.31102738
18681,77134030.89719638
18683,34551280.95137433
18684,199788604.0716694
18685,88388808.52569854
18686,343276788.00738555
18687,103814763.57845935
18688,296794676.39035213
18689,51858311.41919541
18690,78291313.39704758
18692,65023153.26066724
18693,157614776.8511997
18694,70445865.6382245
18697,62971605.16062549
18699,84019605.36447082
18701,64275379.76411724
18702,183263176.17005447
18703,66721846.629401535
18704,57315031.48659012
18705,259781161.48455656
18707,213868331.0078572
18708,62933455.20431952
18709,69797892.80351679
18711,248342036.1843904
18712,56482241.70376865
18713,251235925.8197067
18714,140636132.46586418
18715,80778295.03401816
18716,148182729.87012944
18717,61254408.65326608
18718,86501375.95323382
18719,100807651.11403139
18720,108018604.50575621
18722,78017202.39479089
18723,211197449.1211135
18724,234965267.67468733
18725,47173667.8151526
18726,68836046.25763777
18727,102390599.22395743
18728,40216821.51302183
18729,108079340.84576857
18730,99801392.57346088
18731,91654826.45419176
18732,82014216.29287112
18734,101340358.40541486
18735,115219787.17762221
18736,85286429.24977814
18737,86172607.39475802
18738,58911397.777475215
18739,46863319.81242297
18740,55197710.026040986
18741,77199450.44997475
18743,66655713.10221121
18744,137595692.00425446
18746,100675226.49368049
18747,52239653.81393408
18749,89440607.87458754
18750,279707808.3515415
18751,88152883.70998152
18752,53499334.41696365
18753,249203585.71888235
18754,53998898.95028502
18755,186213187.80721855
18756,53301283.79008478
18757,59565823.88732055
18758,159166902.33272424
18759,74145588.49881405
18761,106945690.41246763
18764,292125833.5965038
18765,86529670.56119707
18766,229982197.3090918
18767,166916668.31567758
18768,69953129.54262148
18769,115409548.97144908
18770,83843126.40948635
18772,58112353.32213718
18774,68431858.23186256
18775,86452588.4711249
18776,47423168.847332135
18777,67745676.82663833
18778,81577558.7359705
18779,81524084.99124639
18780,51525816.290507086
18781,64024993.95145893
18783,107437667.52852516
18784,98548375.00250223
18785,86591633.12878452
18786,138889488.702455
18787,100790557.3662551
18788,103813936.50099844
18790,49490601.55023961
18791,151493610.16196245
18792,95051817.53977218
18793,106383476.01011053
18795,59522248.022645466
18796,103859691.8359744
18797,118276909.7501186
18799,108101189.91917384
18800,75623371.62753312
18801,90873535.7722804
18802,55588463.421088316
18803,175604811.56716424
18804,54531551.76347298
18805,74050987.03401573
18806,216828400.76865432
18807,202968354.24949467
18810,56959491.824623056
18811,82638503.53547738
18812,238293354.4460387
18813,83577702.05667195
18814,67258742.68544562
18815,81868202.51796034
18816,204056423.05583355
18818,71691160.42403096
18819,68837433.38308378
18820,52770884.02346841
18821,64953931.63506738
18822,100134437.57415129
18823,70609201.66858643
18825,72105656.64740194
18826,28306051.772324514
18827,343277424.537355
18828,163072649.0249875
18829,57675246.2678774
18830,44905190.03947133
18831,68293891.58404271
18832,151185496.7201082
18833,53784947.038488574
18834,96109761.12430254
18836,104843441.57575293
18837,84209050.85038762
18838,84322681.89725903
18839,126331221.71430992
18840,115152955.5169695
18841,232824660.4803471
18842,123825546.19210944
18843,120153511.62212092
18844,91753496.5640873
18845,107083724.51521033
18846,89298911.05220132
18849,150375870.89697245
18850,62272906.658586696
18851,81755364.42239565
18855,123828909.75053516
18856,100256114.81863314
18857,110831183.88331193
18858,83322153.29871233
18860,73503958.854916
18861,92829363.5690274
18862,119277246.38099504
18863,88796025.56198683
18864,120722195.36418374
18865,61293500.051051565
18866,83318064.21159463
18867,56695246.72092846
18868,42968367.56512709
18869,141461525.58982658
18871,91927886.75398988
18873,27152334.81925117
18874,64099751.802853525
18875,85900103.78139731
18876,82385643.35252084
18877,202204431.78347787
18878,66669561.67647
18882,59071834.721472524
18884,127332134.86548463
18885,103214563.0055974
18888,55083576.81047114
18889,53958773.17329649
18891,130653078.02874143
18892,95712804.0654284
18893,211255088.15083754
18894,67587991.5286161
18895,168050600.69784147
18896,67207467.28571266
18898,195942458.1154817
18899,56761192.34828735
18900,103033162.72557898
18901,177381849.24460497
18902,75857492.40337493
18903,91938311.01784383
18904,45003282.76654993
18905,97645327.19838396
18906,65303899.67476394
18907,84698482.85696277
18908,55374278.27504409
18909,107904861.5139236
18911,117569226.77465102
18912,36044024.76796135
18914,61995839.733101666
18915,114540119.25601868
18916,94731439.37155235
18917,102584230.91028948
18918,116095651.95298438
18919,119363493.90933976
18920,178144889.5315827
18921,97261068.8417422
18922,95976993.84059581
18923,100461901.24504077
18924,97343205.41564602
18925,213152406.80708563
18926,52199928.57750946
18927,95694535.9694994
18928,78079578.98323116
18929,85992188.32642342
18930,215551588.82360747
18931,65799288.6019605
18932,111945950.32022947
18933,169293199.9897291
18934,58033939.351434454
18935,159436732.67959532
18936,139059286.19091374
18937,179841210.38273245
18938,217693027.11047035
18939,74950946.3300367
18942,96063145.1942859
18944,143512692.0539268
18945,99774439.4196173
18946,72448087.76468514
18948,53786165.82418959
18949,55069585.78657448
18952,62380638.95329306
18954,83341863.67711605
18955,117542899.26893891
18956,61213741.31134643
18957,88544336.38191289
18959,77961728.67293036
18961,90218930.95267189
18962,108360737.82205151
18963,84237780.71158534
18964,83001978.86334221
18965,185284384.18730706
18966,191717956.39878392
18967,134947506.12006477
18968,70182094.96164677
18969,61175292.070075125
18970,104068381.01023118
18971,84881399.04050693
18972,59440926.59939499
18973,68715080.2091622
18974,67766826.53115171
18975,55149121.81434295
18978,50679177.19001831
18979,44611769.87503681
18980,121380060.42955963
18981,111685853.35578844
18982,105118777.47245337
18983,65748480.02032527
18984,156991484.03902423
18987,45838062.59777897
18988,61751877.27067878
18989,64045096.3340146
18990,82731935.50453946
18991,50224131.96799185
18992,185989928.09233856
18994,90502676.94676659
18995,84971752.03085683
18996,120693577.29057208
18997,165725225.1271682
18998,259967689.64417914
18999,96348850.99938022
19000,50930845.10689265
19001,87218204.93843624
19002,84174862.16779187
19003,146953146.9387345
19004,127568159.36334553
19005,65256511.52247402
19006,122320659.74892178
19007,62175026.59588063
19009,79282138.15276463
19012,66661184.04053097
19013,60151985.365752995
19014,51413264.41609429
19015,49384811.90902886
19016,89992030.7884233
19017,73871051.28888524
19018,107148146.18594164
19019,98026916.03922825
19021,62868741.849294156
19022,193005498.50622714
19023,52945199.800241515
19024,108644257.7022539
19027,115476344.62269615
19029,104897252.82433258
19030,70653135.65628812
19032,134442471.6530881
19033,242132553.56874448
19034,302226356.70515513
19035,183660088.57480058
19037,56588194.24511946
19039,69291865.11321606
19041,102080649.05062719
19042,78615316.5562795
19043,136759004.46265787
19044,130570873.77600741
19045,69662403.12955235
19046,45573897.257492125
19047,84329026.9144914
19049,45910425.001409814
19051,126717542.49305235
19053,90902240.43865016
19054,112991360.16027337
19055,48891966.81119866
19056,97629926.51909345
19057,173976093.28694293
19058,70241050.6781493
19059,68987873.6064841
19060,134831951.8699568
19061,49850379.3719392
19062,222381536.45815593
19063,251402349.88374668
19064,57189803.64872633
19065,69242569.15446423
19066,116583903.9724815
19068,70713715.66372396
19069,109369963.6015262
19070,254148873.88943854
19071,85079401.42436597
19072,93645026.51786423
19073,85726413.22882047
19074,54166467.75519733
19075,119814109.78673324
19076,52347196.78373264
19078,48163364.77200583
19079,71127094.6376637
19081,50972642.905742355
19082,79821118.92945616
19083,37747972.71159914
19084,66322947.977442406
19085,134796665.70592034
19086,81404659.49417216
19087,123196634.81547204
19088,82758115.00371544
19090,186957535.6613489
19091,112721064.10373472
19092,74770612.78980629
19093,47752418.284085326
19094,74202589.11599556
19095,79223095.61075824
19096,79116741.0966922
19097,170567727.64029315
19098,120408647.41412379
19099,80686098.32806599
19100,111260636.27814974
19101,48611065.36492615
19103,140775092.38219875
19104,120446395.30748525
19105,87787104.76553869
19107,60266602.04591367
19108,104442757.56704281
19109,84458991.08615716
19110,74551192.04390506
19112,151652706.865537
19113,168400978.00189307
19114,65684233.2413934
19115,69758411.33301087
19117,35484024.70619905
19118,57766403.198488764
19119,106288311.30401331
19120,99885779.28709696
19121,85567757.90017104
19123,46351489.469732426
19124,139297384.1222975
19125,51938959.53338063
19126,156355251.2288935
19127,72942354.97883928
19128,79195029.30861068
19129,69097500.7203366
19130,255679167.7604201
19131,61821775.443766505
19132,63064326.68907174
19133,62051524.00683536
19134,122446420.31250988
19135,59106397.86652521
19136,106455674.3714745
19137,82790998.15001683
19139,82215735.06110202
19140,102346688.73738717
19141,77469754.98828985
19143,55492014.92501583
19144,72804499.7087938
19145,50263026.044977844
19146,128318446.94104734
19147,123444846.74958682
19148,80632681.97747341
19149,182665379.4298171
19150,102197374.49880558
19151,113847577.84822273
19152,168126557.23238054
19153,183489175.050282
19154,59197824.58152596
19155,96117911.06628086
19156,85412905.88592662
19157,70790885.32659724
19158,226080102.85727316
19159,91195834.27258901
19160,106333940.82492231
19161,79850894.79869002
19162,66613608.50248055
19163,159806077.63690573
19164,111647035.4919863
19165,104806623.50128281
19166,103729185.1894751
19167,104581155.50066741
19168,68014691.89391825
19169,57731577.30483878
19170,147777147.568592
19171,124210342.83114412
19172,64434629.34944457
19173,76979013.13177341
19174,133848486.99739659
19175,97149646.32980314
19176,99794769.73986419
19178,58012070.49988495
19179,43136004.808104314
19180,100984813.58661295
19181,70536895.85680191
19182,123403094.84971006
19183,214085868.8734831
19185,216213356.24610698
19187,91309424.47329414
19188,86930839.99485862
19190,96933445.39120305
19191,180239079.07928985
19192,56436194.18013924
19193,88251686.49226765
19194,50292147.256601915
19195,51560241.47547824
19196,108840696.01220858
19197,69314666.41501799
19198,78789665.80696554
19199,107319345.51105987
19200,141664331.28897306
19201,102034672.11233862
19202,134166776.98006842
19203,57618555.82705462
19204,150469237.8566335
19205,61328327.17571099
19206,81706505.80738571
19207,94399444.02081212
19208,103044188.21652688
19209,68924136.35162054
19210,69313648.21309982
19211,203439001.66352588
19212,91787665.6373242
19215,83318208.06060976
19216,105891732.03864494
19217,68256202.96139589
19218,145386509.88551828
19219,85887343.96034051
19220,47674087.17023711
19221,66955038.903534964
19222,79858944.78045566
19223,123700251.04460564
19224,29069584.871652927
19225,162206316.17433792
19227,258735485.14734158
19228,115463266.54348704
19229,108939031.02636516
19230,49535873.25250653
19232,144730259.18931967
19233,59406324.27891815
19234,134984018.7959168
19236,73475674.24968028
19237,155976029.68956617
19239,62091439.11696387
19240,43660430.17785997
19241,76704602.8641497
19243,105050930.66080834
19244,108607661.31700124
19245,103535458.93415034
19246,75866043.20022504
19247,193451002.0021199
19248,128918023.55385955
19249,84952162.45574833
19250,91050893.4891979
19252,100867925.45896204
19253,68929018.25570817
19254,109114983.27841902
19255,67373454.57165131
19256,86641260.02662283
19258,90891944.63122855
19259,83567482.3220892
19260,160919664.2113503
19261,132890800.94381145
19262,103246651.0630921
19263,53047842.37805317
19264,143989232.58332866
19265,232709291.38402173
19266,120992864.87723239
19267,108688988.44175446
19268,64867108.756761074
19269,71375077.17065501
19270,123239731.15490156
19271,161887225.87818798
19272,42113704.67657781
19273,69821642.302921
19274,63976023.78048215
19275,66521891.469408065
19276,53046997.383758195
19278,83919621.46300793
19279,60297040.72124842
19280,49115129.99805353
19281,91030154.70406939
19282,76642398.31964216
19283,92105347.03758627
19284,51337273.985383905
19285,48747202.06690119
19286,177878149.75973287
19288,46985215.33168218
19290,60017807.73507686
19291,76511603.43180163
19292,56157638.07983632
19293,54534742.38050491
19294,65610118.79846979
19296,105738424.7300927
19297,109463495.49963278
19298,80738384.94717348
19299,81227182.15340373
19300,71289826.57468165
19302,80758913.57055674
19303,59136892.99372045
19304,87104820.90075314
19305,31998543.861149963
19306,63359681.958788484
19307,111183017.23849395
19308,72206063.57404329
19309,82624459.6692946
19311,60624409.05649926
19312,117903879.71341766
19313,50726970.193293795
19315,62235803.68222944
19316,105754242.37598506
19318,57965413.0802173
19319,61166023.68434619
19320,215710645.204738
19321,67053746.313800186
19322,79367019.90976696
19323,75969326.45213358
19324,76858478.46985362
19325,78544209.50715221
19327,101774168.70314859
19328,160918366.21367347
19329,106956243.30251779
19330,76266960.39376904
19331,89224211.32160424
19332,162821636.7242915
19333,66455526.68203421
19334,107658745.08003217
19335,140913284.47982615
19337,106439173.22775461
19338,164015994.48182628
19339,67048688.51494867
19340,153824767.49334317
19341,115841424.43148936
19342,89131782.15238433
19343,83234965.62660736
19344,65566625.18093065
19346,171452503.77219847
19347,328250699.56174105
19348,75263736.15954024
19349,136572986.51645824
19350,163247126.0501232
19351,65726173.49059709
19352,183712528.23200986
19353,69635108.56201589
19354,65552596.51914723
19356,105495108.57363641
19357,57941922.413753934
19358,100080832.20652281
19359,49350013.46643626
19360,116518891.80503573
19361,61184696.70912564
19362,114626008.05283153
19364,64369781.077319264
19365,89376524.57387815
19366,55651099.75958643
19367,90093856.72043209
19368,217152303.84791693
19369,83603806.91776094
19370,70480368.4325845
19371,68801514.8674565
19372,54023266.022826016
19374,87260273.86753
19375,107396628.52717336
19376,173994447.28741124
19377,100386107.97197184
19379,110220271.97373837
19381,43785624.92888943
19382,73014968.64965264
19383,80497940.43899457
19384,60236922.426890515
19385,193358610.09184533
19386,92287664.59945388
19387,116179127.11758089
19388,126746015.08324221
19389,178062974.0008912
19390,116887399.22659896
19391,119390140.12696727
19392,134933840.236319
19393,215013548.90638
19396,167226686.27898955
19397,168981938.44196197
19398,116113868.02868931
19400,107283087.6581428
19401,67705535.74677931
19402,263618975.79736954
19403,91716381.61386423
19404,43828757.25975292
19405,212879766.8194768
19406,72804211.17215033
19407,59371615.52521187
19409,99602134.77202202
19410,65857679.6734105
19411,81665738.65285765
19412,99541326.30588774
19413,37753115.976210915
19415,114621077.34921393
19416,166565536.36940652
19417,100445505.7246748
19418,92376334.11546655
19419,99448884.4046698
19420,85943367.77923185
19421,55789435.75898286
19423,109467710.24166252
19424,98482835.66033994
19425,56177513.01956828
19427,115546507.15547755
19429,172583376.62072697
19431,108354990.67842786
19432,103989169.43519059
19433,42133351.90418626
19434,68128895.3910434
19435,133523652.44966716
19436,288419619.11065507
19437,49718096.24190109
19438,85930595.67025957
19439,123835876.25968026
19440,54794219.12829178
19441,113622889.98942906
19442,55976254.90417659
19443,96568982.44294399
19444,71541695.13530876
19445,74470261.4747834
19446,43491208.61058867
19447,165396246.68136975
19448,70056900.7873982
19449,292418108.6066569
19451,186431241.4900864
19453,77726163.46369231
19454,80789460.8706528
19455,99981004.67955866
19456,252563131.57309362
19457,126649712.09620424
19458,58798756.492381014
19459,74051407.64716093
19460,76405563.0686999
19462,100854517.50852236
19463,53337863.04937731
19464,251329035.24036464
19465,106659910.21729638
19466,93397286.27001981
19467,129492911.78633003
19468,56496839.74329999
19469,147819063.0703926
19470,73084485.02117573
19471,61613126.450503714
19472,133704459.21378146
19473,111606232.358546
19475,98355565.37223916
19476,107697687.51046728
19478,53176425.53301918
19479,257504937.3071468
19480,47600612.478058115
19481,115452873.68200882
19482,53114596.77812226
19483,125170690.72076762
19484,114737125.4159826
19485,37887866.00990309
19486,117762993.80750394
19487,185930537.07229963
19488,214520029.74789438
19490,54011555.268470176
19491,96234674.0022452
19493,157606890.10989282
19494,106601287.20862426
19495,124092328.47206332
19496,61350911.74872648
19497,54356107.18358083
19498,50695067.04749645
19499,93812206.4109795
19500,74831163.79960991
19501,115693634.64898789
19502,74385436.35955763
19503,70756718.09508595
19504,45562305.119221866
19505,77511269.30783728
19506,80386841.21699823
19507,101180845.05853361
19508,82315174.72960421
19509,206448106.52658558
19510,85932153.10225384
19511,82528460.96510205
19512,86916679.1216148
19514,347066819.0036515
19515,181833217.75314265
19516,71561345.56967553
19518,47761397.29286263
19519,80109005.29053096
19520,64079449.52606492
19521,50769069.52907373
19522,102390990.34997927
19523,107535337.38381302
19524,34468632.52005149
19525,79398396.90186495
19526,51723523.27188924
19527,66889385.526408255
19528,90181579.13118143
19529,87873572.58346598
19530,82807223.23018314
19531,117364144.89782332
19532,170763820.19755974
19533,50089795.16590895
19534,340328569.0386673
19535,174265731.76052305
19536,79343947.13756683
19537,226799166.2455816
19538,61579436.0010658
19539,42878441.609580755
19543,73763367.69917563
19544,89125627.89330311
19545,146644204.40198877
19546,146427419.688987
19547,236836840.86104032
19548,55777423.67946872
19549,62480800.49742093
19550,78844984.93210214
19551,39076267.14514408
19552,48024942.36363586
19553,157695350.9941729
19554,89194062.60916473
19555,98601079.59910803
19556,130378311.04422021
19557,230927168.82192704
19558,57680741.28792436
19559,60183668.1676255
19560,289363428.8454049
19561,127822818.26911376
19562,104426700.1118476
19563,42118048.40353447
19565,36982642.93513205
19566,38675454.04478873
19570,92825567.74789022
19571,195753266.80643773
19572,147261349.1279566
19573,52900551.30343606
19574,67876729.28590369
19575,59102871.829730265
19576,98192402.89944763
19577,35448221.86241842
19578,91180510.78391433
19579,41988356.80013082
19580,161526744.89614132
19582,67962480.40847726
19583,57515376.77109603
19584,80058236.13227236
19585,132261023.33539891
19586,74007999.75578237
19587,90835652.59103428
19588,94469961.95628591
19589,104592207.69488293
19590,101930355.80043946
19591,104234405.05409603
19593,40578189.304658
19595,222993351.86790904
19596,47574339.96390642
19597,128516795.34243944
19598,226386392.086885
19600,198893646.52545354
19602,94384414.61066064
19603,106854330.94654232
19604,56461517.680385716
19605,92043890.97761483
19606,292485364.6818104
19607,102157927.01000941
19608,103101763.8561102
19609,157113443.31140098
19610,167475473.71120664
19611,72184129.81006724
19612,47196913.240463234
19613,154114983.8204318
19614,46311106.517760344
19615,61250395.20441775
19616,90333617.25551474
19617,62147230.33321251
19618,71164909.72677517
19619,167255453.75642386
19620,232923558.93053278
19621,141087700.35986203
19622,112132536.84457842
19624,79306186.24676444
19625,204738607.5434543
19626,43248387.18610981
19627,61653597.918526374
19628,42072577.795875
19629,66104809.60780068
19630,125405366.06956735
19631,101962034.91554442
19632,120410259.03973873
19633,70000762.84678149
19634,44086133.87481345
19636,52975675.94498855
19637,92323896.63355425
19639,71783976.12075807
19640,34542027.89897571
19641,82242761.65954837
19642,98157235.2891747
19643,41594607.546306066
19644,77156881.5094431
19647,152845815.88462642
19649,117392932.6197471
19650,154948704.59869084
19653,61005908.68176246
19655,79384105.95395763
19656,90615610.4171882
19657,71978176.76408237
19658,119966630.96241824
19659,92336178.006123
19660,47375845.34827869
19663,109502039.0727604
19664,103267980.40174727
19665,65111712.73638329
19666,74210240.05722497
19667,81551419.29840134
19668,182657389.25720906
19669,96360914.08573407
19670,185348669.03332227
19671,68341482.74328141
19672,75773085.65421574
19674,78211280.08303732
19676,95268447.04647069
19677,163478067.22100264
19678,59104377.08182651
19679,56004885.96625487
19680,116977950.34842946
19681,156172405.8373269
19682,84976558.49425156
19685,115091785.93810165
19686,72539625.92226134
19687,108160011.00485314
19689,63034768.4412514
19691,50232133.49623563
19692,61593654.871107735
19693,363211915.4970072
19694,85635715.7633673
19695,196071029.43994534
19696,105445529.84766313
19698,80875489.99616438
19699,189599925.53254002
19700,114730240.44794999
19701,89637681.97974361
19702,84284972.74028352
19703,108074539.07443018
19704,165775279.55797863
19705,132706482.42546989
19706,87870097.62579374
19707,76842872.12066227
19708,148952877.78275073
19709,50999081.99690814
19710,211953011.13784647
19711,89377017.61529103
19712,112143460.3684583
19713,80967535.59073773
19714,143870727.9199424
19715,105909429.85959724
19716,80037468.94984467
19717,127182393.70809309
19718,107162747.23682028
19719,325607612.4816598
19720,84348469.71189794
19721,53156476.11502804
19722,227270352.5546958
19723,34545032.56210544
19724,70042698.62388206
19726,66285835.00645439
19727,115427378.90616636
19728,61078013.935088605
19729,289811997.7442784
19730,125454169.51475602
19731,102616702.77084403
19732,247580002.91240782
19733,53676150.29482516
19734,91524631.90463802
19736,84057970.29821159
19737,143170216.65299267
19738,48773526.24828076
19739,112643410.93929778
19740,132518740.78594069
19741,59923820.276158646
19742,59360293.779841065
19743,74564478.04162289
19744,29442459.160460126
19745,80667262.0507556
19746,115530891.29487675
19750,44802572.83895138
19751,112149426.06313153
19752,59822310.71651596
19753,206349655.81596807
19754,110774497.53272358
19755,114145209.38016286
19756,65817830.616502285
19758,94549086.35665368
19759,99710495.1716599
19760,63102981.34775345
19762,189990067.95883897
19763,50061989.81253036
19764,113802073.02351809
19765,58593273.62672729
19767,107748996.1898914
19768,129883167.13334876
19769,61767169.04988093
19770,52099740.258563496
19771,205123200.40624985
19773,65671218.48249417
19774,164941640.05425954
19776,134149764.86056773
19777,110727220.3073341
19778,46019867.404730804
19779,99149884.67459892
19780,104829882.28889441
19781,98466786.35784332
19783,154938428.2930482
19784,67117136.53523509
19785,90144924.191176
19786,235411893.297884
19788,50696790.39156159
19789,89477242.91044775
19790,85087819.37077151
19791,77205546.41460675
19793,54018068.72954878
19794,58151178.69457564
19795,166166008.98709384
19797,78722928.47064963
19799,76476500.5538305
19801,113858870.84130597
19802,89208797.21110071
19803,83452431.12995267
19804,120049337.20916556
19805,131125067.86731002
19807,107590310.4246715
19808,43028407.41131033
19809,187513893.50875697
19810,50145986.923025295
19811,124042145.25586236
19812,66483017.64827113
19813,171939751.7590408
19814,139304501.0115862
19816,82829651.64484613
19817,141169659.23173454
19818,106831792.00043473
19819,71912823.85517888
19820,48788271.36243148
19821,84273942.70493242
19822,137864559.22654128
19823,106029261.80463596
19824,84571071.90705574
19825,53315422.025415175
19827,58184474.27276662
19828,101049031.37079021
19830,91194006.8199905
19831,104777925.9712035
19833,108163079.64245573
19834,93333826.19292627
19835,71681817.5438719
19836,114405372.03250079
19837,100646799.365147
19838,205236110.5488053
19839,95565740.54426992
19840,76023258.91487314
19841,380562803.11215454
19842,59933144.27353897
19843,63869389.586373076
19844,108397379.24699531
19845,57029999.05582095
19846,182096095.00397795
19847,193417124.7788371
19848,114006802.49197929
19849,86751705.90977326
19851,112581837.96871102
19852,89450837.05739926
19853,51863679.84744165
19854,103954545.6402081
19855,114797101.71909922
19856,72903937.7702042
19857,70825920.2161015
19858,200293695.66097707
19859,111023622.74366738
19862,105289774.42530742
19863,87504122.05405526
19864,111716029.53371361
19865,197625421.11445627
19866,152164781.04095846
19867,88953382.3006551
19868,81092360.55383265
19869,62194608.276807226
19870,84102432.32357255
19871,52083578.95018112
19872,138034222.2891793
19873,167848721.8018052
19874,120331722.62831871
19875,81126759.61526297
19876,99414629.5019942
19877,156797973.18122637
19878,91805378.79869367
19879,69107561.31649041
19880,65824094.613615364
19881,63220263.81794803
19882,61523658.593926474
19883,51515884.211486
19884,269699586.2665917
19885,109729329.69228715
19886,65176390.88424634
19887,44203720.230539136
19888,52543194.250962526
19889,82226055.69632478
19890,107799913.1820766
19891,152874346.18799463
19892,35808731.87807628
19894,66153085.197141655
19896,106653020.67052446
19898,73899319.64790592
19899,211554538.50266975
19900,49421761.132064626
19901,51468257.83969482
19902,178116656.93563494
19903,106313991.00967729
19904,113491567.31548935
19905,129495182.30614705
19906,161246579.15181902
19908,67749528.43581003
19909,25048934.326053638
19910,35671223.35294444
19911,132747150.04940492
19912,57628875.41670377
19913,89638420.82416588
19914,143489011.40121126
19915,70671587.78465265
19916,106166591.1399677
19917,107630538.95029965
19918,87039685.93874191
19919,70398531.19022784
19920,58983690.16370002
19922,90546744.7994401
19923,230999908.41817304
19924,138286000.25378796
19925,49477534.82878701
19926,35115214.50390336
19927,161056529.21659073
19928,159631450.52301103
19929,58762339.140861064
19930,156951298.7211536
19931,55831208.843284875
19932,106456869.5185543
19933,86326831.38082868
19935,41406043.735442095
19936,89315145.17523332
19937,75617323.15824714
19938,92829502.33584717
19939,50236053.352191955
19940,90391059.98283848
19943,108022151.45202418
19945,143936951.795893
19946,67608349.56587805
19947,92395024.039066
19948,80496710.69167854
19950,47203284.28796888
19951,84174830.07418995
19952,72334324.502837
19954,52854239.317497164
19955,67241479.92895138
19956,70946456.97166693
19957,74214965.57825258
19958,92616498.51349637
19959,79560583.7744374
19960,102401113.56108938
19961,50633276.62728215
19962,88566385.91994745
19963,114364705.2850682
19964,84590828.23451485
19965,58737265.98058283
19966,105507688.65800425
19969,106699092.73595443
19971,37228628.49555757
19972,95483094.90735526
19973,67855549.58098821
19974,54976254.04016137
19975,76479187.99477555
19977,200252409.54587975
19978,235802027.66180664
19979,105379180.67176768
19980,74016383.7032251
19981,151240730.62955368
19982,112872663.23981056
19983,173180545.20637804
19984,48376405.03504602
19985,82191608.77887557
19986,171845124.23056197
19987,277062265.5533899
19988,78683696.92133859
19989,73595267.45993596
19990,46437997.37085073
19991,131606069.44938964
19992,67185880.31530885
19994,52403334.103243686
19995,224056907.86099702
19996,95674195.81465803
19997,99524184.85888365
19998,132252583.91126129
19999,43786213.363897294
20000,59975459.00619928
20001,159997298.7069494
20003,49313829.93891987
20004,70471665.38016826
20005,74583766.61477716
20006,101965773.75144112
20007,126122033.72458151
20008,90226226.03050797
20009,118478464.10154197
20010,74192818.60637334
20011,112869273.03648795
20012,86539418.99968761
20013,81582951.95611815
20014,55075475.54819126
20015,53596310.692149244
20016,96528263.58347327
20017,60788064.21882913
20018,62994293.43296916
20019,121746290.52868545
20020,47925361.59398609
20021,52748525.79559931
20022,58222077.236629166
20023,167521179.3227191
20024,166589495.29396626
20025,126639297.52235873
20026,74563051.99941516
20027,69354747.74150811
20029,246917356.60699815
20031,161857513.98455065
20032,46314655.88637974
20033,112591797.66592366
20034,105162512.68030037
20035,192873280.0537076
20036,67750617.29032972
20037,82836550.78213628
20038,292064769.2639856
20039,52693876.27138227
20040,120452806.41269353
20041,34847432.56859379
20042,106549061.37960835
20043,133130194.40362297
20044,54245620.34628959
20045,111136065.40503849
20046,124869317.13985336
20047,44580925.167423315
20048,66226037.60790045
20049,99653344.53116824
20050,71005907.8528544
20051,66033595.74466662
20052,98195291.40071823
20053,46647116.86641867
20054,120740093.66762419
20055,70765468.20618707
20056,83095572.522812
20057,71918741.87439099
20058,113455607.69056235
20059,56969935.08884934
20060,120509669.9978933
20062,62098572.05246572
20063,74061825.95253994
20064,48670971.12720711
20065,96663021.74272881
20066,64672313.95881642
20067,158252967.2472868
20068,51079906.00909518
20069,81882945.11796011
20070,100732531.93531482
20071,58458361.71941513
20072,187704538.54736236
20073,70709593.21428865
20074,56924537.25010305
20076,94238572.18334438
20077,87524790.23998356
20078,268158028.53272155
20079,199714628.79224607
20080,128440269.88266616
20081,53319014.93798537
20082,107124101.69612649
20083,76192281.48743998
20085,51152714.30121818
20087,106729560.65132685
20088,112815000.74727784
20089,55956687.09854988
20090,43995398.01073577
20091,43997931.89742332
20092,70122154.50141086
20093,63722549.92124945
20094,103872319.76152371
20095,95209025.3364524
20096,117266892.13186958
20097,73471336.55082399
20098,51394286.46768663
20100,65766800.69854774
20101,79884214.3577293
20102,51074764.307107165
20103,111739247.53986694
20104,166148416.5145895
20105,37889459.4822717
20106,117074521.63047385
20107,41562317.68717361
20108,167114821.68670502
20109,83033079.58576763
20110,98612006.35030118
20111,46134977.47443113
20112,71598539.59009217
20113,49090346.77850012
20114,127676173.35352652
20115,83253664.35383926
20117,89374458.73413976
20118,217376340.3800715
20120,96738292.68438803
20121,81915181.5502026
20123,101646419.88383062
20124,48884650.23243138
20125,177437416.7602438
20128,151131349.1401045
20129,76861403.771124
20130,135093572.6578914
20131,38223496.55259529
20132,96431428.83058406
20133,52694666.506817356
20134,138007511.15893316
20135,74602454.03184243
20136,104515272.03695343
20137,88967678.20153023
20138,97342133.89431646
20139,66589961.51019715
20140,55127136.31807291
20141,317792444.96056944
20142,133592310.90716691
20143,140312179.9488941
20144,55605814.23695863
20145,117855239.92222019
20146,98107656.49288848
20147,63273315.36245532
20148,48277759.7910822
20149,117079913.33771484
20151,68833968.73757474
20153,93611435.04175155
20154,84529620.33828132
20155,51672460.30750944
20156,60544282.67919268
20157,113974070.80119283
20158,87929229.78233448
20159,125210656.19981922
20160,131784242.04056047
20162,48798490.74009264
20163,77791405.2848055
20164,147449838.4136465
20165,82353427.15100805
20166,59296777.50102571
20167,75169764.18825594
20168,32740081.297468808
20169,42514272.46268489
20170,123205103.18296404
20171,66757434.151145
20172,181257360.7128959
20173,83009112.54995987
20174,232653071.149907
20175,181563635.89638948
20176,134299839.89601487
20177,121364682.99248612
20178,75876554.74898475
20179,83958856.34348899
20181,78103005.6804247
20182,183196654.309209
20183,88764461.60439357
20184,121683096.44585069
20185,128066038.6842894
20186,72503560.8230954
20187,135252720.03622103
20188,56325199.20078535
20189,120337265.20563088
20190,64891314.016361326
20191,135140552.09769627
20192,48914387.128561206
20193,55785412.94014955
20194,59649182.66846544
20195,128561842.12564754
20196,103846617.69963196
20197,118068240.83390677
20198,90046256.47120039
20199,154471964.02898252
20200,53741194.070313595
20203,73888019.04134491
20204,92123263.22771266
20205,174779517.943295
20206,144207285.7682258
20207,83887835.01799756
20209,217826945.0228181
20210,100156533.28839101
20213,56911129.3248236
20215,293204640.24952173
20216,86761097.61262722
20217,81828297.17477185
20218,54298287.324084766
20219,171382049.0264546
20220,333732065.9154565
20221,105741134.28807496
20222,116910956.51373397
20224,80611393.01309647
20225,33822987.7436949
20226,158831911.85615158
20228,104648632.92602658
20229,212293656.96107242
20230,58789551.365629494
20231,78649152.98586985
20233,100680525.60324013
20234,147886707.29968718
20235,56206137.17710609
20237,84229850.72652169
20238,90283940.21848659
20239,68535602.97967972
20240,54618043.36153512
20241,382686921.87066007
20242,191115430.52455676
20243,104500122.32881545
20244,189814913.12654996
20245,53892312.872232914
20246,109117461.74528863
20247,106652681.58146183
20248,126033936.78313926
20249,145449213.42175496
20250,133215689.94098221
20251,61783615.16040209
20252,85757257.59448339
20253,56616975.807668306
20254,84777437.04782587
20255,86523434.55797586
20257,86873743.80920926
20258,62538910.7160345
20259,128328668.65526041
20260,250518712.7514797
20261,67148648.9641592
20262,53782371.985938996
20263,85415768.9029146
20264,47057789.21577546
20265,123619584.23878141
20266,104075835.08964446
20267,234630124.00410986
20269,204014049.86049
20270,78588577.71193096
20271,35125644.888111845
20272,57382613.301622905
20274,196867019.35107714
20275,98818365.74953991
20276,100702370.01054895
20277,71133666.99301751
20279,63116597.307068765
20280,62788872.497563705
20281,82250226.4273549
20282,114870211.42505665
20283,118973845.6166376
20284,148848292.98409685
20285,37986561.63325006
20286,123394430.2316041
20287,212686745.9021393
20289,46489510.36616144
20290,99330666.14352769
20291,49289174.73877382
20292,87136531.76293144
20294,82787837.4036387
20295,121312689.76531412
20296,49700128.53662035
20297,68961251.18794987
20298,79974789.43000424
20299,64705414.09834917
20300,45148950.4619939
20301,72024960.15734524
20303,114913800.30574696
20305,88857773.4324061
20306,98889285.15950236
20307,143458264.838945
20308,84781729.09573872
20309,48419020.26879961
20310,72603448.1985436
20311,157453162.41945946
20312,102743778.04696998
20313,142340319.7755555
20314,65962244.34147382
20315,72030285.21138468
20316,111875139.03596054
20317,60269094.44986373
20318,111993422.90755022
20319,114162842.68712254
20320,156660713.62150374
20321,50835981.341325834
20324,79004905.92985718
20326,162935305.40214938
20329,114908473.2509093
20330,183137249.0298002
20331,179133067.9638311
20333,115256253.26287156
20334,97043614.9126243
20335,84098287.43930252
20336,48231095.49942618
20337,37180116.95448196
20338,186908433.22972175
20339,108586038.14368808
20341,115681022.30211943
20342,163428006.7905091
20344,218038456.6523521
20345,141612658.15641317
20346,100665405.8830203
20347,42180438.24736989
20348,89693677.18898137
20349,120774049.67023312
20351,53079273.41623192
20352,104294674.93370514
20353,68147099.7529503
20354,93788890.9778203
20355,41656363.79504299
20356,105516545.79001866
20357,112135588.60738385
20358,103534955.73636754
20361,28284302.194932036
20362,100363610.69030127
20364,116938072.42994289
20365,80393505.57314599
20366,140289954.88659373
20367,69984124.26045083
20368,68959580.14914383
20369,75002224.64794862
20370,318247676.213178
20371,59247286.432528175
20373,58767637.56678613
20374,60976795.137974784
20376,213913981.67634076
20377,88386538.48600513
20378,154941786.03802815
20379,71543177.41615075
20380,77456163.05507046
20381,125019443.3642653
20382,150805651.8740852
20383,194574544.45938814
20384,92937255.51570693
20385,43486443.28169072
20386,66712973.32676515
20387,55340667.16056254
20388,82662804.17807432
20389,154586267.290782
20391,48608592.95435162
20392,203369531.85005406
20393,145304245.1050852
20394,111308422.4026064
20395,70224765.91196191
20396,88643720.34595035
20397,80124708.11716336
20398,90404365.09163906
20399,111432420.93299954
20400,145312580.89446008
20401,137265500.34464815
20402,52673521.76678445
20403,51328067.33541583
20405,132550486.26662856
20406,46246777.583284386
20407,85382730.7319854
20408,72751220.19512582
20409,102695742.73806997
20410,49939895.565697
20411,61656271.8675939
20412,136431273.63411236
20413,89047374.59445576
20414,86706856.07765059
20415,126177110.24317509
20417,40992537.78596029
20418,76663771.17266986
20419,57817982.1848187
20420,32301683.053963725
20421,33881396.8039262
20424,115455243.09786779
20425,136229772.89184186
20426,141902679.54870456
20427,141083330.00551257
20428,42327055.164796464
20429,76485367.38345985
20431,286139062.69502443
20432,92624897.41430402
20433,87592587.05397642
20434,147170969.81124306
20435,253761639.16821083
20437,51476019.78822306
20440,78276195.98069827
20441,232045871.59683952
20442,247386139.77924252
20443,86755065.3247711
20444,60979343.78546573
20448,85042274.85604934
20449,95118874.71043333
20450,78289491.70064583
20451,58707368.758320674
20452,50357865.928350314
20454,186671455.01900956
20455,45568244.08823425
20456,96598001.35607664
20458,142469182.70752865
20459,59898260.35217403
20460,91062140.58838
20461,48671538.4427263
20463,59017291.538520366
20464,71453604.18949148
20465,63339513.442941986
20466,86618683.20493865
20467,85278102.63722372
20468,59200626.37533748
20470,73134899.02783056
20471,84483970.30814606
20473,120031725.14604256
20475,71706209.88182117
20476,83969276.38452208
20477,95118806.90624851
20478,104660407.11519007
20479,101104103.84353016
20480,69382375.03484538
20481,72687097.77020073
20482,55254804.38563226
20483,209713483.87215522
20484,84338167.47553933
20485,108125174.25924745
20486,83464630.54763436
20487,101751247.22383341
20488,55084184.031670675
20489,109404843.69167447
20490,104646175.80325174
20491,84027296.80077964
20492,79364155.59196056
20493,194133642.23478296
20494,135296988.64076054
20496,190953064.87672377
20497,331311000.5114607
20498,80291980.51763794
20499,127981659.6694521
20501,51007113.70893993
20502,141523367.27965975
20503,249978716.38368675
20504,134929147.25655472
20506,90656661.11580479
20507,101133797.01736723
20508,93426934.28612505
20509,72068800.5278324
20510,212000581.02702212
20511,133644818.14729993
20512,86820293.09910385
20514,73448094.37325095
20515,116958768.47248271
20516,46336997.19835754
20517,69292552.26507881
20518,137812365.0535993
20519,125911332.26416184
20520,135563094.60002127
20521,90679241.14131348
20522,62434472.007936746
20525,110746825.3670022
20527,76483564.66409278
20528,84312691.16033274
20530,152061713.59725702
20531,63084974.351639815
20535,184384927.45698768
20536,92595665.51332004
20537,108204530.10358962
20538,89673333.44000715
20539,103905747.02471998
20540,70563475.93573979
20541,39706939.49407209
20543,214161812.41444814
20544,135566603.25432348
20545,81663912.68439957
20546,101410307.01543741
20549,71361725.49298123
20550,55082946.59054167
20551,69954543.16325532
20552,60959707.92165072
20554,57585682.5639831
20555,105797114.64799044
20556,107666530.15912223
20557,62407130.29111227
20558,68947151.21070758
20559,115255845.1542941
20560,143012375.97315252
20561,107761516.74140403
20562,64574631.300105385
20563,46791938.0268524
20564,183336533.24586007
20566,161020578.8364949
20568,70738930.79075067
20569,81005388.87414226
20570,202746205.7966311
20571,77130735.00176232
20572,78591884.70654404
20573,52656657.96268311
20574,74344419.61279933
20575,88800863.76685964
20576,153890238.7374613
20577,57090072.870079935
20578,147804345.851879
20579,96543024.2758576
20580,162591932.25709635
20581,54485597.422923826
20582,195945888.2841002
20583,135216050.51439986
20584,62824443.35515507
20585,71399850.44981432
20586,83630460.67015529
20587,45352934.251695536
20588,127302955.34859687
20589,104341751.37443331
20590,79615700.03566352
20591,237775853.33765137
20593,87533843.20645235
20594,164732151.63709116
20595,99960501.07756735
20596,31011044.506793372
20597,48757870.36510224
20598,54942960.66975749
20600,254241297.52999753
20602,212576156.8723288
20603,61309532.030756146
20604,70908593.18226647
20605,93684134.33605614
20606,55340953.58533813
20607,35913734.65632557
20608,84638958.76984353
20609,194446184.7532462
20610,75954705.31755386
20611,69783309.2268823
20614,95938595.35524848
20615,95091113.50646369
20616,64425814.89835281
20617,86513166.15230119
20618,97719040.22472659
20619,77543436.2968314
20620,234606131.80877158
20621,181695550.78214628
20622,217914886.3978646
20623,46701138.54074054
20624,123589939.96375497
20625,81835003.9306684
20626,317296775.6909366
20628,148991212.46099773
20629,141806918.53156143
20630,65160582.183298565
20631,323674542.13651425
20632,28258728.235639654
20633,69489780.40922111
20634,108251958.56593509
20635,123183358.90225066
20636,78136362.86754078
20637,76848209.27620363
20639,66224507.44482015
20640,105546322.62903953
20642,78651244.1381125
20643,78400654.37073955
20644,129818585.26828398
20645,93663032.78728868
20647,48999240.76545007
20648,157183179.6446315
20651,84981228.62635535
20652,137477822.82480642
20653,76792019.31134167
20654,44202969.60604876
20655,83347169.01601158
20656,196344228.89411888
20657,82540884.10465042
20658,33892953.07218103
20659,54753851.09061938
20660,76819620.76576206
20662,116384852.17649107
20663,44702858.44656792
20665,74167590.65814723
20666,106297040.97831616
20667,171964958.8447223
20668,88736584.46420313
20669,75215427.48732556
20670,77076824.44836782
20671,68719578.14615218
20673,163953982.14616975
20674,71316587.14619106
20675,53563675.06480382
20677,137782156.713305
20678,164445337.90299314
20679,28744243.612864405
20680,72246208.31221724
20681,72698625.12550445
20683,79302351.1673961
20685,57422704.70979377
20688,80831554.07287431
20689,127668383.96432401
20690,217768831.52278814
20691,44440399.81265442
20692,165289919.63043803
20693,110159318.47687735
20694,48343008.82874499
20695,134547896.32500497
20696,78630042.05050161
20697,40189946.00526811
20698,86862999.28459199
20699,118567584.73442319
20700,100169104.98332879
20701,90465114.28822249
20702,59390291.466342114
20703,68434287.05452234
20704,53510769.30257086
20705,134359323.86869544
20706,107180477.06675175
20707,171754568.36837074
20708,61056213.93951727
20709,76732386.61522153
20710,102753095.90086387
20711,72352246.92234944
20713,61359552.59859271
20714,152160005.8945563
20715,70182739.06497657
20716,131207421.90446582
20717,92406663.87270804
20718,105875752.47940278
20719,50172558.1618032
20720,89502941.6875137
20721,58902710.873361245
20722,60875915.37313612
20723,69967877.93422501
20724,109172654.75555614
20725,79560245.40530507
20726,134732079.1680967
20728,99544780.98595928
20729,116311559.32054527
20730,142037984.49137586
20731,115125208.18009785
20732,50893038.93357203
20733,95570170.44111481
20734,105995171.12838683
20735,67394316.34294376
20736,89423483.96613343
20738,69101554.10849531
20739,350499273.5414532
20741,108258234.16437106
20742,101401864.74464998
20743,73642317.82717021
20744,111986227.97267637
20745,144957149.63767838
20746,64321432.25202545
20747,81419060.31168951
20749,169596342.83386227
20751,95395899.69960271
20752,100077796.8878246
20753,160334350.67385525
20754,88317485.86023504
20755,275385792.4883105
20757,60480295.22659838
20759,83629880.01482405
20761,185075121.61048484
20762,137783632.6720114
20763,89752880.80439624
20764,58147914.29388881
20765,109588288.78280343
20766,73467790.01837236
20768,110130280.90351826
20769,49844448.69645445
20770,104178309.6657334
20772,56793698.30772693
20773,49112254.31751809
20774,80437011.75898302
20775,94254068.80842593
20778,114533278.86145307
20779,125019714.69251484
20780,57660876.60392523
20781,51655550.87892121
20782,217065879.02253306
20783,121970413.33271843
20785,77780130.53864267
20786,133436262.02744496
20787,134584967.10339624
20788,86023023.42361094
20789,52857941.16456548
20790,47058014.975539796
20791,78557002.1282017
20792,154967632.82481664
20793,100443372.21397194
20794,103471070.30645032
20796,40482080.27134583
20797,211444364.17189166
20798,47626920.929475725
20799,63224719.26462116
20800,38092134.27666009
20801,65395006.99079616
20802,114837543.23932445
20803,113084027.4966808
20804,103902402.59369698
20806,127231487.32008769
20807,73145009.44460335
20808,122804912.4924324
20809,205843035.29718155
20810,114574799.31251265
20811,43964881.76609797
20812,43486644.285024956
20813,47113169.41697849
20814,112662057.65905909
20815,127480158.78878604
20816,65161746.61119632
20817,128164994.17299671
20818,30998433.67656868
20819,71531421.99570361
20820,113324552.66806836
20821,147499913.5419849
20822,48899665.97183968
20824,161602337.25528264
20826,90041688.19864233
20828,85359747.53006236
20829,47448996.420886256
20830,61569440.593094476
20832,94415369.06113076
20833,53692816.68675313
20834,40812828.12617804
20836,113967990.73291603
20837,48888717.69782755
20838,132136686.3453305
20839,81811632.66159187
20840,71138372.27019286
20841,337251261.4910101
20842,160912155.73572809
20844,82387676.93084528
20845,57595300.00972804
20846,254032199.00817245
20847,147559853.121907
20848,68014020.69624226
20849,133647063.8466731
20850,83111136.54333246
20852,66387104.4302054
20853,341946846.898998
20854,43855262.51637244
20855,136467838.7489103
20856,136541338.9324703
20857,165271626.67238623
20858,80259681.1164554
20859,135918850.010976
20860,150876708.4974743
20861,245900860.65148222
20863,61371938.83157392
20864,87702182.46068956
20865,69001883.6133433
20866,92726931.85117882
20867,108097323.99004602
20868,109925949.3575652
20869,134875596.8313272
20871,105771617.12419023
20872,101760555.27765326
20873,76655650.69788052
20874,156920871.18272185
20875,56255192.124327965
20876,134690262.9364129
20877,182340711.27818912
20880,98004559.50282194
20881,114774721.74986336
20883,102956544.64337108
20885,74763708.42103027
20887,58310586.36600436
20888,99440577.70549864
20889,84806434.00828329
20890,96417988.03521773
20891,151776616.84409028
20892,119750900.10573356
20893,100181656.56522247
20894,95058515.32258323
20895,126647992.16105887
20896,157184593.26316
20897,76659006.38548025
20898,184862850.43988535
20899,114541292.79160553
20900,157273883.49451357
20902,55054456.420365304
20903,91743794.11835958
20905,101441304.12384433
20906,140120590.02984715
20907,89962166.19663587
20909,117609723.3930223
20910,54669222.34724403
20911,52529880.933195606
20912,211930344.22241524
20913,78895269.07392839
20914,54262260.69842074
20915,72298530.73411438
20916,56946438.376495704
20917,159625351.67724714
20918,90976134.60158154
20920,50807825.365216896
20922,75875751.65591249
20924,86488673.43352403
20925,57837084.66849269
20926,165401816.24444282
20927,46068428.21735482
20928,98198053.78649676
20930,83287632.4633923
20931,63314714.78436757
20932,82920633.3871366
20933,70393492.72231403
20934,60002485.9159883
20935,132465258.75174162
20936,79820924.00370333
20938,61193764.49181852
20939,63092339.612907834
20940,199810689.85385108
20941,81529643.8059864
20942,75770118.62260164
20943,174680249.93799344
20944,149416140.64419058
20945,78967116.70162833
20946,101234437.94898555
20947,47457868.06557168
20948,195274849.88646385
20949,68585754.27052444
20950,106941020.9500467
20951,83385828.63707115
20952,71784181.18655057
20953,80246350.93020171
20954,42391214.95152567
20955,177306446.16278133
20956,315005603.76284564
20957,58164402.10470938
20958,89751328.23229581
20959,64122456.03632207
20960,84589118.59724446
20961,75148779.57397611
20962,104942533.88710006
20963,114246560.08841407
20964,97955518.94945973
20965,126282863.56710008
20967,128578125.19333184
20968,70162724.70419334
20969,68487998.026535
20970,230189564.16197613
20971,107737930.94487724
20972,69552842.4009381
20973,54653456.50611909
20974,65980633.424626686
20975,143548378.52198583
20976,67797268.48862132
20978,120564196.15983339
20979,52461600.07531278
20980,76061523.3007685
20982,101552800.73456925
20983,76757336.84090538
20984,68946152.62796494
20985,95521588.07393962
20986,52455545.521521285
20987,122764604.12063688
20988,77021403.68106343
20989,130072573.0105165
20990,61384383.874479435
20991,326493596.285589
20992,141394192.36082113
20993,70766350.12155297
20995,140515741.47298688
20996,85669842.78269216
20998,86614554.4811657
20999,112045210.42926931
21000,227036824.7442867
21001,102903353.0972844
21002,88901876.930586
21003,74520732.88914028
21005,343737106.75544447
21006,107361617.65630065
21007,99253206.77292147
21008,61662039.93735073
21009,106552499.81094679
21010,104012438.23911752
21012,74730160.43283336
21013,92623712.25897934
21014,80094527.43172285
21016,62386053.293285
21017,67701780.43661109
21018,64414398.6998651
21019,239087528.72644886
21020,71981598.62626752
21021,119522318.51439124
21022,54933935.25975192
21024,77503688.80629641
21025,262012006.27709132
21026,79412840.4403098
21027,101164893.47673608
21028,133033681.45838179
21029,62777838.60277227
21030,108564837.8900397
21032,140913342.50140867
21033,78801125.98790506
21034,80498431.8404749
21035,114805847.24122593
21036,50633028.712313235
21037,141751872.4631659
21038,48259710.206399746
21039,59146951.244100064
21040,56538528.23216237
21041,88102452.73186365
21042,61570874.55581748
21043,65655265.898121834
21044,113904882.51694806
21045,89362141.59570491
21047,135570492.96875778
21050,83907509.79280783
21051,76598684.51786248
21054,87519917.64385457
21056,57950242.321155034
21060,198580830.2754736
21062,149793883.92847937
21063,69724349.2149677
21064,104366473.91519468
21065,26137715.150879655
21066,100497263.13349994
21068,69294438.70567043
21070,132655697.21375062
21072,121725340.86562978
21073,53571150.515346274
21074,176026042.0993503
21075,61400506.61239505
21076,101590461.66720472
21078,152434294.523069
21079,59770671.43524894
21080,56136328.01357018
21081,79131324.0981168
21082,76547758.58873822
21083,54395199.65718697
21084,77371268.22472195
21085,66971857.30415114
21086,100885706.99265254
21087,81887059.88531223
21089,66977447.69413033
21090,68469691.67380825
21091,51834319.982775874
21092,63734130.562458016
21093,95295761.92138098
21094,141824825.97081834
21095,64542761.870030314
21097,93180559.41596644
21098,133572592.65492864
21099,71459911.54936838
21100,51609581.372535795
21102,65880005.65785431
21103,53308847.05319301
21104,100829152.03983079
21105,64686436.32015109
21106,93297415.23745492
21107,71644203.82034355
21108,67163887.63482888
21109,62338051.58192956
21110,63714798.16011894
21111,126395454.60025091
21112,104663110.77665704
21113,63644334.77240735
21114,63689249.520228885
21115,91805691.33777466
21116,106114062.24675794
21117,143809437.6152933
21118,89519383.91727921
21119,100173146.14348355
21120,66578424.819815665
21121,113878944.46391602
21122,201354552.48049292
21124,78589189.41944477
21125,169088753.49316242
21126,161551685.27813938
21127,55053001.22886188
21129,191494543.93405667
21130,94315056.88605046
21131,129362189.64683773
21132,62673035.366985634
21133,124045608.35003088
21134,124910852.60044427
21135,67541719.91425852
21136,64990972.37883598
21137,120655164.49402231
21138,150396283.24696258
21139,91115642.52879728
21140,72778969.8700524
21142,150294762.81770548
21143,84373517.32659714
21144,215705550.50786567
21145,114311412.98594913
21146,72612376.38345116
21147,89936692.4677364
21148,75350623.07825641
21149,121206574.43454394
21150,71210267.24484046
21151,196639523.26800418
21152,61047512.74260108
21153,48609756.633655846
21154,79175288.50732237
21155,48781942.66890976
21156,72888789.64623995
21157,90206401.20528561
21158,94652450.26526925
21159,210813418.4759435
21160,68401935.79312582
21161,47053811.71147745
21162,46557553.52203331
21163,107871233.38352194
21164,115060673.35223886
21165,100635647.62716882
21166,107478808.05222954
21167,160390275.87000516
21168,117923005.28338267
21169,55433991.62775048
21170,138465160.55026397
21171,182890365.16471308
21172,57660470.41630316
21173,81084395.11530448
21175,72672303.00982213
21176,40682932.1348374
21177,104722765.25951019
21178,49372674.66414145
21179,116694963.34703964
21180,67410575.6101955
21181,233641554.02121472
21182,64646788.621676505
21183,61594175.24924374
21184,51417803.23204003
21185,153353791.9621669
21186,152699245.91077343
21187,112632455.2982689
21190,67371742.47189158
21191,70552753.07477514
21192,70242606.02013299
21193,52999671.74712796
21194,159578615.4642225
21195,43361550.52572703
21196,90541983.53570233
21197,144878678.1063241
21198,118378918.30430767
21199,112114403.89695068
21200,89455156.13373716
21201,101397805.33121443
21202,64886189.545658596
21203,45083788.22162963
21204,61398440.53595492
21205,95310719.73062499
21207,53677832.141255125
21208,117872306.15768844
21209,255438445.2378711
21210,168318151.452404
21211,73065378.0705028
21212,115918270.1670863
21214,141524737.59058878
21216,128911815.28873634
21217,151291038.01203164
21218,97894867.57497782
21219,51252983.0608793
21222,113448423.20684968
21223,44279496.819904305
21224,122874756.8390787
21225,120615577.79628275
21226,168543252.24828976
21227,69027133.66261502
21228,61928416.003744975
21229,68589874.19008441
21230,135552187.66386536
21231,145606944.65576228
21232,124851383.74214646
21234,87811285.3481753
21235,96398562.01918897
21237,88813432.829835
21238,65019738.06755221
21241,93480758.22251801
21242,76550571.33604498
21244,61378475.791297734
21245,138498274.01223406
21246,65577455.728005506
21247,70115997.10698526
21248,193673507.19268808
21249,182894524.0628541
21250,59295559.2441376
21251,54748805.02639126
21253,88405470.72770682
21255,89703222.79296136
21256,74777853.9394893
21257,51165088.08004485
21258,89759148.28223626
21260,106552717.5275166
21261,174086385.28132787
21262,123460371.72637308
21263,117275104.41035
21264,132981729.08744963
21269,98791673.82815072
21270,70997772.92483488
21271,100633551.52654502
21272,47807369.12239541
21273,89169278.2245774
21274,97323998.86807227
21275,78517711.28057092
21276,61293313.31273345
21277,178884421.20694357
21278,68928253.04662187
21279,107585017.86695266
21280,79663582.04226775
21281,78379854.48637404
21283,185046248.5451508
21284,45077622.96956975
21285,87590613.33692496
21286,59774606.11573681
21287,56223837.24295808
21288,256643465.0867599
21289,135893021.76235682
21290,43641588.559386924
21291,85731039.296372
21293,47579181.05094474
21294,51155428.522115454
21295,86339892.64494024
21296,193937064.96122086
21297,99844164.17470214
21298,56381952.53988755
21300,35854725.54068497
21301,107757864.2573592
21302,65341245.75997352
21303,105105504.72287513
21304,159816637.64517748
21306,58006724.10520042
21307,163395644.61696404
21308,63452470.37179207
21309,48455941.174784735
21310,100548224.55175397
21312,136086389.51850092
21313,103064390.03050248
21314,93828854.98182131
21315,79303992.19842213
21316,165298362.59934393
21317,62001302.05426449
21318,195143526.55558786
21319,131065645.27325329
21320,52959162.05827348
21322,63895453.0177684
21323,119651611.39795713
21324,236533479.73395005
21325,76466631.4497094
21326,55785399.48723675
21327,61498731.46760295
21328,97111127.97608314
21329,141729652.55789348
21330,59805109.71064478
21331,64764093.27424458
21334,102544662.47637504
21335,74876996.71192943
21336,55250644.81126005
21337,119311692.42522462
21339,62101494.620101154
21340,81549280.71208043
21341,92102538.94110972
21342,77692921.21052517
21343,99526743.6961361
21344,184129755.82949793
21345,84170092.78903025
21346,212779488.29184264
21347,77748533.08362196
21348,60898221.26059291
21349,66144436.64830616
21350,52241835.771135844
21352,66136503.29425165
21353,55717938.76427557
21355,130024504.98199092
21356,50814798.870360956
21357,130009053.71532893
21358,74261302.65917587
21359,86504922.70751268
21361,130802662.20020889
21362,56765608.75924985
21363,175292481.03670552
21364,70192743.10047197
21365,109650307.8037612
21366,73599538.4742519
21367,52714444.24918483
21368,66127581.96682296
21369,54561336.19696178
21370,185615159.03453758
21371,86746122.5004296
21372,90015738.10294776
21373,72402039.73677614
21374,100374740.71260738
21375,69631135.97622773
21377,94359202.47383846
21378,309591337.63557243
21379,126000854.99742216
21380,113823823.25134219
21381,135631559.42211705
21382,126539803.77094854
21385,106796081.65791793
21386,112390490.41699001
21387,113346844.60899325
21388,79710650.42906979
21390,134932438.41220716
21392,111023256.24584578
21393,67558602.48808277
21395,52939921.55238572
21396,64433742.031728156
21397,40799645.0704639
21398,326351395.7310254
21399,78474136.15185331
21400,72175523.62082094
21401,163967890.00034487
21402,98961908.40034522
21403,42321040.77716938
21404,96380063.73732732
21405,76929086.90104331
21406,71911502.57028095
21407,69851967.50098749
21408,119649639.34585735
21409,85241061.55008529
21410,95950444.91315909
21411,133504467.49210112
21412,131759728.8882719
21413,190956852.02905592
21414,90407319.39952551
21415,85263428.40789206
21416,63456262.41552007
21417,69856471.0515096
21418,116838234.37102288
21420,89021938.61991133
21421,230703205.75370044
21422,59604258.06416829
21423,194720965.7591373
21424,149607611.73506358
21425,198124669.01887542
21426,148527775.57469422
21427,184254859.26400203
21428,60886289.92921118
21429,62908073.608097345
21431,88339189.20718527
21432,146859923.17533025
21433,103986378.39766832
21434,93971072.543561
21435,93059453.59885234
21437,262167863.5783493
21438,94900276.59265971
21441,57756147.28589936
21442,97958635.3320178
21443,48875022.609281816
21444,56557392.95728012
21445,93539314.6163099
21446,44733316.087914504
21447,35790186.5043083
21448,147027873.5166209
21449,186246186.83608416
21450,106766805.07144567
21452,70252277.97064848
21454,114139838.46276519
21455,76946211.16449946
21456,67200974.83005583
21458,292118686.01458395
21459,78260657.86130714
21460,92035666.09346664
21461,95404975.02053398
21462,102602341.88698152
21463,119897732.30012095
21464,192335791.3651617
21465,106692247.95846884
21466,147527176.18178833
21467,54803434.409756854
21468,97099385.20575868
21470,119781862.43845174
21471,86297724.01803216
21472,152140072.64105487
21473,70616541.39516671
21475,57537491.114822656
21476,97154734.21675973
21477,77473056.1122706
21478,100401126.32430468
21479,55475522.32891382
21480,112693437.93102857
21481,115029120.13268064
21482,61489595.541747734
21483,65069714.279127866
21484,131314028.95925139
21485,63263350.75427181
21486,59788429.55167517
21487,52058030.33998833
21489,50533765.12691822
21490,70305797.801147
21491,59023415.163104884
21492,69526857.72069134
21493,78040239.47558668
21494,73508017.34929007
21495,243585923.1075719
21496,162975908.38668448
21497,64919658.83573031
21498,103193168.834511
21499,165690331.87354422
21500,86876359.11292404
21501,65467225.42439123
21502,57510420.49209355
21503,174785680.4080394
21504,61731145.636630505
21505,132281325.87882036
21507,169620600.3276018
21508,62042699.9707251
21509,60582758.10233967
21510,119927872.95150691
21511,55283425.820733026
21512,73870078.9668687
21515,105762638.04819417
21516,36973764.569636084
21517,77413006.42969556
21519,104027691.48623602
21521,141435990.38017133
21522,58310649.964964986
21523,71719578.74532008
21525,72873555.4343402
21526,177123130.80352342
21528,100094658.73156145
21530,122356341.70579225
21531,106957541.3550339
21533,83162101.05960335
21534,35869942.26958887
21535,54871612.89830987
21537,180091436.17825717
21538,57506452.14399229
21539,49199944.02273926
21542,67346323.64596713
21543,46029098.47066108
21545,78224064.18977553
21546,55861693.22631183
21547,77289935.27775744
21549,72713238.0629979
21550,168570020.16929135
21551,152090403.89972222
21553,172250449.3987877
21554,132923730.7959499
21555,178922520.6874231
21556,226642697.40071
21557,72712006.32501931
21558,90125416.14739522
21559,80752589.36366458
21560,50572621.59111955
21561,91353447.09881659
21562,110103046.39389494
21563,107584925.48367512
21564,167074257.18162334
21566,89280762.91617788
21567,63198357.457086615
21568,80848276.79807961
21569,119959740.32361686
21571,88799623.03719158
21572,199906131.5432076
21573,101476504.91873993
21574,72789185.07412198
21575,67216413.6473415
21576,49389455.22754456
21577,83793649.83959554
21578,101247161.5152777
21579,78567682.11750166
21580,61381955.837038055
21581,71587787.70884296
21582,70977063.27278349
21583,155628047.62885138
21584,75857046.20727946
21585,48923541.393667504
21586,249927908.1266093
21587,76778030.53473347
21588,98312357.7682395
21589,108231585.31435016
21590,90516561.18766686
21592,133810502.24106954
21594,65607748.2488573
21595,86802923.44001728
21596,60624846.088802725
21597,101738323.31341822
21598,57237440.40405433
21600,71935271.08792251
21601,37792156.44545532
21602,62640461.48603253
21604,92438589.12472254
21605,123208856.0040702
21606,85967822.87767923
21607,76925389.0817395
21608,103435279.57975754
21609,98153539.16751212
21610,89470034.89278993
21611,99728894.32191058
21612,173405268.93906793
21613,127396666.54401852
21614,61039337.715480424
21615,54928328.989936516
21617,32352825.020454172
21618,175298305.649091
21619,177237081.59975067
21620,157178556.43169105
21621,49506352.43243159
21622,75996343.47724767
21623,63288832.0856245
21625,55555106.02130219
21626,91212008.00831805
21627,73462141.93980806
21628,135747194.9258275
21629,115906486.34506299
21630,53684130.9842684
21631,134413412.57639122
21633,105545007.39947902
21634,87052703.86184905
21636,43290021.89151634
21637,73523843.7250658
21638,99725038.71407598
21640,60959648.15218136
21641,90751539.9292676
21642,117466749.08000742
21643,94058867.23228194
21644,70933058.05762202
21645,50699393.6337314
21646,135029082.18093902
21648,202266511.28462285
21649,81630426.47065467
21650,59846460.9813013
21651,78936341.0330623
21653,79794749.05576254
21654,321153238.1239081
21655,58200433.20059332
21657,89331131.00223228
21658,54480248.53174267
21659,68305593.96564884
21660,157648753.90084997
21661,99966801.87515077
21662,59792009.6725581
21663,74604664.79601607
21664,97939579.29715514
21665,43297543.68901459
21666,64594384.318287194
21669,59061132.19607331
21670,96224037.13943465
21671,60324285.549960054
21672,25865219.679228827
21673,43129486.939641096
21675,31151321.06172797
21676,98993180.67792033
21677,90588843.4503422
21678,220600878.3206154
21679,347106926.0355745
21680,70872774.12582727
21681,71206620.2906667
21682,206591998.45424914
21683,178877006.40846792
21684,154647673.5302473
21685,116462250.79510972
21686,79186872.77080189
21687,52043486.90493791
21688,47332835.366564125
21689,67297113.6543511
21690,187113650.0936592
21691,45338568.39676052
21692,85943199.10189332
21693,73024729.37491257
21694,61006930.80880091
21695,39914051.60825893
21696,66752107.220806904
21697,105608479.93564494
21698,102903305.75667016
21699,77928398.73968202
21700,138949554.67911622
21701,218425295.1583886
21702,143250525.21588904
21703,215046068.21241832
21704,167038851.35641098
21705,45983307.42346785
21706,168779764.9943679
21707,74084435.58742765
21709,70121365.83906782
21710,185373909.40115893
21711,80080358.07867545
21712,147001840.7897519
21713,123906341.40076077
21714,92953365.44878565
21715,64156413.71656282
21717,214344602.37124634
21718,250585650.2223448
21720,300048309.14234185
21721,189124624.1585692
21722,152876419.598407
21723,55090616.147771694
21724,50152583.38693606
21725,96418708.03105864
21726,98270805.76522161
21727,154254645.31535777
21728,45287876.144413725
21729,188779901.83332178
21730,62588598.32359225
21731,171602041.6275089
21732,63159691.09132318
21733,128120381.70831372
21734,103189204.9564139
21736,118186883.08549857
21737,85593756.72448023
21738,70075868.17002365
21742,90629797.29509753
21743,52728144.72141781
21744,47127545.0949619
21745,215243050.66533095
