new_id,rto
0,93057825.18401173
1,44902804.867518805
2,89137055.7547218
3,68031580.44036208
4,82871805.44951612
5,76981868.57360317
6,171870901.2063218
7,78480906.05889116
8,237687724.56926572
9,53592126.466514274
10,46387418.227138124
11,77315858.53456175
12,84005004.03713274
14,51618177.58327262
15,99221633.44418815
16,90137582.95770949
17,85255150.0440773
19,170793397.0255792
20,57977168.44245225
21,110166332.29452613
24,90541830.40773675
25,69421034.98660111
26,35040083.276057765
27,193270470.13222945
28,59660119.16083962
29,66805936.71696067
30,47748388.63112111
31,54226595.8994435
32,48969069.85537776
33,111978874.81935972
34,107446718.60047644
35,75789115.05293703
37,91476218.37045163
38,96860766.71111019
39,119311005.52000433
40,114148407.56134878
41,109910105.85611035
42,314149762.52442104
43,91335738.59527023
44,71909484.64278075
45,195588342.60065436
47,91777786.58659498
48,94946125.23040621
49,72241117.55947359
51,69603698.7175312
53,115085701.94866985
54,116763332.170179
55,57334742.856281534
56,111430291.72787157
57,95836336.37657534
58,118165457.97427885
59,45877052.167105906
60,80141422.19818293
61,86352933.02187073
62,74826526.98088072
63,69619111.27692261
64,64943368.45900288
65,177470034.86395887
66,74617055.96774149
67,63277254.746661425
68,100892339.61706632
69,70115672.20571177
70,86471595.54658958
71,238974007.29979065
72,71607398.79290853
73,97477036.76365419
74,169461587.0255428
75,174027168.32458478
77,85507663.5804556
78,102600329.46538664
79,110756632.68059961
80,85168659.6733265
81,46296483.29064128
82,93059072.684172
83,86210348.95032248
84,76252742.27995595
85,153255819.29625112
86,77850292.61259362
87,92311182.27162386
88,101311204.6549556
89,56921003.46777074
90,75896207.06237535
91,72053336.05246031
92,82124707.44532442
93,250836999.9924749
94,63839014.90204504
95,124546482.56248349
96,46060642.42539085
97,106960739.0959517
98,148678087.29292494
99,76347849.11833996
100,175998225.0087242
101,112449120.37980649
102,63658306.45026167
104,79039704.11493996
105,101650397.9927073
106,48038241.44390079
107,164669628.02324352
108,51876651.565554455
109,78182300.6530317
110,81693370.47789532
111,257500353.1961828
112,72227472.98275562
113,90854774.78908744
114,64466908.235479414
116,54832201.272119865
117,102883127.67226616
118,106890111.30271411
119,140418925.73068345
120,70671440.19173448
121,109907157.07746258
122,87360127.75060153
123,82410040.73483983
124,69442641.6372918
125,46999513.37565832
127,76021775.44322272
128,74243928.2395948
129,72407026.24652335
130,53528203.075478144
131,84330609.8605789
132,88930841.28421634
133,82923371.32962665
134,83745812.37847216
136,90027735.63655233
137,141025650.34293434
138,318846293.5403588
139,62946914.43583515
140,58260037.68824221
141,132589720.00427504
142,161711398.8946556
146,74008826.03444874
147,151450654.57114983
148,58972692.37779932
151,97696550.85282552
152,49165248.23597189
153,124208766.5291309
155,73422527.61752218
156,74336853.04219513
158,90927520.62091602
159,230189131.3565391
160,99555063.7908294
161,109069934.81434073
162,69272795.65670386
163,44730193.55485177
164,97451403.73333746
165,102062034.33064929
166,56041451.31060386
167,63813007.25886171
168,39082576.90568249
169,230430745.3421711
170,160799266.02137107
171,57808345.311592415
172,184867137.39981094
174,100275635.06889907
175,74388683.94104068
176,42068816.75083699
177,153531371.17820597
180,73198455.33883758
181,196693087.32877818
182,92641730.36748219
183,231367578.2532968
184,93595468.0626244
185,87950258.02585731
186,129342947.17352556
187,91435672.6926558
188,206382042.8537673
189,112845060.4446766
190,124243604.37040916
191,118500462.24462238
193,135881064.32114598
194,123425996.12078908
196,68533089.55115317
197,72910739.6666235
198,45891822.00470332
200,64090965.85799849
201,70947829.22333398
202,38763363.657632485
203,56740150.62950782
205,69330589.41501588
206,226399294.33947662
207,69511303.31459625
208,78225363.49312116
210,63724842.398879096
211,152425890.82123804
212,101147276.9960416
213,76472660.83198634
214,93296487.0359276
215,136628822.43827897
216,59863627.68914215
217,348253495.341492
218,110799026.1617974
219,58328971.66136425
221,153034101.3165823
222,100060700.45884769
224,63106717.821569346
225,288429056.17623526
226,172332091.56940007
227,93472557.91752598
228,139993075.7802278
229,80846412.70628023
230,81465886.70061323
231,89853715.31851467
232,55078986.82604854
233,113559735.27936672
234,52729926.23750623
235,96436931.21710475
236,75736664.03493728
237,147251247.0203759
238,78421488.37786806
241,118022177.89953281
242,117612194.12532139
243,53311665.69079932
244,58456315.149881855
245,107759176.03332922
246,84665511.1468647
247,79051883.20716631
248,104381282.7429595
249,113702259.60545596
250,106182470.47473665
251,85472253.53327212
252,74329739.0612477
254,41293036.33693079
255,187928438.4466663
256,66289163.89335721
258,194453038.26666504
260,329658685.10879207
262,92382374.6676969
263,98409263.42186503
264,52715436.95841007
265,184520979.06579614
266,75376269.04386134
267,41230255.42813366
268,47160394.37133425
269,197052884.39140347
270,86154030.9729947
271,101556573.45208812
272,85455630.35473788
273,81460961.93636389
275,70557382.0796354
276,232426841.26771912
277,65212020.494080804
278,152499323.1802124
279,101924844.7817942
280,105554712.65664123
282,90644571.12637305
283,102060248.80291651
284,102234891.89922532
285,48275909.68842739
286,102631667.04449844
288,68203225.92278223
289,53464228.65821902
290,71412702.88009591
291,88783711.02220485
292,79141485.46093214
293,57289866.37604446
294,53274029.95118515
295,70347041.00238535
296,315396034.77653396
297,81535531.5242919
298,118871477.98812854
299,59690911.745296344
300,135055816.505556
301,131458671.05567883
302,41072548.88122283
303,253999829.04512358
304,82912388.0339697
305,163032269.77837205
306,77215694.86276327
309,106088435.60583384
310,116979846.33823071
311,134521961.3669781
312,167652177.9899099
313,51955145.04671734
314,146756541.02814192
315,124446172.38276136
316,205140450.47114438
317,74235692.7013436
318,80821105.6817149
319,127501727.17428744
320,62835621.87465793
321,78750907.70929998
322,96062577.60919791
323,106254121.71008766
324,79505089.19345705
325,128450638.24351622
326,91161401.28976399
327,82144989.461615
328,74200444.88025384
329,25925647.188366443
331,227909257.5716039
332,88454391.89599739
333,62980984.03331051
334,187931205.18117768
336,93919766.26044424
337,59270182.0285765
338,166497945.70996276
339,64108262.04397091
341,89271232.46194986
342,289528377.3091975
343,97202083.78166431
344,60531673.0559829
346,125403552.9216103
347,107555446.20743431
348,103459618.15193087
349,130456847.02886042
350,169716004.09651828
352,70545043.59068361
353,232275024.31841192
354,85758884.70059863
355,111061792.36519188
356,161737061.62191913
357,41820810.7409309
358,56082064.499216795
359,76501985.11783531
360,62526708.076746866
361,52799702.299517244
364,56508325.89616333
365,175492685.76155385
366,100205240.21041213
367,106128632.60999216
368,66761677.23160574
369,142681435.5506011
371,124971659.11433768
372,86871806.8790473
374,87089493.56491907
375,126363159.29538673
377,123271814.37140518
380,52507805.250845574
381,58174162.02687425
382,150738147.24836707
383,67020350.73753992
384,66437537.83390662
385,81069583.61043186
386,64329303.57077001
387,68987208.48108535
389,58530571.532436445
390,52396283.55811064
391,153584146.9315132
392,48774324.92603415
394,52002194.28050381
396,57156690.10333359
397,43888626.30111304
398,212148147.58640808
399,67737458.96879175
400,84322446.03421259
401,35139578.84395333
402,81524033.41067442
403,104824612.47604588
404,99390909.7927238
405,65951601.102419235
406,89778700.01280104
407,58027187.49605952
408,72786437.9734218
409,96720758.27160485
410,43425192.54066555
411,61203000.771980524
412,185180126.2347906
413,79507280.44815308
414,110674817.67920698
416,47536145.91330713
417,80903765.75830057
418,38593183.08421147
419,123217046.74435219
420,226319945.34993118
421,75885346.37658918
422,46407993.09877515
423,122692573.27052452
426,108937537.7728813
427,52042912.80239901
428,84173470.84229511
432,102568761.69747338
434,184783221.93559563
435,318525175.0255075
436,83522472.76521236
437,59954783.16575283
438,159711173.6067258
439,73194413.05056424
440,83238192.07817623
441,57113712.789539404
442,46796182.7260821
443,96136227.11451554
444,48548694.225212
445,77777415.96993126
446,60863210.95786143
447,114305468.40778032
450,76097455.60717988
452,70517993.7584069
453,83246203.59230262
454,140968003.2290831
455,114426017.57277964
456,251493232.7033474
457,93725121.16015953
458,57119276.23230429
459,65264080.46051236
460,68665863.2435942
461,124346577.12914813
462,85039930.53053525
463,57085148.4616241
464,283181068.9365605
465,66740964.92525987
466,174334871.94546533
467,153157906.9657334
469,76120942.6619521
470,74705351.64577556
471,55594828.14412507
472,86869845.38515091
473,96157564.43181306
474,68137357.24106058
475,55805649.49989076
476,71679417.67894056
478,92788259.91737652
479,154138193.77520034
480,60610141.40036522
481,58812879.3279633
482,119804307.1753662
483,194848738.5942327
484,52901395.187941074
486,119374628.5402868
488,113840017.22431852
489,381813832.3584697
490,48055675.31597648
491,41868356.435241126
492,113908391.54161353
493,84015374.80322939
494,82583714.59893645
495,58055064.55318416
496,179946311.9843499
497,59973419.754304856
499,58744918.47908935
501,77537872.04762876
502,190110789.0304065
503,112599584.65732098
504,56867764.97858873
507,99932069.67241171
508,205272063.70982215
509,73111300.73894231
510,37327478.27433851
513,48214379.853484705
515,64361096.746669486
516,63587854.15511112
517,78035156.92080653
519,78122739.61860013
521,63597594.4426111
522,71375340.72271329
523,279772750.69892454
524,118317308.64500406
525,138474360.40842122
526,56245522.239224315
527,65701564.38354413
528,48596104.67939703
529,100392900.0960797
530,126580639.0519714
531,127787962.32920349
532,71708948.11398217
533,101570689.8631844
534,87287356.25620528
535,43915165.248095475
536,142125554.70957017
537,63633795.91768302
538,35575450.23115236
540,105623660.82731591
541,158583075.75451586
542,94431718.89363803
544,94374909.81678903
545,128775561.09957096
546,84729568.65686384
547,55779202.07589861
548,62556016.486301556
550,109904391.73789111
551,71930094.79975955
552,115441331.64493716
553,54687639.372437805
554,99595206.60683903
555,182144670.37128362
556,45680264.251961015
557,90060945.02293736
558,62341973.85753576
559,71415595.12123415
560,53077102.23238148
562,87640548.43999091
563,95288287.59387434
564,51154558.07978055
565,90864483.45505805
567,93771079.90394332
568,76204140.8959176
569,92260821.5823693
572,147019872.51324737
573,370590670.08186495
574,147504477.34889212
575,57480764.4838129
576,129571764.40155402
577,84837740.22574763
578,187856752.9738497
579,342119075.0313045
580,113753171.37383954
582,52730180.45455058
583,162327978.80154496
584,61096066.75778152
585,64017419.96265714
586,84673711.99253897
587,111980979.22997144
588,41747926.075335145
590,116266197.46775192
592,104739641.90278925
594,175868870.87872857
595,293334580.2055755
596,124794449.03242752
597,41704550.11102771
599,46692152.17970252
600,85349068.90290512
601,82129036.92008018
602,62406020.315349594
604,82820525.77217016
605,47217067.36310439
606,71994039.8322134
607,36135254.959008485
608,117560776.18951803
609,89168486.91169503
610,83977761.16438442
611,65971844.90704392
612,114605818.13442095
613,59236828.451792344
615,53473080.2255225
616,121171466.34288469
617,76435873.27141988
618,365636602.39365953
619,43927408.28243862
620,38832429.740896896
621,137635765.07103795
623,76273084.14192839
624,59062918.01358743
625,126406662.22367701
626,66338550.55665317
627,95080889.94446635
628,84101906.93246996
629,71366760.0685628
630,57552190.34907042
631,69873136.07926095
632,108188087.65544967
633,86189042.4189693
634,104967321.36262853
635,137845904.37521213
636,52794300.79389623
637,143260035.41554543
638,78053206.59034105
640,81811447.14990625
641,63893857.46163452
642,56890612.625692874
643,69596221.95131028
644,158727653.54052258
646,62597960.170542605
648,69747419.78739312
649,184068867.50854442
652,193642083.9949008
653,130347652.98030932
654,77783186.03320348
655,167091123.1586964
656,142596854.59585986
657,143837797.65727562
658,41241475.98165399
660,107540548.15688717
661,64951540.83277929
662,60830913.20318144
664,65603670.41075756
665,92210604.99092516
666,87627434.86108124
667,57907548.432371
669,50167966.76728521
670,210129538.88502902
671,134005217.2456614
672,149410221.63575795
673,56958737.63878143
674,95048744.50026397
676,61488409.500115305
677,103624726.69402266
678,52268088.270022
679,75072255.49747854
680,57015834.850953214
681,104402193.38130288
682,34630219.08092805
683,74100109.62755595
684,207868887.20048407
685,149960081.33682108
686,69212387.00762668
687,66867397.53017089
688,75891219.26667419
690,50811485.87923164
691,108078179.2777929
694,49054306.76036593
696,104057589.49385086
697,35944392.55403143
698,75490690.4526493
699,73636059.20170014
700,80906043.81691003
701,111391454.31391928
702,77323065.83446035
704,120979828.39604431
705,93832653.97598925
706,245238326.87854832
707,145050280.25236425
708,127024325.38149485
709,90144610.89896521
710,55069486.21136062
711,142306534.27840376
712,117210771.65335563
713,237782574.5376283
714,132365440.58878683
715,243239216.3620096
716,57410998.82366718
719,52687269.6286483
721,119232750.57563299
722,79352326.23793253
723,77673546.32706195
724,64140771.56826372
725,90303950.43077478
727,102366534.02882631
728,74235565.71122585
729,141979904.94904506
730,133339477.21835527
731,68294866.12200278
732,74031955.42545897
733,107409849.0591398
734,135781471.1478959
735,101373333.31892136
736,73851980.99726576
737,114467112.00082353
738,117446031.9859432
739,82981215.13964629
740,77876829.51366253
741,74120536.64435527
743,76947737.97436067
744,144537604.58709866
745,131708105.78597224
746,120670160.65719819
747,45360702.77149334
749,179205115.60462245
750,71341326.8710716
752,142134180.64195484
753,78767469.80427971
754,224813497.94366804
755,86615935.63252044
756,82940170.33883698
757,65440162.52564417
758,111902240.54341385
759,57252573.199843526
760,71215770.85245508
761,70298947.56041
762,84330062.33914821
763,204536842.15446392
764,65325443.30177325
765,93310325.42569947
766,65284297.66751566
767,53658882.451354176
768,107949107.80789965
769,65636767.06098664
770,94230782.42010666
772,38237327.60326044
773,54978930.201156385
774,142384241.29333413
775,61066700.64389045
776,68226393.37677345
777,135851106.1424135
780,79157148.98982166
781,74158711.55134626
782,100083577.6135472
783,113353774.61475521
784,196407424.62935954
785,117907857.94562824
787,67620970.7800903
788,110718367.56844144
790,50906624.34793736
791,190744869.42471346
792,71296407.62915061
793,141059230.6718158
794,80805775.10576046
796,108749227.73551907
798,38226248.183739066
799,173020563.64780477
800,102080877.94036017
801,106363068.80763105
802,47603825.64932324
803,126169026.67310783
805,65149572.18133263
806,234986605.90575907
807,59474317.84797324
808,102488588.95281485
809,103920564.48587325
810,85114393.98087004
811,52752840.690769
812,69145709.62775455
814,73204142.16875684
815,97327728.65069973
816,121418912.80325387
817,79841681.79214205
818,57839292.87999561
819,101797677.16133079
820,151110157.5675211
821,87170042.60277788
822,113171286.18463746
823,77428910.97980231
824,78476988.59848207
825,80567567.72073993
826,135585347.5696453
827,73507059.05092841
828,166511434.7360377
830,66535789.008507036
831,104881639.89394164
832,216510043.2492572
833,92980004.96658099
834,90992340.44920853
835,74305096.24020776
836,62761828.09522078
837,128530741.68636684
838,123885243.18102689
839,52634368.304149576
840,57044914.73595317
841,89028984.2196962
842,173115107.36180314
843,94500839.48029697
844,98620172.23777086
845,42191787.49292029
846,257831040.75454122
847,95298426.1776317
848,61811419.39265482
850,51775636.107461646
851,65004799.48225503
852,93614716.80450352
853,61830274.314097315
854,155945224.6925713
855,179994549.35193208
856,65488184.55421536
857,61098263.42030406
858,252389722.02964264
859,119080305.80641443
860,61481806.99801388
861,89920152.74618283
862,116550796.41591832
863,94453061.21288233
864,139372194.58794457
866,66785583.8027163
868,109234434.72666968
869,119427184.12773724
871,66077789.82830426
872,99003738.29186022
873,116259419.52199346
874,79636491.20314887
875,128231340.61376469
876,51133669.65432248
877,47197070.189276576
879,71627012.18076889
880,120795278.55657099
881,210804730.32374984
882,137053425.36202168
883,83860783.42897415
884,165970785.70146942
885,53753687.79955493
886,68154743.67178278
887,134102816.02872083
888,270770317.18187827
890,73424257.03017145
892,103501849.8603704
894,183320559.58184052
895,96459333.20506951
896,81733518.63049518
897,76537416.00732377
898,80619814.5633114
899,167519095.17190593
900,139896404.26453176
901,107346893.85721427
902,106783052.23481417
903,77470743.03740838
904,59089664.635855265
905,49507499.01133196
906,70943649.82647307
907,85996421.17686959
908,133262710.49494597
909,86876727.18489042
910,175784939.88112533
911,59511336.67621461
912,218971759.94776177
913,125370490.74084099
914,87176838.72423409
915,79800383.88844872
916,133518947.74680711
917,82239832.96156792
918,145197729.54733592
919,159384043.8657059
920,104736712.18342835
921,225203825.99433464
922,68554480.40240037
923,125460844.58643474
924,61737074.05912402
925,82071189.5258218
926,53216610.2354843
927,78787464.31512868
928,124649744.02995259
929,112086468.25559065
930,114802483.38104978
932,197384821.8571432
933,67653260.05326243
935,40062951.76950964
936,68790653.90141764
937,82479005.10525303
939,64639522.18233633
940,80890841.14824794
941,143947920.77388042
942,90627192.65529634
944,91606311.53641827
947,63640718.46154683
948,50110083.87843181
949,73921152.28585064
951,324061630.38886833
952,76051045.8621328
953,57916306.08584644
954,150391148.93466958
955,76943622.57396539
956,55971829.67157464
957,32019660.406554602
958,142683697.5657077
959,69098151.26407896
960,123966379.29227816
961,113661506.58623008
962,76025769.01122656
963,76965595.3771275
965,60839203.04005509
967,167125048.54090053
968,69880063.34719913
969,139310475.48277158
970,99387314.19618562
971,141408153.34593153
972,139946285.60466847
973,201465364.29018646
974,79326704.4724668
975,91185331.51423553
976,76011832.64713746
977,113878994.81522617
978,134716926.92059028
979,114966633.41353305
980,72824120.80545548
981,69799120.24952653
982,110463168.5111688
983,37626024.55376415
984,60882253.540035024
986,54775465.54239099
987,82608490.57516684
988,116165419.23088594
989,72395145.1377421
990,106758914.09031367
991,127528554.9331706
992,108527448.63485919
993,130857200.65862577
994,60741127.91683209
995,126614764.18347938
996,30707893.16019138
997,114935738.18284366
999,154071160.7406129
1000,267660590.96393228
1001,187684080.18291646
1002,120351331.29778102
1003,61518078.41551861
1004,203981631.14608893
1005,179647494.29938734
1006,143944521.22820988
1007,105351185.35166311
1008,126602444.31260532
1009,49112463.31707374
1010,30645564.399054665
1011,57756001.805600084
1012,324371880.52555186
1013,62146028.06149653
1014,80785265.51534136
1015,66693112.14007
1016,66284976.3464793
1017,160374073.8162118
1018,52914327.41354143
1019,80815917.81943516
1022,61929784.07442748
1024,46569345.34148734
1025,48318427.52808543
1026,99885977.37819287
1027,84882529.10264918
1028,100752234.17429319
1029,94234344.0213862
1030,152345928.23250425
1031,48834436.196480244
1032,56486911.979760155
1034,166912721.30035257
1035,192234954.01317573
1036,74870347.15106766
1037,90327760.80516468
1038,65692581.897830814
1039,55391909.11693692
1040,84218712.36921068
1042,95575883.61286122
1043,113403953.54117568
1044,329378819.788069
1046,156907912.21790543
1047,83891268.34675197
1049,100992752.21386337
1050,69060796.16036576
1051,53902766.26024311
1052,215032927.00605744
1053,105399245.72319783
1054,181912138.98685798
1055,41232547.70052776
1056,43992347.02006137
1058,169799983.10151538
1059,237893892.62378153
1060,64361306.99077417
1061,54355706.74891877
1062,113368035.42482565
1063,66481486.24619427
1064,63616886.69123032
1065,260786362.26122874
1066,129876545.879529
1067,110066286.96796474
1068,242007895.236224
1069,134016716.93435022
1071,119664588.3390334
1072,111106784.16347516
1074,63502370.5166423
1075,78902115.57692653
1076,69366624.10587595
1077,105079026.91652621
1079,256094865.14825943
1081,53281881.35166481
1082,70890130.58831424
1083,100812189.71805948
1086,91667110.96073125
1087,91361221.44567558
1088,55360926.774981976
1089,78859077.65200241
1090,170253381.45633966
1091,72584841.22706614
1092,174003336.8396018
1093,98728854.56414062
1094,104674249.80601805
1095,184381760.84885734
1096,55939194.15674159
1097,69769767.10959068
1098,39717453.25627886
1099,62168021.986272514
1100,68127755.39283635
1101,51480389.84020677
1102,66341390.77602945
1103,78111193.6690354
1104,97543831.74274264
1105,49400610.541756034
1106,66375889.35178271
1107,82975142.20523939
1109,141938768.92927426
1110,46472206.37671463
1111,91300628.26129912
1112,59049914.48061931
1114,52589558.54606642
1115,53819751.359761335
1116,70726737.37948978
1117,106475534.41722274
1118,108074734.18330315
1119,40267580.68692396
1120,97012206.83127996
1122,67599722.15972728
1123,88579584.02701774
1125,53388428.84125892
1126,77241791.65920907
1127,81411791.66908948
1128,209812990.9818565
1129,72454323.76105355
1130,155258958.94746426
1132,136676683.84811285
1133,94255852.34405379
1134,86626619.87627423
1135,156674084.4123562
1136,63754973.92579755
1137,52228463.2379805
1139,61978759.86699097
1140,185745706.4225767
1141,120402502.81549865
1143,85901453.94141448
1144,91223791.54292062
1145,40308956.4634079
1148,66883322.90094414
1149,110021775.68956852
1150,67265131.28975978
1151,162715777.83580133
1152,96320263.50993934
1153,75238050.25425394
1154,118913214.41255859
1157,135251130.8084131
1159,159250474.48178303
1160,147404951.38586095
1161,62863824.085439116
1163,44663103.28511267
1164,112244330.11172709
1165,39802204.53257605
1166,141252545.4455828
1167,105322589.73176849
1168,315944744.04167217
1169,136151188.1624391
1170,131940859.93413703
1171,377356247.0130756
1172,99308288.26396513
1174,143294512.93464395
1175,100418206.21668904
1176,184050806.02969235
1177,56046822.10118765
1178,82613931.06163937
1179,44661945.74121775
1180,57846997.16635707
1181,170302825.3982387
1182,91038114.85955794
1183,95598487.79684134
1184,184559395.8504135
1185,101298288.3186552
1186,113393720.51290935
1187,113600811.1601631
1188,102489842.6794578
1189,100188840.73800528
1190,69960589.22695291
1191,105378148.67469835
1192,109406676.03140752
1194,77860028.3711755
1195,59052885.4488982
1196,74364774.33537291
1198,62212549.19042773
1199,43694985.43812069
1200,124606026.07452781
1201,37206120.24452505
1203,405779068.9004241
1204,95361557.58002706
1205,92886334.53851768
1206,156757029.26244652
1207,171908075.27625722
1208,41868630.61924972
1209,135926329.7972693
1210,117295924.45057306
1212,145447429.3037041
1213,58877143.74076966
1214,141524832.58344042
1215,96098969.19512472
1216,40012771.0243202
1218,54769896.57913063
1219,127610240.56177816
1220,94305218.06142636
1221,147700186.16106835
1222,104353357.7288803
1223,175705880.13069606
1224,56170579.25541702
1225,180077826.63958582
1226,98234859.58920623
1227,90103136.01667903
1228,60223648.34523935
1229,65796872.10692264
1230,143309900.05592394
1231,144292111.36748916
1232,45032531.196569435
1233,77584280.18334441
1234,107624568.55132344
1235,76295720.10474293
1236,89848337.63569213
1237,57455581.02335101
1238,94847382.28240718
1239,105707082.34618601
1240,47751102.720172316
1241,89505108.95182486
1242,111294684.46715768
1243,130904481.90162909
1244,55053986.81139119
1245,100668237.45283954
1246,81664932.81832068
1247,272846070.43756795
1248,90875350.19993931
1249,165422836.22730255
1250,252605534.3474976
1251,87196268.68767475
1252,138856354.69369483
1254,111770208.90155277
1255,68116865.08630861
1256,84709530.76238883
1257,95120846.08287318
1258,71534915.7554009
1259,95605025.05067228
1260,76322012.25515005
1261,116414235.69431514
1262,64141394.006691754
1263,143586872.01622808
1264,129852140.84305818
1265,78510385.16720219
1266,166105678.54625922
1267,38376819.01889834
1268,59641080.24734829
1269,63871501.878973946
1270,72908401.75211507
1271,202502110.06994256
1273,75407022.84764618
1274,105647143.80416295
1275,83714543.89273159
1276,116208243.82695931
1277,58898640.1936342
1278,132735373.83008298
1280,179273579.3564961
1281,100439918.45346682
1282,65159857.3853849
1283,56354102.58754748
1284,45431070.83900721
1285,62345622.02431186
1286,67103360.152524665
1287,101983031.71918048
1288,169042539.15270105
1290,72766594.88708538
1291,58972766.413845435
1292,89552955.00756082
1293,127396843.0743228
1294,66534977.13982075
1295,33948630.43523975
1296,157743213.42402354
1297,58083794.69005234
1298,128287863.86741152
1299,43688568.09121442
1300,78741303.64979301
1301,80444513.31607847
1302,76374191.80923541
1304,73964110.62958385
1305,66755431.66274213
1306,133927666.16815688
1307,122172048.14922391
1309,253387906.3598957
1310,78340965.31667042
1311,219385936.99522465
1312,58611636.30264486
1315,180914262.1943858
1316,58223369.65933745
1317,260492308.97281742
1319,93580754.1667442
1320,44572537.8420772
1322,66773203.70400694
1323,118191922.147097
1324,44691358.657413594
1325,40925126.916150935
1326,143631953.93942004
1328,79592729.128088
1329,154465817.87635544
1330,75624088.2258854
1331,38060710.767470345
1332,57562519.80226891
1333,59992820.712344676
1335,56513166.67238514
1336,113521021.90880722
1337,186694200.64968473
1338,54576001.05977064
1341,98186595.05800635
1342,45011578.68351348
1343,47607616.92713368
1344,191589037.7843529
1346,52706673.17969532
1347,76310475.45926896
1348,60939967.69731323
1349,190426408.05261704
1350,96737795.75877997
1351,68858761.57332431
1353,119099007.72384676
1354,294174717.80389804
1355,226783758.96586132
1357,93322135.43656404
1358,74031492.02606662
1359,47623936.6718615
1360,84482312.27318135
1362,85559484.64514071
1363,75980671.77452955
1364,45030510.7320385
1365,114983838.26337722
1366,127714095.64483444
1367,43577760.21876254
1368,50521296.22295668
1369,167957425.9121129
1370,84841436.16397619
1371,98010754.56465715
1372,32075353.623067178
1373,61647298.49399721
1374,122309732.90909281
1375,58567537.783739045
1376,73332983.29761231
1379,113744047.0570249
1380,148675816.89305106
1381,78769777.37374155
1382,112831868.06500578
1383,67450084.28786117
1384,70098410.86155069
1385,81547143.81336594
1386,46110915.79085401
1387,200143378.07759747
1388,95678802.09872884
1390,51946798.7087143
1391,58827609.85932923
1392,68751856.98011136
1393,109799609.80409229
1395,91443369.65487674
1396,108411350.6093352
1397,143392335.8606233
1398,82804477.19306205
1399,144328073.98183683
1400,145885452.1630823
1401,247835436.53527325
1403,85083074.39150752
1404,110558431.74984306
1405,102417609.742005
1406,44106037.19473927
1407,58529200.33179988
1408,287301228.88463145
1409,87716669.22826475
1410,130906042.6390469
1411,98133795.39359646
1412,56376888.31928258
1414,143727087.37781143
1415,79682582.6797346
1416,91812422.0106236
1417,39822518.34856744
1420,52189609.054898515
1422,109562202.64452446
1423,125940919.4740811
1425,83455853.34851727
1427,182800157.6976962
1429,69814028.76312047
1431,128114413.5098847
1432,137989188.3459885
1433,127014264.48864937
1434,218589145.85709074
1436,48833780.72614674
1437,77670004.85776947
1439,236099680.59452564
1440,78540465.43505692
1441,122743362.67889743
1442,71804645.48666754
1443,81961447.21457462
1444,64174457.190763
1445,62975532.092913575
1447,159537800.54798844
1448,69558672.70979612
1449,48551694.29655073
1450,89475502.4913387
1453,107987402.23371914
1455,186504232.5279417
1456,109888429.59613146
1457,82649387.77788663
1458,63985605.93199278
1459,73239960.8279419
1460,254874813.41872504
1461,86934499.87710863
1462,58094029.81275852
1463,113132931.94968204
1464,113296653.50510485
1466,125340301.59324753
1467,64433953.704695314
1468,90237002.24954286
1469,120398374.79738113
1470,33098005.615341693
1471,57730733.94453433
1472,133141887.73212314
1473,63855380.0589793
1474,38900166.27239086
1475,72934812.4026077
1477,74452351.40662912
1479,52091774.93460138
1480,177576914.63616148
1481,76342507.35745528
1482,89222728.44903263
1483,76740576.73379242
1485,126951224.96378079
1486,100191207.98056155
1487,62642907.87156475
1488,73589536.81011844
1489,313803151.9653442
1490,214044333.1938222
1491,55749262.617790386
1492,182599499.98558217
1493,53716786.24553181
1494,228310345.26587206
1495,157800081.73537415
1496,85557335.66610178
1497,101836510.90514214
1498,117289526.76315351
1499,108281235.2936024
1500,78138773.324391
1501,144171924.7777196
1502,68798142.12391636
1504,65352271.83959409
1505,146203909.66271353
1506,91457318.56177199
1507,51860983.267209366
1508,76386601.88984118
1509,124673042.15385973
1510,135057378.0313194
1511,65796336.87309745
1516,108225232.48007455
1517,123528067.30656631
1518,26846904.032412738
1519,94490552.09483764
1520,150980246.00167218
1521,186965872.55036998
1522,69512922.09662673
1523,59968112.64188007
1524,118366242.43902454
1525,134233337.3545648
1526,47284679.23380625
1527,111034972.09967849
1528,61632464.05679301
1530,77083961.77956004
1531,168670088.69131473
1532,61416302.66854265
1534,62151320.197834685
1535,196807272.23616827
1537,103483159.41286778
1539,65808985.66873849
1540,91224450.18867683
1541,78576853.88712534
1542,133425893.23831925
1543,89398150.43900618
1544,127769746.15027682
1545,63390617.42635133
1547,58779668.93571554
1548,62949740.16047381
1549,112736378.74057907
1550,130283010.31129622
1551,209275166.62963253
1553,88607982.60390796
1555,77383713.41151345
1556,131036522.48057143
1558,81371485.32473859
1559,61215987.465321556
1560,89126507.32576996
1561,57840749.67755167
1562,41499902.72333495
1563,117814613.28760773
1564,73061012.81470583
1565,42043195.03226175
1567,53374992.29097844
1568,87349914.1335039
1569,83441946.4334828
1570,98422933.3767099
1571,70127667.91260287
1572,53267869.02986201
1574,85024742.35605493
1575,81547921.946925
1576,121318580.56493044
1577,42721977.32912077
1579,63276053.901789375
1580,72320642.47757469
1582,66692662.56094237
1584,82099207.07687572
1585,68718629.41886634
1587,139077603.3076141
1589,52910885.40588485
1590,53752799.4279067
1591,37344248.712272294
1592,124162052.67105821
1593,63175626.122647166
1594,108675558.74145538
1595,106807687.80726214
1596,133069113.56653312
1598,141008663.58892542
1599,52879983.56151102
1600,53744321.58615425
1601,72066916.52258591
1602,76487130.78174782
1603,138026596.9712576
1604,112679921.22967565
1605,71774208.08272097
1606,87507488.12276614
1607,226864854.74363726
1608,120762153.13738629
1609,81289067.59363705
1610,123979074.59292606
1611,97738660.99694222
1612,55314091.8482064
1613,54078107.626823686
1614,202315226.43037945
1615,68736943.09539081
1616,76531060.64393441
1617,103909010.08431153
1618,184612693.82132307
1619,110888143.86790407
1620,79156616.33243302
1621,66618562.37297928
1622,125374398.72627549
1623,124957259.64389734
1624,78055179.05498382
1625,115769947.09280524
1626,66080898.61393089
1627,113153232.91146001
1628,154223677.14366922
1629,83824454.82425854
1630,117415836.64134967
1632,62101718.62447969
1633,119726852.53472313
1634,151963287.93399173
1635,123586954.08464392
1636,148512091.89098638
1637,84360224.00917396
1638,60569961.428895265
1639,102936889.33179301
1640,62992158.39875758
1641,72338200.15474544
1642,231360748.61023867
1643,101125569.31990637
1645,90866771.39841081
1646,88352910.88596901
1647,73093775.10466784
1649,126383607.35166408
1650,59655118.379217476
1651,77942875.24727015
1652,87510371.79533872
1653,73011016.8967886
1654,68887457.0722535
1655,80299999.96383628
1659,82643397.16416101
1660,56003548.13941339
1661,62947789.305204965
1662,57000800.02687893
1663,59240257.36914469
1664,47901318.74179867
1665,92956841.26839514
1667,82079604.26606634
1668,174629891.7544425
1671,76615038.71403259
1673,56226940.686836064
1674,169583413.50595883
1675,183607708.92425796
1677,61900649.95010181
1678,46007688.87055623
1680,89693263.67168237
1681,232420739.88362873
1682,211890962.66393638
1683,104220718.38074504
1684,68605860.90876171
1686,122988806.495332
1687,82977175.02916673
1688,152459273.7555309
1689,82322028.1506965
1690,77924673.4744511
1691,183124336.4794422
1692,83946351.21117511
1693,111304029.17521301
1694,143224477.92076978
1696,113738222.6066468
1697,55116278.35677624
1698,114542743.68827914
1699,180681149.3540481
1701,37934455.38288815
1702,183418282.4725675
1703,69218103.0165944
1704,126419985.12568615
1705,59144166.5379755
1706,218461851.84596002
1707,98918674.5714441
1709,122193202.74594183
1710,107389169.35356694
1711,94420025.89196488
1712,215655120.17286137
1713,324456869.5938133
1714,211795838.6244665
1715,81698887.8288161
1716,72182994.071802
1717,147452683.29733443
1718,125948253.79808861
1719,89995886.80480355
1720,181791252.1917996
1721,134960607.65044838
1723,102012857.56635727
1724,83933424.08965018
1725,257956328.3676731
1726,173526921.1096901
1727,145074141.03860942
1728,203968894.0666666
1729,72981304.96443312
1730,293892571.8371964
1731,131683096.44810393
1732,161542549.69122022
1733,126211213.24984641
1734,135727098.91220933
1735,111729910.14381479
1736,69361284.2551468
1738,58146021.20392582
1739,64352136.71411584
1740,51086168.37649635
1741,129491128.2261123
1744,137839668.84358552
1746,51747935.17428004
1747,160996668.63009948
1748,117852804.52338223
1749,80427513.63608092
1750,135452611.01041767
1751,39792825.85465635
1753,80169452.23379074
1754,133882775.52997667
1755,161604086.51150605
1756,119592064.21431741
1757,86470286.00516453
1758,65352101.64812466
1759,50588605.74323541
1760,74677267.62689215
1761,219968149.79995733
1762,118332863.43930112
1763,67724845.70733868
1765,74534127.94449273
1766,129287204.58325645
1767,338293589.05812687
1768,127974975.64951408
1769,123009702.99687886
1770,115895629.28842156
1771,35562676.63654492
1772,85953251.44050243
1773,176116360.8396042
1774,70031632.13611603
1775,57179679.18807232
1776,118011640.9710764
1777,196054431.0726277
1778,173662895.4724713
1780,35019803.47942477
1782,139817209.56315643
1783,60111156.85844376
1784,119227690.24495311
1785,134732419.48430774
1786,119907744.58796875
1788,242919058.19353083
1789,108312127.38146524
1790,63379332.72026044
1791,63796207.161754124
1792,120717283.41500962
1793,172290066.75050646
1794,352216994.8843609
1795,92111086.24172053
1796,110409902.6913764
1798,87299454.97071795
1799,65917776.59754053
1800,180462619.48417804
1801,108326147.59959035
1802,92106295.04581991
1803,125643250.64699948
1804,96157786.76699364
1805,85703500.35461742
1806,114767344.77457051
1807,58246880.379930794
1809,107816582.8378512
1810,285009388.23593915
1812,195675163.37878376
1814,58705845.52201338
1815,59371519.935230955
1817,52883344.487812705
1818,90648979.49630022
1819,53020141.77851425
1820,92304891.5404798
1821,77447410.05912425
1824,53247728.411297634
1826,116498698.19183485
1827,71932657.18394196
1828,177290517.8165408
1829,109560726.52961728
1830,35675502.03989071
1831,40407988.09126917
1832,49915969.82262981
1833,168369222.00134796
1834,45202894.67295843
1835,56168756.3516465
1837,54736830.32614878
1838,257321765.99017027
1839,54986036.74802302
1840,155263275.41966087
1841,118825595.0634523
1842,61939967.84580375
1843,107885780.4605309
1844,224772241.45302233
1845,144037494.18184364
1846,62522361.32759075
1847,43373904.44730338
1848,77044676.46156444
1849,66497354.72739223
1850,91686044.54406343
1851,57191319.895171836
1853,77732690.65327814
1854,53907967.39425724
1855,49728435.43453535
1856,158722630.09070534
1858,62828465.99047869
1859,318531201.26562023
1860,122724065.6401505
1861,100658127.59994532
1862,111767841.77864929
1863,36826472.26884733
1864,63841704.97569419
1865,201955854.45797423
1867,118849125.68538556
1868,271531853.0732506
1869,65021803.25303844
1870,106880708.25117241
1871,73621762.14657672
1872,40201251.123777226
1873,91750924.61222905
1874,37983198.48589339
1876,68392468.71029043
1877,289741573.1992913
1878,88195686.18382604
1879,55467878.4774822
1880,65634211.95391078
1881,98732345.60287985
1882,92881238.59376583
1883,64097236.27261098
1884,84852732.12747972
1885,96481151.72420491
1886,156912797.4994188
1891,117235469.61198275
1892,79499358.71469474
1893,106268953.29377842
1894,60103362.09843671
1896,67737200.38357729
1898,101460158.43423261
1900,63641867.25725116
1902,127244495.13466313
1903,45817772.657115206
1904,225071246.26595122
1905,137907072.7922472
1906,95497224.27953334
1907,108194265.85923862
1908,70747381.06729363
1909,113667584.96050058
1910,40085942.32818801
1911,78165807.98777345
1912,136949920.69557238
1913,102599126.72175358
1915,101768452.04782957
1916,34126746.4244487
1917,96031776.50926745
1918,124043876.50772135
1919,102333662.01903722
1920,78792032.32526809
1921,233937995.22097465
1923,56362960.439100176
1925,49545700.29696507
1926,100637939.24635953
1927,122708894.06212667
1928,52771671.09288529
1929,60220226.13328512
1930,120313048.36817136
1931,150673652.56952316
1932,71438143.22126067
1933,129931668.33295387
1934,205647840.90658915
1935,112111544.19120488
1936,45327227.76260178
1937,148278409.267267
1938,324713414.3932705
1939,111196533.98249747
1940,71040575.63084012
1942,79578339.24127057
1943,142851112.0215873
1944,97014110.76552562
1945,289937729.57622814
1946,139433290.3185038
1947,41059908.65012968
1949,73396111.3579838
1950,79066378.13904448
1951,102461294.25730197
1953,110901407.12985091
1955,145268439.8068524
1956,100891632.07584159
1957,30719231.61905771
1958,143876578.17120743
1959,49403293.09332213
1961,59888777.39244238
1962,52037068.126912475
1964,69205560.10546911
1965,342787103.8872989
1966,90998558.06433453
1967,132846615.70446828
1968,205298877.69910103
1969,108229392.53707865
1970,76956191.86899489
1972,108364789.54459736
1973,59469585.61008167
1974,96417444.69443926
1975,134141942.35297853
1976,65524314.94830267
1977,95667583.82891288
1978,66841369.573862836
1979,128660597.44283223
1980,129170209.99220079
1981,143160695.15355772
1982,104376577.36630246
1984,89619082.66742118
1985,95063993.80236241
1986,132848983.38321868
1987,258335028.23090655
1989,111533840.95661147
1990,290250511.6605342
1992,52025939.594698526
1994,50689057.962435775
1995,116388095.72891971
1996,40066647.93707996
1997,80719982.30601576
1998,196980904.93230197
1999,110654628.21070383
2000,66581626.26983872
2001,41930469.14363714
2003,83614151.5057193
2005,99400763.20764606
2006,123446727.94346766
2007,76536665.10514474
2008,147241400.56646407
2009,162591647.71267015
2010,261083912.83335575
2011,43742668.751863375
2012,53497489.62872466
2013,78901299.92533214
2014,117532516.21409869
2015,122167340.23965621
2016,96149674.78548178
2017,148724704.5277625
2018,84663901.1264703
2019,116725608.21981047
2020,95612579.55759853
2021,67345406.89526865
2022,129746961.01486734
2023,116542422.88309444
2024,52622138.16720179
2025,122405515.32166494
2026,105783001.32431547
2027,131342990.10510266
2028,234003638.87706652
2029,108990287.71934743
2030,53150634.38787537
2031,71289905.25340056
2032,195418116.78470433
2034,75879030.64426205
2035,70433301.27860427
2036,99376723.60658865
2038,85107727.88595288
2039,59035027.945399284
2040,154302685.92274904
2041,82512189.71526153
2043,89736770.83278647
2044,112079143.62819247
2046,74726387.57430673
2047,148715645.9820158
2048,80705617.64437105
2051,45229502.31504273
2052,121718497.11690558
2053,63033771.19437219
2054,76894944.88777582
2055,89108304.83830011
2056,251394156.65193623
2057,68184074.8679825
2058,377861668.7821394
2059,117473130.49776465
2060,72751937.20493267
2061,130708687.0995203
2062,117817387.73727204
2063,99659310.62286437
2064,316349318.6393813
2065,65896144.14676699
2066,63350041.465586565
2067,102634492.02884373
2068,90966342.79189143
2069,95827127.47614044
2070,86146776.40183654
2071,81423063.9991284
2072,93643805.95977533
2074,179125498.77098212
2075,210996947.27107674
2076,97315787.08361766
2077,258139301.49403256
2078,195926824.72672102
2079,36841118.71236101
2080,147722299.8230623
2081,93604558.81086291
2082,87252310.3309036
2083,63708405.598353006
2084,151973236.75630602
2085,63024372.47489171
2086,54806541.67626344
2087,88373061.91212593
2088,281268659.7241828
2089,92501513.06714702
2090,39579898.02680017
2092,94538852.27674636
2093,61349471.765416116
2095,66379635.53956313
2096,122114323.40127808
2097,50823542.887867875
2098,35740128.3347062
2099,105550324.49339983
2100,98465354.5289925
2102,129117745.60780402
2103,80610491.13448665
2105,91395685.03076817
2107,145570394.69917208
2108,62824648.35194564
2109,78999327.92851005
2112,54548871.497522935
2113,54560581.89318587
2114,75834405.07286501
2115,58943680.487388775
2116,46123186.35608491
2117,87559877.9798356
2119,150709371.2960083
2120,172048147.49634176
2121,63716263.81242498
2122,158329854.46388248
2123,192619734.25622246
2124,193627184.90625137
2125,82694654.64033113
2127,191531915.76193386
2128,114191951.35734735
2130,90168924.241104
2131,75982352.68361112
2132,134801314.67788023
2133,68133509.98182926
2134,218671007.96075392
2135,178250486.3817448
2136,122681391.10210332
2137,112777550.47007763
2138,94632156.78422256
2139,84957599.51989228
2140,73421446.9984848
2141,44003734.15447406
2142,175510035.15465608
2143,113877744.89757785
2144,99021131.64574406
2146,47196808.51956913
2147,52496672.274892144
2148,209480471.2964293
2149,94693198.14917067
2151,81565838.4490835
2152,72852531.79134566
2153,69075121.26183394
2154,121355544.56248675
2155,116323598.63873546
2156,78475903.09836623
2157,252110364.4494232
2158,96022699.83961838
2159,80280691.0209766
2160,112482644.5136477
2161,54553476.620317675
2162,59192317.55226348
2163,86154426.80905434
2164,62526268.52222572
2166,98641944.65604588
2167,79585192.52654216
2168,119152667.1027594
2169,70767365.28133032
2171,44315344.386311695
2173,90464077.24233449
2174,94111679.88084036
2175,75651241.84724633
2176,159747421.99339235
2177,50976468.122660294
2179,106702957.85263044
2180,71457138.06317005
2181,92299116.60883522
2182,88585042.74421644
2183,134598062.2128068
2184,76484577.5386804
2185,137526071.95104265
2186,54733126.37701152
2188,66104939.15635048
2189,74233614.8215355
2191,115041542.52192459
2192,184802200.2945917
2194,72694848.99756801
2195,93492891.53005894
2197,164292887.35515407
2198,263786711.15085977
2199,172259778.85927683
2201,66264762.73096709
2202,102728840.95332366
2203,80608170.81235558
2205,65754634.12604813
2206,136385868.71149337
2207,72089694.58823687
2208,57982338.33437309
2209,65734581.84770646
2210,134963835.36309832
2211,260643658.0403385
2212,338286691.0720055
2213,101430288.93479002
2214,85582573.79447101
2215,292500918.3067262
2216,323580257.65533787
2217,221314194.90482464
2218,56496963.26087019
2219,95057458.58588767
2220,39060573.18588923
2221,74542627.73379913
2222,66225406.25719617
2223,165181606.8109938
2224,149402072.75565547
2225,88854638.72777313
2226,53178163.37636298
2227,44696186.543503165
2229,61813667.88922702
2230,101234275.41304089
2231,79823562.52194609
2232,71484876.87733579
2233,231737521.46571392
2234,162085680.22828597
2235,223133487.14589605
2236,118529916.33440527
2237,72575444.35745177
2238,68672302.11559045
2240,95009905.04537934
2241,96252812.8270696
2242,87301632.87355646
2243,146944131.92051682
2244,50249483.3896943
2245,148326750.2719646
2247,160195750.42051932
2248,70652938.9664184
2249,86215144.18871497
2250,113210599.76609784
2251,101138156.8045279
2252,64982654.3385541
2253,54359446.26531781
2254,71889349.64556073
2255,58018226.44676845
2256,71008560.38293117
2257,109030993.68065313
2259,105981017.87168036
2260,211024730.3754537
2261,66369361.90574607
2262,100013140.03809425
2264,39184125.92918258
2265,71485586.86920926
2266,192468728.2365926
2267,122455503.15020415
2268,70869291.60014707
2269,146697050.0126417
2270,122827150.45060012
2272,56380045.60698714
2273,112636756.40104511
2274,96089680.91670643
2276,76716108.78555107
2277,66178908.54700366
2278,88892004.62728824
2280,65955285.89047238
2282,83083162.93021704
2283,103111579.24445143
2284,166176919.01843914
2285,66279475.86731125
2286,156712938.88295364
2288,151520024.5352074
2289,143310067.37957454
2290,186737578.49831438
2291,124675599.1477342
2292,52077768.65614538
2293,67552359.6902001
2294,56980535.26962125
2295,63489183.24267067
2298,242502439.84918547
2299,31312891.398614306
2300,64661713.753144
2302,67571347.6778906
2303,67700863.69061829
2304,208646682.34370637
2305,226736055.59263158
2307,52463727.252644256
2308,158047004.8137002
2309,207733646.89804977
2310,69931246.90643667
2311,57525274.8623796
2313,87055983.63611782
2314,72041229.31754227
2315,113806784.90811232
2316,104553739.25473025
2317,54394212.99044159
2318,103846074.87622492
2319,63421690.83930052
2320,93445358.20520149
2321,144057746.43716344
2323,114472060.90863156
2324,68192114.94309732
2325,73089535.89195098
2326,95553525.34000418
2327,66477917.56521465
2328,56742371.12837028
2329,54025041.12811224
2330,59666527.03656119
2331,310814609.460527
2334,114539421.88529924
2335,48244888.04358974
2338,105125551.26555742
2339,52924157.80735276
2340,200235366.3383677
2341,56336926.66041885
2343,72941875.71550511
2344,50878525.538750075
2345,138779910.9446466
2346,71899122.89184898
2347,251606607.38265675
2349,76686598.50738141
2350,85730232.67884503
2351,56562340.38027151
2352,53208679.92026327
2353,45986447.26834616
2354,72496452.17069234
2355,196938654.3041282
2356,102218134.14342526
2357,130804092.37313887
2358,107149185.15494405
2359,83059800.34723647
2360,61284012.03516559
2361,286776693.44153386
2362,206808535.64845416
2363,51098018.367488846
2364,93778015.71036701
2365,38462231.419120036
2366,105804158.1933636
2367,51435767.67594436
2368,56844074.07797316
2369,80936551.06203337
2370,89578036.06402896
2371,60634612.415911525
2373,53766208.77122766
2374,91329178.05303831
2375,69911114.85819487
2376,190622746.7318916
2377,104561442.82882181
2379,78594147.76757926
2380,244297993.7107913
2381,132507140.81276311
2382,120614648.78816792
2383,84930524.91723475
2384,167310186.41529572
2385,118503468.65206909
2386,90932492.9663023
2387,93433152.90506908
2389,71618089.85763845
2390,75172823.08407357
2391,108483073.39857078
2392,115135331.53964025
2393,89238290.74928257
2394,78622207.6899303
2395,66130223.1231586
2396,72031459.22337933
2397,51258423.51539755
2398,70728091.07370974
2399,149254463.30694628
2400,101155503.82852069
2402,107914262.76931259
2403,87582389.75660016
2404,86764698.85393181
2405,88494831.99447808
2406,225603790.76919758
2408,99002456.26885307
2409,46590628.653089
2410,172358667.8635813
2411,77531481.6475184
2412,216191828.55340153
2415,102468953.31350552
2416,70691216.55788308
2417,93663903.16512443
2419,37193128.93553469
2421,108042339.05475442
2423,99400817.9622365
2424,172780841.82339656
2425,78233357.56078872
2426,71465173.36738414
2429,47158603.696784444
2430,199703568.554636
2431,166286656.10087216
2432,48375744.0695953
2433,87638726.27840303
2434,111020157.82412176
2435,70453850.90366454
2436,100357182.80016127
2437,64153758.55650932
2438,69015558.64838538
2439,65840443.31083557
2440,74348482.45181116
2441,62749455.80521365
2442,42868557.722712144
2443,149137859.49091792
2444,127311090.14816934
2445,182757256.9744891
2446,126794592.36079824
2447,93643263.59041682
2448,184455253.33325404
2449,70409738.10035995
2451,156893274.766461
2453,56262287.42159758
2454,117317700.13167182
2455,63656441.41608238
2456,96959799.8224192
2457,40472281.57948422
2458,69954142.94515863
2459,88276094.74303705
2460,95504566.51433863
2461,94048790.20007408
2462,55830632.46537379
2463,99710498.52355576
2465,65600505.46403839
2466,54484606.236282185
2467,70435046.10297188
2468,115951467.204072
2469,71596469.6223934
2470,54057368.18085023
2471,107549071.5611152
2472,72423760.03321317
2473,63115001.77491546
2474,99590704.79875895
2475,123128356.34356643
2476,93930603.10890639
2477,183700611.36682248
2479,118374706.83749561
2480,89378139.07896556
2481,71732292.14336175
2482,65219676.4481328
2483,90960618.53716609
2484,69568747.06055948
2485,89487401.52452493
2486,62956575.577133566
2487,50928143.39030476
2488,194205901.22041896
2489,40229347.50615512
2490,56328997.44943671
2491,100877261.91221541
2492,112897316.82241192
2494,107656085.59196046
2495,70183028.30671728
2496,69231941.02017386
2498,184171241.72739556
2499,73428826.65374054
2500,89973672.79365471
2502,57733183.47792891
2503,73693281.06918235
2504,221053463.7584371
2505,184372478.72631025
2507,199963027.04429597
2508,91363998.37864822
2509,91438721.42115556
2510,99196295.73844868
2511,80841232.79407668
2513,142543574.10834587
2515,69479092.51725367
2516,216438847.26274806
2517,108432986.5197649
2518,61781069.99614158
2519,97064217.27086863
2520,240612694.24513078
2521,100554267.49093452
2522,162492816.68722618
2523,66991404.142238766
2526,101111105.60432434
2527,112561988.74082805
2528,181599573.89630163
2529,92172383.4567542
2530,72202516.86837962
2531,106049144.64648308
2533,177468857.4622339
2534,60946722.50080731
2535,110769768.61930108
2537,100541249.51909855
2538,89305820.20332897
2539,32941417.277624507
2540,111913153.6883009
2541,45543955.85958056
2542,155193923.47069508
2543,63472088.46456007
2544,134874856.115698
2545,60959388.98391512
2546,77083966.2345745
2547,59017857.83196709
2548,149846652.30276716
2550,73156020.1913107
2551,69837031.05218107
2552,77028521.95408106
2553,67805286.03242214
2554,238271255.96754348
2555,55456615.32424213
2556,125344422.71348113
2558,62679828.60446927
2560,104346598.44799453
2561,57524014.272210196
2562,253750662.38681373
2563,43848664.43721321
2564,94261949.2114842
2565,58928271.80006965
2566,124053642.06694752
2567,78862869.00527683
2568,34150356.87191825
2569,171598160.28935933
2570,213434942.93303615
2571,145063353.59077346
2572,88872824.15460797
2574,85082707.25279936
2575,31059450.30336144
2576,44602469.96102165
2577,51976076.32889368
2578,38924323.259888224
2579,212847166.9936831
2581,72236458.96631064
2582,171188718.20812288
2583,143880454.76705056
2584,85106969.78716198
2585,65597527.42031261
2586,83904249.4083715
2588,95546532.82061873
2589,149732835.25010908
2591,93499321.74485101
2592,113736879.92780447
2594,38550407.01743342
2596,152049439.6481069
2597,70487746.06527458
2598,105750811.54821184
2599,104804512.2967466
2600,106263916.04071772
2601,136164579.4923835
2602,108911072.26843046
2603,85162800.51528145
2605,74059259.66669382
2608,67116770.80438477
2609,68842801.47150645
2611,95925466.37503316
2612,149386738.3021077
2613,89549938.64259945
2614,127917626.69241324
2615,41045042.2632412
2616,98698675.51442797
2617,68356202.48713441
2618,68142812.59535447
2619,101544234.18209521
2620,58325233.97858651
2621,60304076.76189185
2622,78749081.50026885
2623,92431601.08592497
2624,69972137.99841937
2625,118954418.05065453
2626,144959495.75741407
2627,59262561.83566842
2628,97940686.65357925
2629,173313867.41790217
2631,47277273.58864608
2632,91317259.67189935
2633,157283695.60934076
2634,38853406.50506477
2635,105347739.64692035
2637,100993777.67411149
2638,130971484.69923176
2639,212772688.94639012
2640,31572830.267816972
2641,65678182.458094455
2644,149038133.5315981
2645,98385393.89032134
2646,93553931.64652173
2648,109632512.1257731
2649,107970825.56829807
2650,84543819.34123182
2652,137124929.71262074
2654,173051431.77581
2655,78035081.0572885
2656,106986954.64421207
2657,96178126.5340188
2658,35544520.09691436
2659,106102205.61811379
2660,86141671.19187328
2661,82065853.00363286
2664,78333476.53523594
2665,79893900.43322496
2666,50372530.10520901
2667,48967107.50571455
2668,132849669.38552299
2669,123409012.7196154
2670,77037489.54229681
2672,78984716.4842866
2673,60794866.47624673
2674,99497659.28363442
2675,93481957.19674961
2676,116089839.38686365
2677,104192222.55880487
2679,72076215.1266495
2680,319469760.31742835
2681,50958544.87239214
2682,197463356.90290838
2683,65082046.99012906
2684,55930217.288151376
2685,71425972.06321968
2686,52462939.17481096
2689,51499297.05463942
2691,179094154.01251736
2692,95220198.96545948
2694,47209590.0698882
2695,78089915.57962042
2696,72699402.97643702
2697,59561051.835858
2698,98794571.93142256
2699,88672034.5788292
2700,63482183.72392213
2701,73821479.91939896
2705,73977387.31770834
2706,57521248.09831862
2707,44182538.33862412
2708,54341265.68710387
2709,117381439.06056356
2711,91106951.02808921
2712,97711219.19647363
2713,64158324.4383861
2715,90357591.32604285
2716,30646657.180044875
2717,110896640.55983816
2718,120404111.5840758
2719,67971932.87754726
2720,66680218.75355524
2721,125210438.06976224
2722,110901953.82069162
2723,65821947.12232583
2724,54732364.73345685
2725,82701606.1747355
2727,79513603.06491993
2728,363705507.62144446
2729,98457650.00685824
2730,52298109.76274327
2731,94065175.5776317
2732,35714590.782772556
2734,179691126.65051544
2735,99082011.45298332
2736,60958219.647554725
2737,89546934.7391824
2738,144670982.32743666
2739,156185600.35202444
2740,73768672.73657201
2741,190850440.885821
2742,65659995.55367318
2744,174426932.35723275
2745,181153411.02084455
2746,75348601.47195488
2747,92449607.96080087
2748,101007546.86652598
2749,287493301.8646787
2751,91762070.69886649
2752,233667355.1349907
2753,57110896.61722836
2755,52198700.16366775
2756,80487442.87813643
2757,259120313.78535822
2758,108273907.53164683
2759,38491612.67568083
2760,141869770.50045255
2761,130923828.55919333
2762,71687608.57734568
2764,397924584.78073674
2766,63519949.350124575
2768,127530826.76076613
2769,52910904.60876812
2770,237467453.55541956
2771,68956293.97481826
2772,47359991.614045106
2773,72296849.68909854
2774,123765980.03537257
2775,133195966.5035527
2776,98124929.71904704
2777,156832821.05333015
2778,134220830.11649328
2780,99515593.7422303
2781,71822164.87112582
2782,88110419.25552166
2783,101007013.8375105
2784,59519502.03211972
2786,86585468.39633535
2787,78138377.97711098
2788,94298842.75429603
2789,108174277.15554988
2790,51120250.289262295
2791,60813136.51112656
2792,184894581.87299228
2793,138971168.63752466
2794,64935849.99089511
2795,71551250.668757
2796,85943459.40357918
2797,131250317.85711393
2798,79129685.73365985
2799,97496485.0636557
2800,54199844.87660876
2801,228342739.22869432
2802,56972052.39248806
2803,81326911.47261204
2804,92994363.34706593
2805,64215798.44872301
2806,75548820.58950607
2807,77015295.08959235
2809,120203137.96488467
2810,50581273.78209714
2812,92901033.77053252
2813,94627394.16319525
2814,66203398.5940542
2815,109355653.447784
2816,147959657.2241871
2817,88949917.66241574
2819,45038553.42235423
2820,54368662.69479197
2821,55567321.94000864
2822,72335481.3985287
2823,159480295.18691027
2824,141358496.4116974
2826,78170123.26057863
2827,101346643.35853012
2828,66882415.24779994
2829,91893074.94940399
2830,155462342.2724024
2831,70463539.5535994
2832,54413650.9715167
2833,188613330.79192287
2834,64872589.261767656
2835,139786940.23825127
2836,106172818.51292472
2837,72376713.4067831
2838,194989825.92767626
2839,112310658.96680768
2840,55614246.02923008
2841,133307278.87008882
2842,82231617.26384994
2843,164342513.8868208
2844,66900735.46099334
2845,55058231.759258226
2847,73085625.03641334
2848,101748766.71765904
2849,74008100.9501544
2850,34772894.85340229
2851,72834856.6299069
2852,166657167.88256794
2853,33674049.319488056
2854,57476092.70498945
2856,76818382.53752343
2857,141389949.735841
2858,94570351.75588289
2859,115446663.7464973
2860,124192876.26791522
2861,77818104.79858355
2862,45424619.01083751
2863,86199235.21172337
2864,65314960.050134405
2865,85522304.03662562
2866,81914325.15876731
2868,85833114.0113035
2869,89661606.71605514
2871,93758467.29303107
2872,232465936.685391
2873,371043962.24946207
2875,210091062.57371977
2876,70447395.95053539
2877,356293278.7217834
2878,161511901.70945835
2879,46893420.38363316
2880,78636730.44414115
2881,94552249.34021287
2882,76777794.50210862
2883,85642400.0652502
2884,76970337.45772113
2885,74807594.25240603
2886,72555734.82964614
2887,170066444.13812047
2888,108099602.31988436
2889,181821779.5601512
2891,69448819.74098222
2893,102824048.07201445
2894,63174753.60030036
2897,97334056.16989763
2898,142775801.4929095
2899,46366308.38186636
2900,93831843.76015043
2901,98111636.30793189
2902,121206425.09311709
2903,64550816.39280041
2904,100837380.76941702
2905,83309044.89380747
2906,43464164.960501365
2907,64082960.48340835
2908,157451429.72727072
2909,80174728.1822964
2910,186397687.2275681
2911,125048088.76008426
2912,83668951.25902471
2913,56355637.807227075
2914,63923518.85795868
2915,196136990.75883174
2916,322029342.1536265
2917,190721921.68001056
2919,57582452.1716562
2920,134642951.9582288
2921,66447768.43832605
2922,134060765.86260173
2923,147897401.92803705
2924,78771120.25762117
2925,154385910.76547498
2926,62067679.63399607
2927,58100908.614287496
2928,85784291.1786743
2930,64274165.779617086
2933,83852732.99911389
2934,45324236.51665649
2935,127015147.75512463
2937,83141188.65369982
2938,71480724.34705472
2939,122952417.42261851
2940,141531835.31090713
2941,136862356.4985917
2942,82534831.32157482
2943,80377023.4653596
2944,46503317.56148189
2945,85342932.87115163
2946,76817792.43275952
2947,67064336.85650025
2948,85149262.15775317
2949,91013179.53796199
2950,65269710.211849935
2951,69157788.87812214
2952,127806489.5927419
2953,98857205.58483997
2955,278401206.77481
2956,105560149.36236122
2957,126958243.89005838
2959,316852347.69022274
2960,100357733.73106611
2961,141250366.74058157
2962,55477209.732425004
2964,118056177.33312716
2965,107094757.20593783
2966,53536826.99533957
2967,101501598.49172369
2968,126449219.16368039
2969,148139355.26628858
2970,93155258.46199474
2971,142253319.77673987
2972,133847817.38495925
2973,114773345.2230978
2974,89201259.94131148
2975,71793621.98797613
2977,121983029.4869379
2978,86560366.2558746
2979,287184638.77939904
2980,76314425.94147024
2981,90142822.34120822
2982,95021579.61132437
2983,72450558.07323423
2984,233267288.647814
2985,132516942.97927804
2986,191887495.97647095
2987,79516309.97480544
2989,69745494.30942637
2991,117580806.27213389
2992,60302747.751872525
2993,132926382.41810717
2994,82213435.98851717
2995,49855366.88218054
2996,107311033.35219438
2997,113804707.47287655
2998,64240503.58139115
2999,159923790.5406543
3000,130241324.63852659
3001,190934078.16293874
3002,71648049.894839
3004,74530462.50219437
3006,39589663.90613821
3007,100262566.83990078
3008,107157851.86848539
3009,54876507.75683411
3010,59066870.608888924
3011,59503845.83864379
3013,226296362.21163177
3014,64848652.58194309
3016,100562681.33860217
3017,39439789.87914041
3018,84905532.16400415
3019,54970516.223227516
3020,66588288.44722533
3021,106976866.38410518
3024,129313596.20455727
3025,90017728.5317454
3026,91923362.3584
3027,92984654.64851475
3028,53594502.73110309
3031,201928505.2944502
3032,245830462.25128496
3033,84308057.8336807
3035,60074738.28963664
3036,88372695.6861169
3038,77857952.52599874
3039,63802895.775933005
3040,135434062.7742688
3041,72647057.77357863
3042,48405771.528836414
3043,69212051.9856777
3045,184309572.81076843
3046,46745371.93076433
3047,62058392.43702031
3048,72171508.40742841
3050,96719330.18129808
3051,288475035.4090277
3052,28003248.13351447
3053,95741341.68249826
3054,127923510.00421494
3055,179250467.09102535
3056,73543560.66164535
3057,94760788.45093632
3058,76912573.21156776
3060,145264211.83974484
3061,134482343.15730587
3062,63489850.87147029
3063,48200098.68670797
3064,225106638.25643992
3065,50462332.967253625
3066,86544966.85261211
3067,285653685.3948689
3068,235859778.3018519
3069,91854554.21651357
3070,103710138.10940768
3071,205475246.56009644
3074,106759662.8171387
3075,76330941.28619161
3076,102485687.6405579
3077,82143780.5700441
3078,47691071.0855948
3079,50126144.164395265
3080,107492090.20933332
3081,60314104.05330209
3082,50718112.655594796
3083,112045933.5477179
3084,70833567.89022948
3085,64361526.56521739
3086,83653939.40827297
3087,93344824.90217611
3088,140716983.78752908
3089,122480852.25238101
3090,164346319.8284163
3091,85524366.07686362
3092,77222703.79833709
3093,110513853.35193415
3094,112828365.41823769
3095,103182148.25255741
3096,161272783.64816672
3097,76188351.56279774
3098,85722114.65173946
3099,73424385.55913335
3100,122880998.20123354
3101,150894263.67262602
3102,146494526.50538164
3104,131626020.30125302
3106,44856490.13697447
3108,65115167.101539075
3109,45558328.47695524
3110,139605228.69548333
3111,129209004.0354542
3112,233019055.69025502
3113,125312214.2917727
3114,73018770.32164963
3115,66343131.2086831
3116,72256463.35496199
3117,228953638.6393678
3118,70166177.07224505
3119,79195357.86648759
3121,62063635.03824529
3122,194614867.5906117
3123,56154858.331667565
3124,107474778.89207257
3125,49993144.808467686
3126,64591226.267875925
3127,266460041.32662642
3128,124674164.46612042
3129,68839171.61507978
3130,63313812.91864923
3131,102833454.7102364
3132,58861761.09601555
3133,83996732.69666159
3134,44531918.34831102
3135,95793119.29936488
3136,99968856.18883504
3137,197995147.971569
3138,109885405.30874348
3139,140068296.33277032
3140,65634849.792554535
3141,129451252.94691876
3142,78225325.12366922
3143,40817657.48475988
3144,165755973.98260885
3145,91117180.66547948
3146,85645174.87528406
3147,48537530.45753677
3148,101987084.4858442
3149,72282594.82716222
3150,59000665.12502251
3151,85885717.74895957
3152,55501564.081201985
3154,52310732.43934081
3155,64275964.57093772
3156,78634462.37460062
3158,79249413.60593435
3159,134414195.92741472
3160,112347520.4136327
3161,200188979.96884462
3162,114574401.72443846
3163,89418148.57100864
3164,140246102.88644478
3165,72539274.2452191
3166,69977127.34017871
3167,112176663.7536461
3168,95540709.5527557
3169,150545357.93318844
3170,123954639.61454687
3171,72984067.15445353
3172,104852433.34514892
3173,67565543.05717096
3174,77860620.66579354
3175,109287245.51943201
3177,95805799.24511081
3179,122215081.27272443
3180,183980661.7447532
3181,94779294.10751884
3182,58613901.80300544
3183,102791937.80042301
3184,63916973.88060896
3185,93277064.72753613
3186,45333702.798594184
3187,74387901.89383784
3188,102425399.55862913
3189,108455929.24218258
3190,102043106.46790421
3191,160563269.0760061
3192,48778879.23751833
3193,60917082.88620392
3194,81603829.9263847
3195,50704895.60939169
3196,49668945.69153118
3198,206316554.61771923
3200,112687066.53940186
3201,133242076.39053962
3202,75221350.32628195
3203,37563692.57205688
3204,146765363.19533297
3205,102966820.66442682
3206,53832248.2517608
3207,82123932.2974141
3208,115352664.35285425
3209,64800788.2696094
3211,83832936.17413053
3212,109138742.09443533
3213,69239926.62894192
3214,53410464.3619028
3215,196374800.94616666
3216,154473287.15523165
3217,80531202.7789213
3218,178480578.67983103
3219,206686588.20995083
3220,86399671.0381656
3223,211768608.9065668
3224,97005886.02412122
3225,88135938.26497672
3226,57569300.066809714
3227,58234828.27576122
3228,56376350.1982285
3229,106171689.51943234
3230,59735174.71189876
3231,213169971.3430912
3232,86239455.86249298
3233,200812326.69861975
3234,36542442.17375173
3235,171943628.09754387
3236,106614689.2188644
3237,115669834.96302831
3239,82371535.38839321
3240,44117776.142453685
3241,375301951.72405636
3242,44192171.85022119
3243,91832058.82611008
3244,74280423.3102667
3246,135888721.58020514
3247,86753780.36361185
3248,134235002.30393848
3249,66934234.81293493
3250,129878654.59512424
3251,72776293.32575387
3252,136179809.87875408
3253,86700604.69584817
3254,116586470.58938438
3256,72722737.88590369
3257,69898152.5193009
3258,137975238.5849312
3259,55254984.27165559
3260,119471692.15550485
3261,41682659.14600338
3262,71933029.28677684
3263,134320630.25004306
3264,122774962.37411568
3266,100718012.97162138
3267,57956147.57478912
3269,47181681.50102076
3270,83314609.80383523
3271,63879759.980947345
3272,149656493.16925997
3273,74278125.4743007
3274,197342967.85708377
3275,107629601.95835422
3276,49618895.319037154
3277,113921550.1711335
3278,268242520.2733803
3279,59445432.45263892
3281,149688679.55924892
3283,132400028.45521986
3284,301511276.3015445
3285,82451460.49759421
3286,171718730.672122
3288,56878921.00212337
3290,142300336.43783274
3291,76864235.73471037
3292,95846597.91252914
3293,97805190.42248958
3294,52180343.074974194
3295,51843391.0468782
3296,162041599.8692106
3297,113024099.62228365
3298,165413016.472282
3299,119575463.34085475
3300,93212320.32141742
3301,95395035.1642991
3302,57146524.48321195
3303,46643043.82817644
3304,46767156.54396724
3305,80052233.24963215
3306,120798497.34225833
3307,79359016.36486724
3308,182462305.66003627
3309,69141544.59343562
3310,86755333.5827567
3311,172831105.81763124
3312,67796523.33206539
3313,137155775.3670416
3314,131663045.35166615
3315,81323133.53615451
3316,101026137.49175891
3317,76699411.87392335
3318,44298481.56090054
3319,70923646.7434847
3320,187780413.18171787
3321,117973693.04057924
3322,59970734.58335588
3323,133239243.74075216
3324,91705397.23191266
3325,157225902.60260147
3326,125827251.25045705
3327,112844937.93227114
3328,78394088.59879442
3329,88792467.10730088
3330,88674985.01279551
3331,69288933.81705886
3332,77573234.16733798
3333,106146823.09682311
3334,55833303.35739419
3335,63521906.09255981
3337,54515717.77611974
3339,70306521.32300633
3340,346161374.88442653
3341,59259683.35330227
3342,140987571.6727953
3343,116663906.47126046
3344,91712495.46705395
3345,115166464.85701703
3346,67258217.11533467
3347,77004715.66242811
3348,79694582.50000428
3351,125552244.26339266
3352,78908222.89782548
3353,60891785.38420041
3354,184298663.26857707
3357,90209735.7324837
3358,49055501.05773331
3360,98986094.67652644
3361,83878867.9752157
3362,50363389.81380966
3363,69191976.37365134
3364,56333664.95874277
3365,316926482.7523386
3366,89884367.00542606
3367,73222486.41537681
3368,113172561.42903385
3369,272143191.539766
3370,73098989.7878737
3371,161004114.52960113
3372,67701747.66889638
3373,74936651.67911388
3374,100675594.3354609
3375,289847310.7504483
3377,105641075.81852171
3378,199875836.09004056
3379,77877074.68956074
3381,153808108.75642732
3382,74382300.5904652
3384,47703335.207304835
3385,77084410.32624185
3386,146064162.35753623
3389,104524668.63470757
3390,100285728.61496505
3393,100144756.8212786
3394,24801788.13493476
3395,45452374.26761326
3396,264453964.50534773
3397,58967399.97732416
3398,144668327.6129488
3399,118516992.40902948
3401,57748096.47993335
3402,81125740.83344951
3403,133082373.94849479
3405,73672215.31385371
3407,138472751.20978418
3408,79446494.1484471
3409,65563505.23410201
3411,73721609.45208429
3412,153153394.1194646
3416,103891147.58779794
3417,78687733.04049678
3418,50648923.45348037
3420,139657284.5852214
3421,105022324.95300578
3422,126887020.59214917
3423,53436805.506959654
3424,78065912.26572816
3425,78214594.7714212
3426,79376071.35703057
3427,130084429.92381325
3428,152405622.56679565
3429,228980943.33325946
3430,111219601.3598858
3431,89544499.65680704
3432,74588333.8408227
3433,143464027.51366305
3434,222101151.97693458
3435,103402345.17394358
3438,59180045.13009774
3440,60135877.32113185
3441,101772613.57418011
3442,90914516.44213375
3443,59035937.34570521
3444,87806877.33963192
3445,67083241.98946249
3446,48589414.39377552
3447,74212424.97670487
3448,77736738.66223215
3449,99774282.36569054
3450,79127122.54890847
3451,113022778.64539608
3453,327916428.7973868
3454,71531228.96578123
3455,49090078.75140744
3456,72751323.13821658
3457,109557600.29542178
3458,149386360.3360014
3459,75280989.44156969
3460,89006052.92659825
3461,108914929.50138584
3462,134541391.18620527
3464,69240225.19460633
3465,185143864.63858795
3466,86134087.91847411
3467,58875739.117660895
3468,95275312.32516834
3471,96837198.43282057
3472,78459469.6129715
3473,69590400.9928166
3474,138505788.22424948
3475,159111709.86377096
3477,50505416.75932912
3478,114034238.23884723
3479,94424258.13039935
3480,121019525.37317888
3481,81034954.47813389
3483,146377722.81222692
3484,50989197.55826582
3485,118656286.11233242
3486,107331173.77040613
3487,200241092.7605322
3489,71293649.69139951
3490,64332583.048415124
3491,75945315.6821411
3492,98437819.1471376
3493,51015433.095142186
3494,77147406.25859539
3496,120959536.56705569
3497,133162602.14154893
3498,60750797.64683907
3499,112742519.37318538
3502,36763136.711489104
3503,70068090.0414676
3504,56994392.55330577
3506,89731095.36135477
3507,79606543.17337862
3508,153785601.497833
3509,103672887.45994572
3510,65067746.77576531
3511,91785141.0036088
3512,48323704.60417293
3513,158442595.750785
3514,95083925.36694224
3515,174217656.20109913
3516,309232558.0009131
3517,73411059.08167249
3518,181906764.54536742
3520,58814990.735308886
3521,121925414.2469559
3522,104086621.74091499
3523,104981544.65284449
3524,62667334.91516934
3525,148377494.78679836
3526,291886653.5254018
3527,165299580.49704573
3528,101543569.25308724
3530,131213097.02644417
3531,97646705.37983316
3533,201077412.17542738
3534,44799313.203621775
3536,113212884.38633585
3539,159595899.5163379
3540,85524955.20597006
3541,66558201.68008636
3542,93855448.81669363
3543,59991323.97363649
3544,139610187.9972021
3545,78707051.1842484
3546,74749837.83743401
3547,109736826.92272827
3548,110847895.50599079
3549,66911230.17312511
3550,48917356.26250334
3551,102925119.95628497
3552,105915496.74076623
3553,82998732.33386543
3554,53837653.58635325
3555,87162142.59193029
3556,43286643.37464562
3557,88391588.02351531
3560,77940100.2948656
3561,255727883.9408328
3562,69932026.59506047
3563,219200839.26038808
3565,111693490.31459375
3566,60542835.257818684
3567,339691418.8915338
3568,83972420.11936592
3569,58117213.81453404
3570,113844917.31077272
3573,155653175.04292923
3575,57261959.1760056
3576,48207632.2611201
3577,112147118.46786922
3578,163946275.20009062
3579,61022110.13263402
3580,95586229.51854081
3581,69940599.67607267
3582,156378593.12931055
3583,54324481.30031377
3584,79776257.04572804
3585,260833981.8479153
3586,74838894.71701038
3587,112123343.3427996
3589,76677292.88162376
3590,75987439.33057733
3591,51886117.31330031
3592,103989820.60283048
3593,108641766.93322234
3595,221187617.82555726
3596,82790004.83886984
3597,61403583.623185076
3598,74618346.73869807
3600,80354822.16769159
3601,54200845.92425835
3602,127928059.71984686
3604,148523552.483122
3605,169709412.4726731
3606,76077416.50914216
3607,36073792.53481036
3608,59258428.78888082
3609,74485578.43947914
3610,72965716.42881623
3611,97923395.02719763
3612,110254234.53720684
3614,96444437.14818864
3616,95440852.7310842
3617,156921121.40862173
3618,68662776.64982682
3620,45364670.931199715
3623,66577165.820612825
3624,117322284.9390341
3625,72619027.51001078
3627,65742066.1977652
3628,57270728.11800359
3629,114145884.00967687
3630,38580464.80136667
3631,65359858.80226567
3632,91475626.98427123
3634,177073075.01642084
3635,115840943.04544199
3637,58031141.0652208
3638,72389087.00063308
3639,141389091.19344097
3641,50947522.47123988
3642,72739825.25286655
3643,94476676.7064165
3644,76551932.59247652
3645,72138858.18348655
3646,116004920.21121165
3648,154882594.82633808
3649,102823997.38725284
3650,97970807.03021838
3651,52492716.21882412
3653,103381642.10111709
3654,64515556.93572711
3655,108186060.14328334
3656,75466366.59216064
3657,88557559.4129409
3658,73117635.98157082
3659,248884081.7207945
3660,56593089.48986232
3661,214956478.985452
3662,94864194.6114107
3663,120305591.71087953
3664,98446081.28015263
3665,71959661.24085547
3666,83687516.99905182
3667,64093954.65926601
3668,60460742.14726084
3669,71715285.29696757
3670,150135071.66248173
3671,91750825.42105411
3672,70411404.12647134
3673,58891638.57729983
3675,58179350.43005515
3676,86051095.01432545
3677,36103001.80069281
3678,75318861.44453305
3679,92139429.27401264
3681,75665893.36349982
3684,93686171.07279485
3685,71392135.21426702
3686,75425333.96298528
3687,180865718.14313003
3688,120224649.3520062
3689,118031503.68602252
3691,132073637.96389577
3692,49675758.392747164
3693,119127762.2324479
3694,85453546.81654371
3695,115920526.47971466
3697,53333870.51555784
3698,132384438.38392617
3699,102333445.45648667
3701,77294327.70626852
3702,71185671.96673506
3703,58535902.07751247
3704,31363354.20930032
3705,107122734.74284592
3706,203647077.23195213
3707,113673480.70036355
3708,122246946.91309667
3709,105193205.59666178
3710,95213127.7951624
3711,114781173.55403434
3712,151958312.50985312
3713,54337372.32415883
3715,91495080.67457597
3716,126911245.32770403
3717,108846795.32782519
3718,94380287.10364538
3719,85503558.91996905
3720,132245631.93623172
3721,79271010.20262328
3722,75805003.00883888
3723,67905114.35006753
3724,108852879.28407441
3726,57068430.07174029
3728,88965273.98169412
3730,52409599.88639763
3731,150419258.58064574
3732,70630113.68009521
3733,79319530.8069388
3735,113599408.09395945
3737,71522938.81937921
3739,63318522.001360066
3741,223454640.052962
3743,184005290.35201055
3744,81411273.96867129
3745,130867658.92753279
3746,82831298.66699716
3747,73426882.53547992
3748,103491056.11168173
3749,72192148.80286923
3750,66963851.5786067
3751,48876246.9542398
3752,211374352.7461781
3753,100764935.01978105
3754,176440307.51711288
3755,144106751.53367472
3756,97752743.43315038
3757,174123978.35160145
3758,109527997.0502504
3759,67776064.54377572
3760,84664277.71924168
3761,77422948.38353267
3762,175434853.57172242
3763,118232723.0627185
3764,68525434.2073303
3765,84680193.50859572
3766,86589999.18922746
3767,71898902.30229059
3768,47476608.99020742
3769,59845028.89005205
3770,57176726.25689555
3771,56892432.65277472
3772,111792005.08083344
3774,74948641.83772862
3775,203931531.27129075
3776,128346902.58424848
3777,45185532.86722777
3778,57426940.65050166
3779,210757947.560778
3780,60133210.78806124
3781,49838560.35183582
3784,100755598.60769862
3785,121674131.1862396
3786,116626807.5108216
3787,52169194.72764367
3788,90134166.99892536
3789,57068400.155466266
3790,132262250.8320067
3793,64841395.28453152
3794,39623958.89474491
3797,262223953.58477393
3798,85692673.86064354
3799,84600135.61005592
3800,102161781.61006753
3801,64906924.48012633
3802,91680179.64710903
3803,42619533.75035101
3804,66810664.20435408
3805,122758195.80062863
3806,106513804.99456443
3808,63804617.64996651
3809,139621433.80010033
3810,88508659.50025879
3811,54670423.07087554
3813,65068168.192361705
3814,97385241.41264687
3815,107584776.28469533
3816,153988165.69418246
3817,178958426.36462063
3818,85925769.65506554
3820,58545477.09044564
3821,92905734.65691255
3822,144553365.15043324
3823,75882721.31192277
3824,67175885.35163668
3825,97343279.65951559
3826,54408335.62916713
3827,200392747.0042519
3828,158357387.15041292
3829,104542110.01102594
3831,261159719.91167542
3832,98014618.65947813
3833,120806951.30731325
3834,98772704.19824824
3835,60674167.77934757
3836,91924262.69219588
3837,63180463.98698461
3838,73662133.32262266
3839,50173924.242125824
3840,59159590.68538003
3841,118265370.45863657
3842,81370374.22295094
3846,94903966.77250117
3847,50389672.27976459
3848,138896440.7742243
3849,84963602.80366902
3850,179441580.5566693
3851,139304227.08323997
3852,56422371.96400377
3853,133506107.71416968
3854,53330829.94212107
3855,100346801.52922247
3856,100357323.41747022
3857,106057454.29763116
3858,42148961.98015414
3860,52120432.3030099
3861,64508572.27445566
3862,40997806.48855053
3863,122217582.488543
3864,199634067.19883424
3865,51754223.74267651
3866,62710474.19316974
3867,46807795.0905081
3868,98492203.24187419
3869,43345052.018253826
3870,85274760.89592749
3871,137880259.55099604
3872,90801116.01187618
3873,66109500.564835496
3874,96222678.6449679
3875,56287687.77042987
3877,74803565.65115224
3878,96152725.37325883
3879,70786483.7423293
3880,149416762.21661815
3881,85617181.30746949
3882,80887198.04825674
3883,59062994.38653389
3884,87278147.3097116
3885,58024989.358220406
3886,27690788.82853203
3887,142752751.07373768
3888,98061674.84285371
3889,72149393.44855578
3890,54887923.37810263
3891,66154706.58735283
3892,156776022.8457278
3893,112251954.81517486
3894,63244543.73700054
3895,85905582.3201584
3896,90608415.76846057
3897,63879919.79554564
3898,368015459.8095509
3899,79053273.49636613
3900,39075309.76813224
3901,74003840.62308092
3902,196454064.90400723
3903,94873990.65367906
3904,73572542.26173948
3905,82911680.94605954
3906,82999894.45265812
3907,86162079.851498
3908,185914063.1038062
3909,69347274.73552363
3910,108157608.49377984
3912,103714371.05340937
3913,81748216.23579009
3914,82575236.61806676
3916,76583248.72234613
3917,307873016.0432497
3918,60784327.614951305
3919,66495661.38216485
3920,49003632.26764575
3921,54187008.03933831
3922,56281395.515321806
3923,75861671.22534299
3924,85670789.019501
3925,70887410.78277142
3926,82003322.30469933
3927,132336295.82420129
3928,85222778.45462424
3930,53544611.621072076
3931,80827797.54435739
3932,54490918.06440807
3933,67071343.000952445
3934,259131491.78610796
3935,103006719.51026352
3936,81918584.6917587
3937,60331173.594945274
3940,86316808.794505
3941,60861819.87025471
3942,59892083.614078656
3943,101481074.47164091
3944,70673476.46130718
3945,115262128.53834179
3946,81779940.23939148
3948,213608889.81048244
3949,78211872.3025987
3950,75272877.25123957
3951,238804007.6032704
3952,82537160.12889823
3953,76619584.01530798
3955,82610506.78894766
3956,111346488.58005533
3957,75603524.06986514
3959,135133414.0024112
3960,62850678.8917872
3961,109313259.47721002
3962,63928496.51501606
3963,59311484.45881505
3965,125613500.99052098
3966,70913719.89083175
3967,119857869.29401481
3968,95565295.07135333
3969,121970056.7380408
3973,134961083.59750193
3975,66606362.53714791
3976,168264694.3487947
3977,84313845.69891451
3978,75837189.66347231
3980,100987204.62292518
3982,113869912.82095373
3983,110347406.63745697
3984,60000621.4458781
3985,73437910.26314571
3986,77394828.9416931
3987,98345306.88106847
3989,101730333.53111416
3990,73541848.19498928
3991,99297466.00865883
3992,133781399.30257045
3993,74726282.57097173
3994,129049643.58785254
3995,47139613.77916239
3996,213263587.3265776
3997,81234276.67529754
3998,110210831.67219023
3999,51651467.37500365
4001,100756605.53593028
4002,100150800.04993604
4003,47586520.03457258
4004,162508017.14857024
4005,72528212.23390737
4006,102304872.48445624
4007,56458575.534434564
4008,113643672.34881951
4009,63099559.033139125
4010,228341860.76394445
4012,62315055.78962751
4013,86961292.2159825
4014,116137917.305599
4016,52597198.01931472
4017,47631229.31172681
4018,73750268.1212647
4019,145638415.12210798
4020,151687888.25681338
4021,108054644.12540153
4022,159451532.81328684
4023,79627234.39524385
4024,130973636.06222591
4025,52788103.36139488
4026,66015095.21508168
4027,98086648.40138596
4028,68631752.9039164
4029,78055724.96572977
4030,57920787.334493846
4031,42334017.6422616
4032,94173526.37839413
4033,105113076.18960576
4034,108394461.10025515
4035,313291205.25277674
4036,53236153.86785046
4037,93407626.3954891
4038,82741810.99707629
4039,153608921.6860798
4040,109006395.02114877
4042,54692293.72799537
4043,218623020.80039182
4046,73601822.32730976
4047,96859442.62937452
4049,203623830.45124623
4050,264125589.2125778
4051,101167210.6261301
4052,53555234.31983669
4053,67859114.40033321
4055,45080083.1567208
4057,100912721.9819068
4058,91575957.06863967
4059,55199801.366189964
4060,105933182.52397037
4061,73546984.70168711
4062,90245796.34473404
4063,49305827.99689343
4064,46540812.15016832
4065,43103296.04441081
4067,113692995.76106662
4068,98373405.056214
4069,79736158.66179147
4070,289162700.503698
4071,64204638.58839433
4072,64144265.347898446
4073,104133880.40201756
4074,63668742.6096987
4075,43548745.407502204
4076,129019892.21053869
4077,93396053.18337399
4079,149821213.34768668
4080,60234497.117373034
4081,42421457.274813615
4082,195890484.00356898
4083,132105358.6779177
4084,91352630.08878231
4085,80270935.83039445
4086,103793373.03277203
4087,259410206.05122706
4088,114763555.20092186
4089,55565530.47156908
4090,117056841.02447161
4091,126621198.19010247
4092,42788171.645923726
4093,33906358.42079445
4094,63929407.45403807
4095,80675932.16043198
4096,111893489.90791357
4097,100541779.99291399
4098,86817539.85431878
4099,176629788.66680038
4100,75865532.76468825
4102,114154994.46765313
4103,66907610.24149951
4104,48768349.0520916
4105,127047988.02068816
4107,93316431.55600592
4108,72935698.06286988
4109,77709706.04942879
4110,38605151.53932171
4111,38030760.99847459
4112,130587217.59224965
4113,60736654.50795455
4114,153702240.1926183
4115,60934439.06059869
4116,78703497.08066203
4117,227206074.80402383
4118,89423697.41206829
4119,66874074.71550825
4120,211373245.30760658
4121,118425506.03705709
4122,101334562.34187579
4123,69223990.2357051
4124,103190918.66481912
4125,256940052.74479115
4126,85222313.26740736
4127,62230092.15300555
4128,63252923.11152802
4129,57604990.11878705
4131,114443033.44334283
4132,81924424.38428563
4133,77008968.02395715
4134,83057508.56719135
4135,63919092.502246365
4136,89942887.6924692
4137,284839369.85866946
4138,80666461.37402539
4139,189399943.53202012
4140,55485218.34453844
4143,72410660.59619427
4144,53645592.04997858
4146,91397679.49427971
4147,136712088.30369836
4148,132409598.5570061
4149,57425977.05982534
4150,67991861.23647489
4151,88753850.88294315
4152,51206255.83840798
4153,53820334.54259378
4154,137626525.0588031
4155,96303216.83966282
4156,63027144.648061804
4157,69148992.19433632
4158,69692899.18361284
4159,194077142.05554914
4160,92162237.35544032
4161,57677656.66910218
4162,55497402.73326099
4163,103776863.30986059
4164,155444421.8975666
4165,66264636.118710846
4167,90151854.5746027
4168,64912706.675565675
4169,69770606.67014165
4170,153863335.74110842
4171,94209221.01606302
4172,99466447.78682788
4173,53683888.86156056
4174,74838716.0042921
4175,157041696.33638144
4176,85924812.69906378
4177,102079036.44042887
4178,71393496.8110848
4179,72330703.03049132
4181,101636117.29938611
4183,126377921.60965863
4184,58221207.92653316
4185,48331640.393059686
4186,74389070.8720383
4187,99037874.16821209
4188,65280894.72439889
4189,76898434.85869399
4190,83951982.7262288
4191,91043766.10070783
4193,123372552.1844392
4194,65586342.49023871
4195,69619383.22043379
4196,90074415.17379607
4197,128742353.930186
4198,43423665.261192776
4201,91243032.72261567
4202,83129589.35673338
4203,47737054.959082104
4204,130576702.7494063
4205,76973115.70425771
4206,83740349.20931783
4207,51890120.2682181
4208,81468462.96502732
4209,61598462.44027443
4210,194784877.24197948
4211,160981024.73467505
4212,68335198.39441481
4213,74937746.39025924
4214,68268085.8052673
4215,72925775.8507623
4216,159114232.23417097
4218,104520420.77038863
4219,111346002.94841939
4220,80865753.66332187
4221,112996286.34293802
4222,128955114.98586914
4223,68466653.29187673
4225,123634970.52612597
4226,50618781.235812455
4228,71004307.61693779
4229,58961059.8480626
4230,95565244.52308139
4231,114895128.15903859
4232,99205905.80412418
4233,113834247.07723731
4234,78072525.67124553
4236,113316761.91071852
4237,97451821.76560521
4238,69462920.40958625
4239,112548133.88293456
4240,66247322.060846075
4241,49498622.224393085
4242,75819773.87629274
4243,119111779.15052825
4244,125157885.45030467
4245,60260609.74368511
4246,62038090.25827224
4248,77760417.34139262
4249,118791779.44622634
4250,250349386.90621582
4251,107156134.13010627
4252,116753809.81607337
4253,109624664.25433463
4254,173798486.92329863
4255,87987309.57540938
4256,98779524.70698415
4257,168912776.4004634
4259,75152129.79319878
4260,120322964.37588666
4261,34832101.81815545
4262,166806311.13213128
4263,76107451.41706747
4264,52726039.82334448
4265,81517603.14971605
4266,49713937.39581339
4267,108775790.1354244
4268,58660127.638698146
4269,145095720.2273243
4270,58129485.848771185
4271,81490792.2975778
4272,53723215.50170477
4273,48945628.136932135
4274,51399302.82767148
4275,86636783.51960523
4277,98284929.02942224
4278,115565643.70821154
4279,50876555.1909703
4280,95483883.99894586
4281,65698034.380457394
4282,240837360.93181866
4283,199592714.6728613
4284,94723437.90439332
4286,185993108.7354359
4287,212501495.26152655
4288,79018931.31743565
4289,74165165.81892602
4290,55229078.179525554
4291,57692893.35559875
4292,85256406.81097269
4293,76038879.38322136
4294,123995495.54218829
4295,115017127.80842003
4296,186693878.22811714
4297,98208650.31525825
4299,145783937.41989434
4300,86742826.79385443
4301,68684703.99482727
4302,296275080.52282435
4303,73413573.1670633
4304,85238975.08524586
4305,56692225.05400934
4306,144957794.14429912
4307,60626698.35040796
4311,122500089.7559101
4313,62886914.057242416
4314,93243126.06114602
4316,76826284.36971024
4317,111009174.24219082
4318,108974969.21610111
4319,106614115.20066462
4320,111311605.35177289
4321,92353984.52013358
4322,146066723.8912558
4323,45811284.18064769
4324,89576508.95690402
4325,38540904.541306354
4326,49628940.62786527
4327,260721991.32316187
4329,193236703.35416985
4330,180486555.96136558
4331,24838531.61644212
4332,98300714.3742033
4333,131254864.67654258
4334,51909324.19728566
4335,133096882.68937875
4336,127707839.48162815
4337,130919972.79011287
4339,49230336.96737047
4340,87942721.7765594
4341,44983985.322485894
4342,55589309.64528498
4343,182820393.14603224
4344,111866777.18702054
4345,151932227.19595438
4346,125476185.33107117
4347,32899706.783622812
4348,118664340.69768924
4349,254677590.33091748
4350,64165867.80840658
4351,52808886.82975826
4353,64875873.792734854
4355,72197323.31640479
4357,84128199.65192813
4358,136905279.04838163
4359,91620352.17297618
4360,77797907.76349676
4361,151758828.06046894
4362,113348734.02701044
4364,96321232.57927315
4366,69351329.48951472
4367,122890669.41514394
4368,56910724.641751334
4369,108415210.78183886
4370,134475507.50761983
4371,70014602.3142268
4372,47174246.55663186
4373,39950605.23136632
4374,84573641.98693646
4375,102203507.51571923
4377,192727059.71569496
4378,159925905.6060556
4379,76043942.35428861
4380,80447275.2388094
4382,65231151.54766531
4383,105168078.68027708
4384,164934951.10649577
4385,48783357.39509966
4386,76510424.11485744
4388,228127168.80371845
4389,59123221.73538704
4391,175492884.88521108
4394,42756062.17932245
4396,97768551.47257131
4397,116134583.0657239
4400,171258025.24042857
4401,63039692.82547629
4402,66706629.00037303
4403,118847286.98923697
4404,96978487.06935865
4405,210757159.18973204
4406,91811276.84475146
4407,62884524.36866928
4408,85142096.20994103
4409,67417921.41670609
4411,111914570.22783709
4412,98562695.30962104
4413,51191814.84887316
4414,46861333.555616304
4415,90044450.64807874
4416,102364227.80124229
4417,65815736.86709264
4419,155222187.54370105
4420,117410772.30780944
4421,182066813.14306834
4422,60556787.44929335
4425,95647630.12215018
4426,88085026.30150932
4427,69080626.18137664
4428,211649883.6658802
4429,175920968.11856908
4430,71477832.15745841
4431,74993362.72827266
4432,85910760.61462973
4433,204054129.36065125
4434,158581844.01575947
4435,50570939.017991856
4437,168549289.35044616
4438,90983718.49008623
4439,102281827.99004278
4440,138690832.5355457
4441,71769113.94721755
4443,86280834.38325801
4444,61413593.617236555
4445,55530854.850561984
4446,82370600.14140919
4449,97154729.12029263
4450,59047412.279409274
4451,204538521.69828275
4452,56663503.92133936
4453,65557021.441739716
4454,56106463.40499942
4455,139252419.42909622
4457,110600717.41673219
4458,85692210.74655792
4459,86456938.97462066
4460,61404501.0086114
4461,172848326.24867594
4462,68946960.5348429
4463,216265154.85544905
4464,87664213.64222717
4465,63783093.909174204
4467,88004143.26816246
4468,313914022.5177379
4469,225069744.7832635
4470,222267555.7271899
4472,147026102.74045545
4473,130795441.68734416
4474,90039851.79057351
4475,82100783.0324038
4477,107772776.8035944
4478,73030135.19681206
4479,239275362.4274154
4480,94583531.56662123
4481,68039960.87987514
4483,100365736.44638065
4484,64244338.119260065
4485,220564335.29242942
4486,98723930.68432033
4487,42281517.49197947
4488,43465877.11605478
4490,100331443.63688526
4491,125358337.9154701
4492,94786252.0947913
4494,51650877.50389004
4495,124233622.26826158
4496,233968076.25704437
4497,166912428.7400636
4498,56085735.600420356
4501,113910172.1167729
4502,85766673.84685123
4503,45154842.36940153
4504,44220564.14848795
4505,61757769.00533383
4506,81895527.4464009
4507,101781340.79128926
4508,213469794.31563824
4509,158246372.3933907
4510,94413725.51049595
4511,70279770.82166089
4512,71408906.6324132
4513,107174875.34701894
4514,53269536.793023385
4515,127694609.39007407
4516,93189227.06913191
4517,195408275.49656433
4518,54483559.23858769
4520,140988612.3023931
4521,63430448.74301076
4522,93159403.14882404
4523,60300376.80844403
4524,82707164.40890187
4525,50297485.44731092
4526,82386278.56947175
4527,69284498.63921326
4528,64784461.503677286
4529,73879163.74645218
4530,66059339.6790276
4531,82431943.42353256
4532,46038093.503981985
4533,156438414.84758988
4534,188156766.54886103
4535,71308387.47831282
4536,82645871.82145213
4537,77206527.17383051
4538,247323871.73542872
4539,199887835.79342076
4540,59317444.73359071
4541,75440895.76985432
4542,41988022.530942686
4543,82135072.75886111
4544,54776301.33899452
4545,35227912.58151569
4546,47835729.707176715
4547,186678464.94356537
4548,62841844.50573236
4549,127812727.53522137
4550,210925854.16197962
4551,179583689.32644486
4552,102256384.16863401
4553,246124416.99750274
4554,113220402.77761658
4558,85657407.34751266
4559,166671962.4932323
4560,127399492.35222995
4561,105396541.66846785
4562,100877810.2933224
4563,261642954.7772674
4565,87569461.00340821
4566,111584573.49774638
4567,97775268.82864645
4568,85425984.79555617
4569,129365006.62164025
4570,320508237.23978394
4571,213665196.22241637
4573,202998459.28438258
4574,153699672.94936424
4575,65641462.10236101
4576,77088469.95984884
4577,44435645.352376565
4578,145567762.8901091
4579,171320009.95199385
4580,83998672.08066049
4581,193867344.94208786
4582,142813690.48007673
4583,80840028.49588977
4584,112144557.25875285
4585,94699102.56130663
4586,108877851.6377365
4587,111931019.52416131
4588,75330634.91690442
4589,65274861.52006702
4590,33515893.83807755
4591,131469561.63916524
4592,95760324.6305574
4593,111610713.31423587
4595,63061617.68082917
4596,71541247.17216493
4597,134817487.5224553
4598,66954752.09579578
4599,238776287.30873907
4601,61425914.257086284
4602,114916111.19561428
4604,78154947.90881047
4605,69700151.22572392
4606,246714489.98278433
4607,31317735.268559456
4608,107662388.7881805
4609,62054495.876385145
4610,111121824.22369699
4611,130372203.3320988
4613,61398638.54806324
4615,290079225.1872484
4616,78417383.4713414
4617,80043388.62785351
4618,196313482.68613872
4619,119897720.314297
4620,191735920.07612303
4621,67256966.37826003
4622,179441752.01853725
4623,95399667.68099797
4626,100978942.49065238
4627,68567822.33553156
4629,78256962.34874228
4630,104539989.39819399
4631,93904473.30401802
4632,120850008.97272068
4633,233847576.9449999
4634,93587664.77851649
4635,73135066.47313754
4636,73431356.48073058
4637,71449683.96010998
4638,77281437.93552455
4640,156739706.9197023
4641,85924577.94520527
4642,38290687.77511588
4643,202632026.3152473
4644,52705577.02960181
4645,95578711.79622166
4646,134307040.61484757
4647,102432247.58906525
4648,65606678.14801607
4649,66722349.28818171
4650,185931896.33777422
4652,111112645.82526493
4653,58106644.36812073
4654,65576410.676148124
4655,154894673.1840988
4656,133517164.51763439
4657,65908142.65414558
4658,79990565.71732469
4659,66947492.672534816
4661,119455631.93056697
4662,74915792.20881838
4664,66832743.71338805
4666,192101969.14903823
4667,22336209.84922353
4668,71594811.47631657
4670,83743987.75392061
4671,91989141.8778643
4672,55901458.143293455
4673,184663219.42031783
4674,114338814.61747889
4675,102443680.36718675
4676,52628042.38326295
4677,82195987.81649157
4678,146990489.16958204
4679,48072134.91219923
4680,70142504.54911494
4681,73751511.06319483
4682,221366669.08123356
4683,76262574.88257262
4684,168556226.9308535
4685,74181344.11051844
4686,58487510.16081832
4687,144998375.2888719
4688,67252595.9597653
4690,108837268.67896748
4692,56191086.329651766
4693,156668075.83272848
4694,52179448.82140067
4696,172808326.05014896
4698,74376761.53073043
4700,71636377.01431942
4701,47891540.4699685
4702,74860976.40026906
4703,140206844.83590877
4704,210977441.52442086
4706,99666480.21986581
4707,237079814.19625434
4708,93795523.80001855
4709,123235365.97935897
4710,83163505.38862789
4712,98077839.50522354
4713,50951638.429088086
4714,157754011.91719815
4716,227391971.91086495
4717,75145066.0498089
4718,133979469.3723379
4719,83961401.30565739
4720,89412523.927293
4721,84847532.51547761
4722,66643430.949669436
4723,162109746.03056037
4724,78499834.11778657
4725,74537871.70542048
4726,322112372.79967964
4727,70540087.97155178
4729,102409144.80038074
4730,72369609.48482785
4732,148079631.07325843
4734,83654870.67745903
4735,73567181.55700985
4736,47136368.67808846
4738,48536067.57660782
4739,84068652.82483685
4740,119576688.11078753
4741,54782500.36178845
4742,52866811.04730643
4743,223896519.74405685
4744,112245029.65987404
4745,86272825.75656137
4746,40142589.0068019
4747,68570537.26267993
4748,77063016.21519506
4749,77423431.68928246
4750,76615448.63588393
4752,108958726.07473655
4753,150914764.35751814
4755,78057827.86374582
4756,109146974.95368709
4757,57862816.20554644
4758,153930240.1403948
4760,37499118.1683824
4762,75446069.29710409
4763,66745691.847465634
4764,119445464.96689808
4765,187632193.291911
4767,102796009.56537062
4768,48372070.14852247
4769,171581947.99097884
4770,65077968.06408297
4771,58019964.015936844
4772,80064024.23840669
4773,52981126.647030056
4774,323262217.9106542
4776,100904368.8213137
4777,78848134.15133427
4778,66948815.070942044
4779,136118543.26102594
4780,88449643.84431267
4781,111999615.86259179
4782,60652122.04446826
4783,111285357.10461992
4784,86333326.50592203
4785,46181571.05003953
4786,45510502.954543054
4787,138338912.46723825
4788,109914987.93495595
4789,154188218.04105943
4790,60073125.17071938
4791,69806490.45905232
4792,37218173.27279574
4793,188883007.35344964
4794,177445513.43749136
4795,58993184.692581415
4796,76818871.79760319
4797,68465209.06230994
4798,150514961.08538386
4799,70429914.05682644
4801,88769658.75154938
4802,81948918.6233044
4803,145987815.1886942
4804,39855418.14042936
4805,113347310.1377168
4806,71910158.93643579
4807,191878649.3354978
4808,93268802.70052597
4809,172071379.9929194
4812,89761127.58616683
4813,78568438.61710742
4814,67094004.06398362
4816,125495839.88703474
4817,51284261.787250176
4819,86861045.28365219
4820,132899012.80171037
4821,111639777.99714449
4822,77635660.17087974
4823,69227196.69078782
4824,186758597.74678415
4826,56423885.371202126
4827,82446460.84002155
4828,197420322.98201364
4829,133618089.40237892
4830,69046548.75030889
4831,48542595.35269506
4832,71748050.4946902
4834,259831293.2025741
4835,322376737.048242
4836,136605938.30246094
4837,91763031.5390128
4838,146290332.6243588
4839,197322116.73739251
4840,61499407.92063773
4841,153275373.2159931
4842,133202201.64368552
4843,181185236.75365055
4844,70259929.34251247
4846,59138853.208888106
4847,150090186.80977735
4848,67753067.55123281
4849,138961339.84736872
4850,111531902.38954388
4851,59551087.91807688
4853,94439356.82947311
4854,171194545.77800274
4855,67085507.492199466
4856,90462180.33695766
4857,74038936.0504442
4858,53881259.61790414
4859,90529007.06952742
4860,86576757.12530634
4861,56917298.09691133
4863,67360882.87384817
4864,81397187.20018674
4865,50795801.38699682
4866,63779875.64805562
4868,59839854.532631226
4869,133567002.40548696
4870,114196869.36285101
4871,70655361.61812496
4872,125338662.46196951
4873,139631507.34688947
4874,110608570.78997833
4875,146197121.85562566
4876,94499345.51618202
4877,100579971.33986787
4878,70940950.57058778
4879,101297166.28160441
4880,92802914.76318127
4883,55669672.14598193
4884,133124505.61550823
4885,132874527.6286776
4886,49506102.3493991
4888,47967499.311468996
4889,178075359.78882876
4890,164237974.65922073
4891,126626276.42654154
4892,89526990.5735827
4893,82715161.66585155
4894,79668354.49437362
4895,135628245.26360753
4896,51029288.48012501
4897,103008403.60774735
4898,75330028.79804179
4899,50799108.8411114
4901,146828152.8323046
4902,105855901.67247854
4903,365241782.92801535
4904,58147560.95251824
4906,116118222.97025418
4908,68414885.88381304
4909,118749377.79019293
4910,46575483.89385398
4911,108963208.25864391
4912,94228413.85703306
4914,98307854.60302459
4915,67708043.02455702
4916,70156760.91576943
4917,124160141.04635437
4918,167922972.15667653
4920,82133118.32069333
4921,118395915.09080206
4922,71358614.27374071
4923,114696225.75658384
4924,84190388.12598835
4925,94217234.76934874
4926,65955940.582421914
4927,73318178.67307526
4928,353679737.3162613
4929,118820457.94610363
4931,22633878.63881071
4932,70179178.29022379
4933,45049716.53574518
4934,119075720.81157711
4935,112530216.23290095
4936,51956212.70768915
4938,57593746.93228597
4939,94700785.16210029
4940,117132087.17284524
4942,158841987.85034394
4943,178851421.09170088
4944,79649909.1868261
4946,53397754.22338962
4947,62548976.66521271
4948,59443545.76672785
4952,162322222.73818767
4954,90618629.49769308
4955,90333280.26740801
4956,92991113.69241041
4957,116122368.63595882
4958,82623882.90268129
4959,121827452.52531675
4961,84521845.29301216
4962,114539591.9275391
4963,58118081.22620401
4964,51190049.450898066
4965,97588416.23061639
4966,140744936.20763448
4967,109363622.91598679
4968,157664582.8551641
4969,74349507.1274929
4970,69338921.67429781
4971,74575792.02395865
4973,113879474.12196892
4974,66960679.36351783
4975,49551581.32222005
4977,263599896.10396874
4978,132354660.18615738
4981,89808479.40381181
4982,64700142.39654903
4983,44048355.23160592
4984,77427147.5991644
4985,89962393.90729624
4986,91295502.5673745
4987,56807096.102812186
4988,95271071.89895606
4990,67404215.76340355
4991,66995129.99910915
4994,52451498.57607179
4995,109260264.66609363
4997,128392654.79507953
4998,80730594.81790693
4999,63866921.90149592
5000,192942586.74262264
5001,78914690.2507129
5002,69645482.66806585
5003,316753704.5400403
5004,71178964.57276203
5007,58154016.90681188
5008,81959181.54773732
5009,65997361.0420264
5010,117567155.87360312
5011,49538397.87446378
5012,55067417.760825396
5013,47893634.34767791
5014,150359311.80637813
5015,149504039.96545097
5016,150407499.92388648
5018,95799781.5674042
5020,55707611.70100546
5021,88855392.52668217
5022,54479470.36498116
5023,61559512.214481086
5024,100880352.15222287
5025,34739344.33119064
5026,152083843.90776795
5027,66381516.27048415
5028,88065668.64883985
5029,45710765.94705924
5032,119828920.23815164
5033,134973369.1213067
5034,63242349.777934514
5035,52971129.41550886
5036,96705807.83176787
5037,139156199.45922866
5039,150443167.09523505
5040,56720047.05560116
5041,81711590.54936856
5042,85101578.0979857
5043,186623986.0933323
5044,98358568.51041842
5045,53784707.66917499
5046,68624101.26560909
5047,154485544.76783127
5048,134472631.90983737
5049,50807405.24203999
5050,83774904.23363803
5051,74804011.07606855
5054,77146467.96672894
5055,80625441.16965756
5056,58931080.224629
5057,59341365.207943134
5058,82118790.66548172
5059,143146348.40497005
5060,125434073.08395179
5061,88898442.09920435
5062,154619507.5300576
5063,63687390.07063233
5064,59939084.94547631
5065,100032167.27826075
5066,180701415.8051709
5067,130802060.80936274
5068,119566002.10725594
5069,89646597.3840677
5070,159431979.2392601
5071,48577901.33972191
5072,104315262.67227954
5073,35436917.64085725
5075,85558714.59694587
5076,218447095.96455783
5077,128017109.62599544
5078,106382928.92671147
5079,121324666.3805774
5081,94309182.82420766
5082,91058787.15713812
5083,210476340.508836
5084,61989130.21962409
5085,64340000.81483161
5086,62991625.61360191
5087,146358259.03593418
5088,73152208.65998323
5089,303841410.131568
5090,62837130.75819045
5091,110048503.4113704
5093,74237742.30957511
5094,120272709.7094708
5095,76718542.95523721
5096,115867177.21151325
5097,217016641.21594054
5098,173332505.34198603
5099,53756946.02031617
5100,251655008.35433483
5101,51346984.63443666
5102,85227544.57538371
5103,49943905.53123304
5104,89760123.15985875
5105,42182875.05326991
5106,125296629.94572696
5107,93621682.57598458
5108,66482237.734134495
5109,102420263.8964853
5110,99805951.51474276
5111,106390017.82148224
5112,106898876.47894421
5113,78360291.03295457
5115,340388981.1113913
5116,103358104.64886093
5117,230339862.6575047
5118,96487519.92121568
5119,66383831.547749974
5120,139923767.07537234
5121,105230665.08986679
5122,133729630.54111345
5123,62913517.454308406
5124,83282967.35728747
5125,58836630.793727346
5126,68973592.95299353
5127,160860448.28208837
5128,65373494.57306808
5129,72366408.48741306
5130,43635799.416831076
5131,42678050.28036267
5132,109546751.39135064
5133,109967565.62921306
5134,82591253.95264703
5135,233144992.4135286
5137,51052867.344974756
5138,40514673.01017502
5139,108471142.97303347
5140,103023546.23759276
5141,157855729.4665019
5142,88978853.85995275
5143,66040629.12078361
5144,64489905.23686384
5146,75758203.2654134
5147,66409356.9346181
5148,41245551.6572187
5149,107428083.70426407
5150,66983747.94507348
5151,128572714.738007
5153,58563218.37688777
5154,89741333.82918842
5155,96045169.19843182
5156,90667820.56830926
5157,108522485.80359252
5158,55209235.46070377
5159,51375990.37610617
5160,69384007.75137322
5161,116073921.50758702
5162,172322921.6721226
5163,123941130.91022138
5164,222952642.33326775
5166,65169619.76060009
5167,103169111.06968342
5168,98606914.46359347
5169,157823610.28185886
5170,94948812.54269311
5171,132226115.13642307
5172,92063398.23464584
5173,165912491.13872015
5175,84962918.40904425
5176,72810272.3618182
5177,396784227.6733679
5178,140807801.9339069
5179,137123982.49161178
5180,146306218.99344617
5181,128778917.85438207
5182,159045154.49455577
5183,58034547.03609108
5184,97794798.04773352
5185,50166124.67603336
5186,79480091.18596931
5187,59871680.37499537
5188,185311922.628271
5189,52914020.339376986
5190,52253484.24472928
5191,155636514.40712947
5192,101349855.70348291
5193,178188893.88897255
5194,80869751.01914582
5195,89841526.50850475
5197,99680804.27616854
5198,378046715.0609457
5199,49555711.75004153
5200,61731226.14665591
5201,63347982.07306623
5202,70880827.41820039
5203,73721484.81787652
5204,77313653.97018836
5205,98027786.71549207
5208,61732233.757511176
5209,76985448.63286422
5210,105297745.81722538
5211,64955814.24599604
5212,192584330.87341714
5213,295755266.4523008
5214,49215144.891137905
5216,311749954.313802
5219,53348255.175982974
5220,113488037.37479305
5223,82105393.04291266
5224,212670002.78868222
5225,69019456.00908412
5226,178589273.88630086
5227,108729210.37367353
5228,128383237.25754516
5229,77608985.25675139
5230,57619690.81718996
5231,119580561.57709616
5232,51434833.81915974
5233,187282473.76255038
5235,51868606.24322388
5236,263761951.61990356
5237,78175798.22882168
5238,57035704.46457359
5239,75203410.1505662
5241,98277850.12828055
5244,97810171.4422057
5245,69682075.14295131
5247,93854467.9656983
5248,79289037.84446105
5249,126395637.5261532
5250,77209387.43360332
5252,74008647.83003095
5253,86861117.48949088
5254,207551031.269956
5255,95326918.09187703
5256,70337867.78750668
5257,63475672.09931969
5259,163786544.35227206
5260,123451558.7014768
5261,76894355.1360839
5262,73078496.00371072
5263,40809869.25418866
5264,172287817.90622452
5265,120133665.0031623
5266,63742137.548587725
5267,79927544.3037605
5268,73767272.13743828
5270,85062699.59033519
5271,130024050.98495927
5272,94683416.93608075
5273,128975031.64194222
5275,89875927.24418658
5276,127923260.62683454
5278,105421470.87372667
5279,165836029.91785315
5280,66768641.3422191
5281,144581529.95715812
5282,226636931.923117
5283,52997742.38367389
5284,49799235.72847424
5285,58504153.92748082
5286,96478578.84884016
5287,149006211.9243289
5288,68234864.35978675
5289,96256002.18102646
5290,110747384.91318104
5291,51481727.94727789
5292,198348730.3775488
5293,97688808.5450631
5294,69398683.01537491
5295,64679921.771753
5296,74354909.59215522
5297,144188831.90343738
5298,61837881.95648303
5299,101648820.89994177
5300,121435085.77044404
5301,60350186.55796303
5302,103818124.13231058
5303,51641447.89489409
5304,41221771.98257368
5305,149595418.8983034
5306,154944159.56728604
5307,45556455.495540276
5308,94513393.35641089
5309,76905488.50981295
5311,81732896.8573119
5312,99506046.93560892
5314,147473163.60757697
5315,78829867.12086546
5316,108565461.3285656
5317,203814491.04675403
5318,117106385.23588416
5319,74864786.87637204
5320,42739593.49489391
5321,69660890.56862962
5322,27445820.048984587
5323,56001546.52755627
5324,59179757.37405048
5325,86559793.1079643
5326,85832678.87509957
5327,185525229.7485571
5328,76837743.17260908
5329,109860465.82878204
5330,194148678.08175227
5331,203959550.3171144
5333,76624562.06495167
5334,228092421.67538393
5335,233950453.43852523
5336,95605447.92200233
5337,90419496.54890707
5338,83022830.24085514
5339,66918876.49067585
5340,84689809.8320694
5341,48580280.584468335
5342,69950354.30495708
5343,168559021.6499754
5344,326610881.04664415
5346,187482239.82577315
5347,154673938.42145845
5348,104000127.92887595
5349,146983711.83930027
5351,115253602.9673192
5353,69937394.92741036
5354,58347262.28872083
5355,331808661.03445923
5356,81077551.73203011
5357,79949600.45409691
5358,75256794.0504902
5359,136257047.71237117
5360,142593220.76459366
5361,82964267.49045604
5363,97750217.03582035
5364,93726400.46888134
5365,139957120.47310358
5366,100044827.20256805
5367,46809294.61118932
5368,83843028.38205737
5369,123970707.27446751
5370,66120633.08648195
5371,109398594.50867963
5372,227609641.37048116
5373,61161590.88892004
5375,102484299.26947163
5376,61823961.93150598
5377,47844040.58208818
5378,77093583.92376831
5379,122644266.7402333
5380,51496633.83257686
5381,52510637.85965948
5382,30958271.016458698
5383,62926070.05648218
5384,94736246.7834577
5385,185091334.57102495
5386,72254527.47447558
5387,346474026.24589837
5388,144637851.3024079
5389,179993358.71570963
5390,143625829.95778823
5392,74870984.74862142
5393,102334911.23365928
5394,81600033.1656807
5396,124360000.38431016
5397,89009186.01488201
5398,99441728.6845606
5399,133883374.45505849
5400,130006364.75841329
5401,212243771.75829214
5402,224833363.13222098
5403,114153068.79845221
5404,107067102.41483997
5405,88856346.77183734
5406,95352915.46484804
5407,142398052.46297753
5408,56899481.44386265
5409,125563937.98595111
5411,159431415.12997958
5412,85559168.48225029
5413,60938850.583334595
5414,92646601.1364309
5415,76535085.44037163
5416,97414337.42853232
5417,41923314.63950295
5418,92343378.8034882
5419,46611607.1792552
5420,115021610.03113398
5422,115079856.72170591
5423,153668963.66356686
5424,62254674.74956828
5425,285740845.6249309
5426,102468173.03528008
5427,117648211.24629684
5428,42854245.81296681
5430,92137863.17783971
5431,114565648.1813387
5432,77536358.79201038
5433,51987943.505738184
5434,88022308.50751513
5435,55674946.64439927
5436,109716482.87752241
5437,51104112.37150632
5438,47512737.66234322
5440,96144693.90538557
5442,121206997.48715313
5443,157168410.96506667
5445,61900838.18261813
5447,52709046.11662619
5448,116044483.81759092
5449,142802202.5093775
5450,108396142.06082703
5451,85696854.34193255
5452,154490178.0188061
5453,216165341.43478322
5454,150846464.915477
5455,60362179.722769454
5456,159479102.35823303
5457,109605726.14367613
5458,111076712.18170667
5459,109660549.68341228
5460,82017680.58442137
5461,78117823.52822319
5462,56987302.5787616
5463,110417752.61789468
5465,100578252.72868794
5466,35657673.70549631
5467,56393805.09452754
5469,76461626.28702866
5470,58725461.822998844
5471,91701161.21331653
5472,84289353.02666865
5473,163549689.3221201
5474,80731988.33481818
5475,124760785.62260322
5476,70329430.61075628
5477,87387117.32102954
5478,105243521.61023091
5479,106890634.75202847
5480,121895805.13058892
5481,140898868.59022787
5482,86972948.7668918
5483,74302234.22052953
5484,48862622.66597003
5485,99538272.52712539
5486,178483431.2904731
5487,152630740.88872373
5488,116596047.11971317
5489,94717045.83514868
5490,138389053.74946764
5491,90703594.59078532
5492,48552436.94797541
5494,103190958.46350273
5495,149435835.50969568
5496,56456799.65431795
5497,65267815.130894
5498,55941854.11806859
5499,75062576.27267425
5500,69313665.32567194
5501,142400337.55005875
5502,87839626.90591472
5503,132069323.79050303
5504,100924037.28595902
5505,89801796.74786454
5506,74761510.6627904
5509,44613451.636543475
5511,85503490.41262396
5512,59419158.61852666
5514,118189214.77230105
5515,73846443.76932777
5516,100581757.2598803
5518,41491291.788332924
5519,80660655.65341568
5521,59219384.998502895
5522,100919610.17766084
5523,76530056.15087232
5524,119579517.72549014
5525,73098483.92694382
5526,162246788.7066716
5527,60501728.177514136
5528,99039464.19961584
5532,115860887.66204098
5533,93962368.210835
5534,66208186.09544679
5535,46923499.25029482
5537,111187357.36826512
5538,67660213.12161082
5539,85157543.2355761
5540,60537478.36257877
5541,62968800.797275454
5545,53406176.72407242
5546,85650781.0058915
5547,125112127.94736502
5548,87065321.36162513
5549,177265315.76126078
5550,153359053.16101366
5552,55071582.54529855
5553,112447691.77404879
5554,114519121.81856453
5555,42367797.92471085
5556,74366445.76063713
5557,44053107.26008033
5558,135666733.53022456
5559,144037924.59918338
5560,126117234.22897807
5561,40948807.40607881
5562,145141022.29809675
5563,105533302.51074398
5564,51094414.651509136
5566,146021293.64948812
5567,54692794.43874253
5568,63070642.10694601
5569,72421047.57932149
5570,98142188.77790946
5571,53222942.72258505
5573,45562366.49199062
5574,79832474.90518716
5576,79036668.0533486
5577,67862696.11565366
5578,64849712.35926645
5579,82436270.41648653
5580,73642305.0136793
5581,70589667.6003082
5583,109346265.3891244
5585,65095703.53650972
5586,40822161.91525209
5587,106700814.537657
5588,61720675.31886132
5589,354256795.1852386
5590,58149246.36285032
5591,38261608.0112053
5594,148491566.75228786
5595,137287136.09813958
5596,60208963.08245125
5597,168177716.4621152
5599,70583480.0482128
5600,155229870.6370409
5601,51660986.90013822
5602,51003943.162820935
5603,100472358.68567081
5604,82629710.97998197
5605,59035240.52632804
5606,94927083.3953494
5607,85441141.8483983
5608,100898683.57647917
5609,91698821.14343776
5611,97447075.90117791
5612,97498585.92532578
5614,214317483.49578294
5615,53361940.921854086
5616,91259032.55002806
5617,67778865.47226246
5618,62953174.65072699
5619,85242252.80488348
5620,93960879.51045308
5621,82490557.6419178
5622,97676148.80547842
5624,127173060.7098206
5625,90575538.5576956
5626,143432890.7027435
5627,68788927.8394612
5628,117401760.82655728
5629,81323409.6573474
5631,51069658.11675762
5632,54098474.00810963
5633,87376911.71737169
5635,141570884.05042422
5636,62333706.33870076
5637,138088487.37972656
5638,219453931.73556584
5639,164884621.99836785
5640,48927820.09176667
5641,150619176.1857216
5642,56759677.41048469
5643,37679476.16534227
5646,102577530.9876531
5647,360941004.71695006
5648,194271010.8894362
5649,123196725.92094374
5650,107215843.67278889
5652,70486261.78696689
5653,212058075.97340512
5654,47827996.24378503
5655,105783656.06440619
5656,74019360.43355244
5657,73523729.01086815
5658,59059983.79340457
5660,53870400.40220401
5661,361141265.57262254
5662,101040890.4023678
5663,73898184.12022397
5664,63471373.05186657
5667,97300648.47629431
5668,289995466.7285284
5669,292457448.30909646
5670,105714246.16226068
5671,57964745.89859885
5677,76756873.18598431
5679,49826696.38930783
5681,65711552.46692091
5682,227983935.35912734
5683,45645927.60052245
5684,60365664.63892231
5685,210821313.5240188
5686,186853664.6322217
5687,61009649.790914774
5689,94636826.2476131
5690,119484327.840882
5691,93951050.6554554
5692,61530695.64264279
5693,72630553.18761194
5695,164327900.61384442
5696,103279021.47716123
5697,53864846.386007234
5698,135589461.4102369
5699,56410038.63189557
5700,108533365.07360126
5701,114106853.8399542
5702,100287701.0883246
5703,252121683.14038917
5704,87264887.11094856
5705,125709758.7802932
5706,103954116.9338742
5707,42664037.8260072
5708,103963960.8163915
5710,54694104.8850673
5711,114034832.35809384
5712,111748240.27081122
5713,90071743.79370242
5714,86197596.05930775
5716,66460286.68548525
5717,48081508.85604741
5718,94154347.21786992
5719,81703962.14257751
5720,66365624.72699357
5721,96072737.91635086
5722,55633206.35695725
5723,100139309.55137391
5724,83284520.39230078
5725,92696906.80477813
5726,98165487.08637956
5727,128455136.07886326
5728,115030089.21040957
5730,100153440.64643465
5731,91002010.42819062
5732,172526003.64637497
5733,105098465.36136255
5734,127248980.68329047
5735,116510352.74714835
5737,96867812.85940205
5738,190891041.49133897
5739,114203976.74100244
5741,57825018.08038776
5742,353680044.94159776
5743,98621820.52180292
5744,54139564.7966944
5745,65154517.61818778
5746,134459253.58545586
5748,271648085.15337086
5749,69717127.91937408
5750,77169985.52632807
5751,100679488.75290357
5752,171642528.76336297
5753,80308015.919896
5754,105236356.54047376
5756,362605172.8864744
5757,196653504.40763545
5758,52409561.46695451
5759,92698569.81518443
5760,96029482.52206293
5761,50755639.38925656
5762,40684509.33029209
5763,65486044.189981975
5765,58092237.176755495
5766,97517140.67734674
5767,131295800.79434814
5768,72901177.98909548
5769,62628836.76650683
5771,65555874.537562124
5772,86432701.09153304
5773,77044606.24344869
5774,95757824.03808843
5775,127573682.30713877
5776,77937884.75535773
5777,79462954.02372076
5778,102559395.77116144
5779,185395896.90827113
5780,48816250.70391245
5781,48588132.67103351
5782,50965094.249819934
5783,173700293.64660138
5784,106074829.01542567
5785,66037341.5216487
5786,52980660.84989365
5788,77546821.0617704
5789,63993206.229305565
5790,131017121.43540293
5792,82245335.37421167
5793,84599554.23925368
5794,53121257.90606407
5795,131087025.31853604
5796,92618372.64421163
5797,84526663.59564662
5798,108787203.09877712
5799,108498009.30161086
5800,101799213.92728554
5801,56874165.56937328
5802,96304359.17648095
5804,122045147.60286635
5805,100396465.54882322
5806,101962375.18172818
5807,117595250.63940883
5808,66497941.68715868
5809,89841073.03531891
5810,83821640.6480839
5811,44396738.315924294
5812,170207895.576746
5813,76482383.48219188
5814,149123106.17595395
5815,90412058.95864332
5816,84647121.78488745
5817,288070751.5874067
5818,73326130.28912246
5819,67766306.76422068
5822,70300073.72125697
5824,255844534.4784072
5826,66672502.406431034
5827,121007541.59216128
5828,51954026.91179769
5829,97030233.97039533
5830,54165448.267868675
5831,92636472.61614868
5832,94280823.4816693
5833,293589359.93339837
5834,108274808.48682448
5835,69795934.685018
5836,63370508.31741231
5837,76629506.67111118
5838,349717922.46239066
5840,39009403.942756146
5841,133109342.33282387
5842,88283196.46700116
5843,55381166.976914436
5844,47806015.2224391
5845,270342567.0401813
5846,69446273.7481778
5847,62068014.72684276
5848,115012080.76577415
5849,113654551.02707312
5850,254021003.54595557
5851,91995784.98349607
5852,59993608.23067692
5853,85330920.61716147
5854,185575146.00539514
5855,107924558.66817038
5856,88532346.99423826
5857,139994936.38458738
5858,85263141.20478357
5859,72513871.68569233
5860,49745087.24078199
5861,54966141.88935012
5862,77157092.3087783
5863,66025843.54576295
5864,100205028.51689488
5865,63887703.48809268
5866,88431892.34202904
5867,85350631.52480982
5868,59249064.3301765
5869,59291948.18537188
5870,50762528.36302074
5871,87252084.89883827
5872,136961864.796207
5873,121524957.70126107
5874,63658207.8277518
5876,191940258.26772743
5877,57003195.104995675
5878,64846787.46909052
5880,366531341.3085278
5881,76019528.63899668
5882,73838873.98062037
5883,100145285.92826286
5884,447656029.41396546
5885,68143285.45263545
5886,110664201.62534848
5887,31739116.359154675
5889,111333424.76502267
5890,57710556.78869711
5892,70240355.41018316
5893,140789909.861973
5894,64355431.955765486
5897,145045692.60561237
5898,113476080.93523091
5900,131268561.2726731
5901,138293572.82746163
5902,163893291.7737348
5904,98739109.42463411
5905,124968380.72068338
5906,197349641.5948974
5907,68896908.31355113
5910,44774104.17286844
5911,186147844.6583606
5912,51416925.83096278
5913,83004270.34201822
5914,87939246.09913942
5915,122079011.23818654
5916,209879070.80110246
5917,93622333.27362686
5918,62621854.312474124
5919,289264177.24583656
5920,77367758.38389638
5921,63422851.97687317
5923,111766095.70715521
5924,110018805.34351605
5925,86511710.70897052
5926,212717359.37538433
5927,88028280.44463396
5929,110188152.40617178
5930,228311017.68050578
5931,95014184.71930604
5932,90574274.44861558
5934,73419314.1937949
5935,83994750.02069715
5936,219611207.86052424
5937,86842373.93350732
5938,62797291.084650904
5939,258359988.20222035
5940,120847062.56947848
5941,70073749.26469022
5942,128012877.20994228
5943,104551041.06264324
5944,102139557.9768728
5945,65302321.62414947
5946,75277448.83830847
5947,65962620.16514234
5948,71671185.60789984
5949,182244557.74614275
5950,106906019.18229957
5951,52448717.2177836
5953,65472556.13237952
5956,94845319.42211512
5957,87406465.64756584
5958,226338447.8271563
5959,115184827.73585255
5960,38366006.080094844
5961,107315413.1400055
5962,55317296.40938124
5963,98446965.13940439
5964,284420889.63713443
5965,48793428.57798928
5966,67514619.28975049
5967,131476652.86826469
5968,102321256.91646023
5969,82783745.93722905
5970,76065003.42739072
5971,79400432.20258263
5972,85549779.33385459
5973,69568396.42272234
5974,103191018.3852624
5975,125558297.688049
5976,129674640.22703975
5977,170933239.0491161
5978,95930450.68230067
5979,58693085.32338459
5980,145154064.87617716
5981,119320277.27257968
5982,139909129.74268323
5983,80619237.86096713
5985,255229731.52397346
5986,140407331.105344
5987,155573008.17878303
5988,130513109.37558338
5989,173702745.3188182
5990,60319918.33959162
5991,38113804.53841262
5992,102703230.52367127
5993,90113977.23963855
5994,113860512.0819065
5995,55017459.55385687
5996,155152140.09392267
5997,194746802.483893
5999,95809278.34249665
6000,132289032.059953
6001,101895037.77403706
6002,105182987.89951825
6003,65286259.84631793
6005,83362202.64121616
6006,89294873.6186609
6007,72077083.20655996
6008,77590085.58249262
6009,227367887.62047103
6010,76705182.97954355
6011,54128371.5039109
6012,189531253.99299344
6013,119854072.272181
6014,83933630.30460835
6015,67311866.99937992
6016,147377479.7857621
6019,58680027.89574548
6020,181865418.71997383
6021,116739079.68553406
6022,48910608.3256243
6023,95785076.27647354
6024,66805208.17843146
6026,81012322.02748
6027,202985341.05540946
6028,339443880.5222094
6029,64423068.983449735
6030,211591633.60908335
6031,90779439.176209
6033,45467649.21726067
6034,83570724.57747559
6035,117750198.95011249
6036,73841960.05387853
6037,104265913.78349452
6038,92370199.61414225
6039,117211721.66695894
6040,83161658.92504859
6041,69812967.619499
6042,85510553.49699774
6043,92799011.83987048
6044,76884607.37341994
6045,113494844.49731642
6048,85406750.90174206
6049,91438286.16595273
6050,58050813.239096455
6051,54207552.483793266
6052,219026316.54937342
6053,81830876.0184747
6054,167644501.49986315
6055,153526238.76758778
6056,193776098.3601534
6057,90721594.54664485
6058,68801039.6183244
6059,124479997.81189021
6061,65163849.41292871
6062,160858998.72006157
6063,130406857.79180695
6064,93017590.96376991
6066,65415857.62898004
6068,234604746.40441245
6069,53393903.73666411
6070,94585105.56831127
6071,63143710.25765659
6073,24961611.4918463
6074,83105475.56885427
6075,113764915.74065897
6076,71398344.18430135
6077,38820477.390987486
6078,130916376.97580579
6079,71320032.646703
6080,41939982.7420115
6081,121034499.48318666
6082,108456912.56797417
6083,64177487.785502724
6084,73396125.09635198
6086,76141472.84747174
6087,123435641.34889877
6088,61703196.1816209
6089,161069898.99837124
6090,289053861.5340151
6091,64661396.88882527
6092,109517657.34406742
6094,138751236.53948253
6096,50898869.23186222
6097,74024502.9298805
6098,59588304.11039518
6099,80560923.97509283
6100,135396361.99085185
6101,117654431.40438998
6102,162650832.29862225
6103,79741799.49993344
6104,250361342.93229946
6105,68258006.25063859
6106,48062721.74057112
6107,337222742.6523024
6108,91859157.41651638
6109,133190167.20949697
6110,61194350.819598526
6111,66534316.55216741
6112,81155131.12813956
6113,93155467.98023966
6114,118081940.30111963
6115,82242910.55413152
6116,54798277.002517946
6117,92056886.52669987
6118,36268404.891463704
6119,102606839.29451227
6120,69149457.40960622
6121,93153350.0522221
6122,30536981.044739887
6123,92003024.07958686
6124,91685169.63836099
6126,119403926.63225375
6127,179133149.4470569
6128,72589267.99111037
6129,84280662.72782058
6131,47764362.88759944
6133,114163517.7266475
6135,75016486.46737581
6136,141886672.4074033
6137,64191322.895026654
6138,95649631.76820254
6140,70732717.77734256
6141,81922955.15351509
6142,165130600.75814483
6143,40155376.81617008
6144,115693388.65833215
6145,55263330.059269875
6146,187610315.837242
6147,85023240.62804392
6148,140829301.13644952
6149,42145494.45765439
6150,69789584.5443435
6151,46600231.683311135
6152,141190893.91801885
6154,63602493.350830704
6155,55638099.67505324
6156,295832386.91721433
6157,183954711.65945664
6159,63592488.985505626
6161,59255632.78403192
6163,69397728.29520753
6164,109577779.98048499
6165,93540169.53170803
6166,80043114.36656666
6167,77020041.5396394
6168,183699607.8743238
6169,78339661.92615011
6170,85012260.7831069
6171,102330610.29777586
6172,80377337.25286217
6173,163893147.98429188
6174,43726245.916598156
6175,80298848.63587269
6177,323847351.2037274
6179,46762208.3145849
6180,64206781.37071726
6181,70520879.22328714
6182,132415704.23806861
6183,113835091.62179281
6184,75451293.84838356
6185,126745087.6278289
6186,116612126.14489418
6187,67798492.38149999
6188,236864559.51538426
6189,91797652.8789911
6190,65490936.574868694
6192,83339720.34243768
6193,84704044.94407609
6194,69759332.16294268
6195,61983905.80631682
6196,107893786.319749
6197,197908127.44204915
6198,83938394.3364539
6199,72487798.81200048
6200,98298439.89024314
6203,113385209.67282106
6204,82060591.8789062
6205,131107997.36262539
6206,185243659.60230583
6207,73621141.79764044
6208,68508260.26981749
6209,54649360.28922175
6210,82747000.36919117
6211,108396439.19575328
6212,83856944.77305582
6213,53293840.02214372
6215,101573730.96275969
6216,113021001.71314077
6218,65479313.13780662
6219,86141415.36940622
6220,123637481.90284595
6221,57938960.75175005
6222,161860896.74285248
6223,246286113.1055706
6224,90619729.67045183
6225,183656211.26092714
6226,231054419.09456635
6227,92384453.50846191
6228,123858504.72774082
6229,53551420.29599243
6230,94209650.24795747
6231,43743952.6265161
6232,71603276.30949281
6233,78644080.32465395
6234,86094472.99935457
6235,139667149.63903686
6236,114003974.78848639
6237,54063007.19641952
6238,159474187.39474472
6239,85750402.47170328
6240,80204045.99060853
6241,70252882.01925793
6242,222586920.2535024
6243,44194111.47694713
6244,82696816.56625691
6245,124953666.09411934
6246,88433048.66870905
6247,70996140.71249497
6248,95492819.27178729
6249,102101670.63525094
6250,47237780.16649178
6251,92811936.42577362
6252,115204404.14498754
6253,208398617.65666315
6254,102643886.14357123
6255,83839985.10510403
6256,166941540.69141883
6257,314939570.38822997
6258,122575532.39449733
6259,136504021.7227909
6260,66791312.40037172
6261,43364072.47477155
6262,116614160.22508956
6263,60405475.79691433
6264,79955122.34221472
6265,113075491.08127186
6266,188062967.29994476
6267,45022237.80804245
6268,320596321.05066246
6269,59228486.812261924
6270,88354942.94144154
6271,64471287.042435884
6272,47417153.90069831
6273,114850218.49821357
6275,69529339.36924341
6276,57678850.05928366
6277,139371778.0300763
6278,63798832.597562864
6279,158037902.81878728
6280,55330209.57800058
6281,65102433.63822867
6282,214632375.43167248
6283,89673466.99917357
6284,55526616.51554336
6285,85011287.66752735
6286,72623900.18308046
6290,179502108.28675032
6291,83384069.20236206
6292,172105437.9074501
6293,73730054.7982395
6294,56697730.641846724
6295,97842188.1565446
6296,57699054.935507745
6297,150102903.30260578
6300,117874913.42328243
6301,74295452.37239483
6302,91405736.75469603
6303,52533599.0334205
6304,90319081.10751969
6305,46201907.827522606
6306,351596443.2675702
6307,113784294.52586967
6308,108239691.29732554
6310,81045099.87114511
6312,104751951.48940341
6313,50748500.78239809
6314,45518319.71498911
6315,79060200.10097823
6316,78452073.47961992
6318,60478145.31714621
6319,66961823.391940065
6320,191667321.87116635
6321,60610249.242635205
6323,44113162.180489495
6324,72376551.2803655
6325,76297236.86878362
6326,83906391.51458563
6327,51952989.95351525
6328,78337598.47742382
6329,78608146.8621395
6330,98133716.64959425
6331,157858185.72880387
6333,90585830.29158288
6334,181189727.20046765
6335,70034360.10272612
6336,62530606.75778289
6337,73183124.01456398
6338,81510204.18873267
6339,60957516.285181895
6340,115295059.70405255
6341,60066119.16157344
6342,55641942.603085935
6343,123044527.34281626
6344,149959245.36980975
6345,57863403.43153213
6346,38463452.156748205
6347,62006065.03776394
6349,75405720.4968597
6350,214542851.82261065
6351,103592503.64813334
6352,52042315.1834569
6353,65992075.59089351
6354,161415092.39323205
6356,107925822.45155235
6359,69289676.7924489
6361,168889740.90948325
6362,108742465.22827381
6363,91321638.38350585
6364,65261961.98941306
6365,63886326.56433067
6366,66969682.958053686
6367,95700857.35607478
6368,93370363.15967803
6369,103186894.8273735
6370,164924169.02652246
6372,67538487.3856903
6373,43655782.99874366
6374,58617778.61576043
6375,57107861.035472184
6376,113794521.43640816
6377,79650356.96833591
6379,118205720.01845527
6380,74159454.27139042
6381,144429708.75084317
6382,77086435.51026447
6383,104752346.89532651
6384,80286971.93943164
6385,39766158.57693715
6386,137916887.1322867
6387,156955768.45256555
6388,98520320.37406749
6389,105101664.05650645
6390,112750298.6507774
6391,46874519.66345377
6392,105898003.37114838
6393,80656846.93010288
6394,155829437.97259548
6395,30725418.79832474
6398,43101146.06110759
6399,94361669.70538566
6402,79286467.52820116
6403,95227186.29162809
6404,98000688.57437211
6405,122495737.85530314
6406,60684506.77371381
6407,50640045.399561465
6408,77338744.74375051
6409,59648833.6619338
6410,74289211.46255216
6411,61480577.966658644
6413,82194937.15427938
6414,237895636.8177141
6415,61153177.29167006
6417,210332494.5459664
6418,63800123.81029381
6419,60535227.653424986
6420,89337445.94621998
6421,316749832.84827894
6422,48368308.54867958
6423,73632940.61016089
6424,71360261.80041988
6425,122000504.39322197
6426,131596093.46167924
6427,110290777.73954147
6428,47197696.81824548
6431,60381722.437735826
6432,37439679.65323565
6433,99241754.28667736
6435,57987346.992869936
6436,87843852.85824858
6437,124357458.14967301
6441,85238411.91729635
6442,83500213.13662767
6443,111558852.75822169
6444,140910568.84545302
6445,79078940.00533065
6446,89301839.87158427
6447,54407462.50046214
6448,110517209.57990451
6449,227359253.7125032
6450,110099452.67091319
6452,81127420.1914095
6453,112063668.65252742
6454,95418698.79226895
6457,38886629.62033182
6458,159407149.7495932
6459,50956068.09322337
6460,43885528.16039833
6461,160527060.81568226
6462,93045660.9081464
6463,144002757.12952402
6465,84727528.9556306
6466,82562441.51802039
6467,60681164.7795088
6468,73527784.06691888
6469,102692434.48523837
6470,90171322.24154809
6472,116781822.51711015
6473,86491987.26960622
6475,93726157.83298875
6476,125461601.83466981
6477,49247014.94477737
6478,141723963.1637929
6479,95415855.251238
6480,140843698.81574807
6481,66843387.27326763
6485,84566182.17386667
6486,151690638.9451949
6487,64338575.68861391
6488,233634298.33961415
6489,74002355.04826404
6490,61428824.2704556
6491,127050098.27539514
6493,179518916.81936434
6494,57369576.00870359
6495,53666500.423783414
6496,50969592.66443769
6497,94248075.29590099
6498,40092096.058621764
6499,139671309.57797956
6500,75439273.61798944
6501,82377567.50526601
6502,131831131.42420088
6504,36677968.323122874
6506,64248352.324731156
6507,99806210.49851073
6509,63203115.54333893
6510,81322901.2924225
6512,113866644.18340333
6513,120879310.25532345
6514,112866336.73038653
6515,75632531.35799173
6516,72195085.13090852
6517,65764169.70396167
6518,44042387.68590662
6519,257916409.58289474
6521,113640809.28874324
6522,52985666.21895459
6523,69163198.83954795
6524,290657593.6665878
6525,53975008.72441332
6526,56217615.95138719
6527,84864507.87382297
6528,113129701.21710508
6530,73874017.6749742
6531,70936633.4523374
6532,103613545.61133383
6533,28884046.341628537
6534,261528447.4237444
6535,55650527.10094763
6537,60246519.06350777
6538,84692864.53495848
6539,237837213.37458968
6540,71667297.88452098
6541,81213653.95240088
6542,103540498.1324732
6543,70983248.31013767
6544,146459413.9034966
6546,77570097.7578335
6547,188784956.72005013
6548,186859204.8406761
6549,72674865.64169113
6550,69641878.21288571
6551,77271786.73084107
6552,238383340.7614283
6553,73798065.66079676
6554,60743198.40295508
6556,73066432.90875807
6557,133066568.31351623
6558,111031123.0290232
6559,161289678.6122443
6560,67489228.48040015
6561,80835946.00450528
6562,54566231.82424694
6564,111862563.07213756
6565,63952513.29528524
6567,86478512.36956993
6568,91998712.07464555
6569,145887477.3869086
6570,105538071.81905328
6571,63877136.04595342
6573,60376001.14498025
6574,108851314.67508689
6575,83727746.06595916
6576,85710602.27673014
6577,118151074.12164706
6578,69386201.40027304
6579,47478569.47562217
6580,79662627.85482508
6581,42404477.16616147
6583,92882801.38430573
6584,107676015.63692799
6585,93469526.97113019
6586,43723194.04159734
6587,61581373.15675562
6588,137338153.96134004
6589,280762946.14317745
6591,119946446.26434353
6592,75766025.42964327
6594,111617306.31504788
6595,52408946.30671217
6596,260931590.9003797
6597,88511604.8911838
6598,151804327.14297086
6599,68119888.1802194
6600,92357004.16320582
6602,84444642.97572374
6603,53560224.66711528
6604,93166748.4685125
6605,177638012.6804688
6606,98690478.17370492
6607,181419826.1241018
6608,81838393.82923315
6609,115745930.76074038
6610,138527288.3891682
6611,42152331.341686055
6614,52809347.325033635
6615,143652882.17004088
6616,113363839.5176357
6617,88712516.41680084
6618,95586852.92000073
6619,90718046.19059584
6620,72191068.55292301
6621,117021316.94713335
6622,96740494.03248021
6623,113119387.2949692
6624,195543907.920422
6625,95256387.84661964
6626,123573922.36564441
6627,144426933.57894087
6628,99890718.91901174
6629,56281849.87183855
6631,231579717.4099056
6632,120462498.60713649
6636,62924560.23729137
6637,119990138.90186426
6638,98688514.82316482
6639,58501420.49242611
6640,109223657.97008033
6641,114301345.61097722
6642,74339830.54353674
6643,156153950.55586097
6644,69537099.4832827
6645,57125738.54158951
6647,64065929.21851399
6648,80304355.43050408
6649,93356334.97333623
6650,58138526.94341065
6651,47933219.524218455
6652,43369464.453350656
6653,35889726.46368093
6655,78459469.8985115
6656,234123625.59030625
6657,66354225.865483776
6658,107703351.53406644
6659,196356238.50935057
6660,55078780.702734776
6661,53616940.062764294
6662,93449735.26505229
6663,102033200.12003028
6664,73222294.11520782
6665,89087927.75645977
6666,128363022.89013568
6667,87495129.27787623
6668,88794125.1339214
6669,94670142.12760323
6670,99989202.71750855
6671,48456810.27065438
6672,52232186.77490011
6673,449730490.5218694
6674,86377987.93548253
6677,108523608.37806508
6678,100845310.10537858
6679,49407500.33729807
6680,68606884.72592744
6681,201828971.2277948
6682,125810806.31169711
6683,123910744.98582569
6685,117756425.90824698
6686,186178270.20621854
6687,109091684.24966116
6688,81135523.12592828
6689,69809828.5826338
6690,64176454.54586163
6691,345261849.8935329
6692,93974940.70131792
6693,53223647.952333964
6694,51318677.55828777
6695,200774323.3515067
6696,212907627.0246659
6697,73793273.1272361
6700,93537347.76836067
6701,59920727.17604391
6702,39912273.25788737
6703,116785008.26589352
6704,154621831.85550258
6706,84455826.35671616
6707,71517147.69136733
6708,174192580.8228109
6709,45148497.04922411
6713,172519864.64156553
6714,95389078.72233209
6715,63767800.92993531
6716,50574120.53613185
6717,66896537.57490882
6718,126267407.97207917
6719,153059502.08305582
6720,124905474.20707183
6721,77463675.53563757
6722,55874079.17846622
6723,128034133.75357196
6724,233941597.59267277
6725,70489441.12109947
6726,137629697.42644626
6727,48864499.19590012
6728,74190917.95677704
6729,45982969.12358934
6730,99097065.65821895
6731,229426919.35604712
6732,234501855.01980537
6733,232963802.48656374
6734,50088508.315721355
6735,37832025.86953606
6736,114316019.23516189
6737,183960747.83061802
6738,88760517.66004223
6739,43793704.879299045
6740,75810412.9270769
6742,85517198.38073093
6743,239083588.08572033
6744,64362939.08744627
6745,151622902.31335115
6746,168331567.7872587
6747,64680226.752639994
6748,133531590.32610333
6749,64120568.3484151
6750,63084212.87551057
6752,115907880.33723019
6753,114760768.8190261
6754,37049517.49092414
6755,58376278.004585
6756,49439710.86609168
6757,66320175.32451119
6758,54232001.11257763
6760,84671542.64665066
6761,75642884.6230275
6762,84944120.75212622
6763,58898601.2210194
6765,108951818.05441575
6766,132379808.17907554
6768,93543979.99394381
6769,95861102.00989744
6771,79706825.79604591
6772,46760892.02325995
6773,66581898.96374563
6774,171316532.72812614
6775,59239182.920962155
6776,58619853.73682892
6777,58439859.5715391
6778,70363389.77687418
6779,60256622.57637673
6780,61920948.90737286
6781,63563809.33960837
6782,173482654.3499955
6783,154553835.31950188
6784,291339067.3325385
6785,65369010.039919905
6787,129403817.02191673
6788,50730869.894410424
6789,130614219.05775018
6791,148324512.1467874
6792,49724406.00252044
6793,177493041.9420718
6794,180543979.17802417
6795,37230931.878569104
6796,71324437.82530674
6797,200951721.1468467
6798,125182811.3719785
6799,120628603.3015501
6800,325495850.65769005
6801,61997917.4313163
6802,48212681.845691115
6803,85742314.02040604
6804,103946973.54745604
6805,112180980.15752232
6806,34126322.17349541
6807,84542014.89173995
6808,136080338.88403136
6809,119643221.00546439
6811,89246188.68639553
6812,116261553.65444815
6813,73551171.59093738
6815,66114669.629958004
6817,258678451.82054546
6818,177088459.7617204
6819,58397222.69506613
6820,164055252.22135344
6821,58654808.289264016
6823,93756874.41638166
6824,96850658.93229824
6825,107096899.53561597
6826,47888454.89114802
6828,113716359.50344652
6830,74097110.33470511
6831,83747378.64425036
6832,67832438.894118
6833,92951602.22824574
6834,167808874.03796846
6835,105604707.57497984
6837,205856004.38296115
6838,99744655.00324252
6839,138535340.56446755
6840,102539555.01355532
6841,52067236.090860575
6842,98245438.17847905
6843,68170822.55263059
6844,87846636.80109899
6845,66893924.7574309
6846,79104586.1127839
6847,71546164.6299558
6848,64222533.289700076
6850,147502653.07992902
6851,50792118.74164212
6852,110735339.64644116
6853,83014042.60285713
6854,85386806.46859783
6855,31877337.050024055
6856,99526271.72970346
6857,277887617.73377454
6858,106864510.18387917
6859,111554816.48695542
6860,118677378.5373037
6861,95509829.50906521
6862,232428825.6590225
6863,93838096.66104367
6864,84896311.59681478
6865,55953580.11304881
6866,100970341.89604524
6867,129367215.79535447
6869,231043403.85097402
6871,114033227.33929819
6874,144891573.25488618
6875,36970219.4714668
6876,40594203.259883985
6879,93527339.50815544
6880,84957285.50341874
6881,76670566.65956116
6882,96528774.41839138
6883,232524314.2785111
6884,58917251.78883859
6885,101006920.4169823
6886,78398543.82321243
6887,101277296.91354692
6888,71794173.46444148
6889,68421283.55927129
6890,80274327.20185931
6892,120043305.39191243
6893,80780303.20694649
6894,74043778.51551995
6895,86432406.47771242
6896,89908040.47154264
6897,73660633.37135857
6898,74940529.38069332
6900,100183054.53869903
6901,133798562.4251977
6902,66592618.7387553
6903,106128045.70367911
6904,99441443.72965883
6905,200024504.01050735
6906,134953987.6858245
6908,231335819.40961412
6910,52233154.78916901
6911,90245201.07118972
6913,164854369.07816967
6914,54245654.763777375
6915,113475047.71298963
6916,81445852.05171156
6918,87433914.89268778
6919,114816008.6610983
6920,41156389.932228744
6921,58197376.60661116
6924,60049077.84411068
6925,162748201.88307297
6926,34413273.17067471
6927,115248514.04666543
6928,45627269.025990866
6929,73614130.59484392
6930,66434598.073737554
6932,75405020.85106727
6933,188392352.01704574
6934,187597529.536711
6935,156794665.73835915
6936,56394910.74081603
6937,150189201.26299658
6938,84901840.99663736
6939,146870128.39228266
6941,128621036.06794953
6942,107217681.42931573
6944,56115876.927675396
6945,58423116.809701174
6946,49734967.81436149
6948,40377617.40577317
6949,136612915.3376084
6950,61499877.0428908
6951,136033501.55455106
6953,142738323.83326742
6956,92921015.92073347
6957,108114350.64570224
6958,103927746.68585539
6959,56385529.00173043
6960,71312879.54606536
6962,85801646.05672885
6963,62874366.7303662
6964,81260818.24439831
6966,63512331.797335155
6967,108545537.14376119
6968,201173005.4166152
6969,109326261.18037875
6970,80353399.6577105
6971,73603525.09679109
6972,75419831.46207523
6973,73970675.61916181
6974,51720414.435386255
6975,189250676.28840315
6976,59959018.9649723
6977,61336682.98917192
6979,110534445.77647306
6980,100420278.39866002
6981,85190625.65764424
6982,56345768.510094784
6983,188503562.84218854
6984,61914021.12106098
6985,71761026.62969476
6986,46267423.2211917
6987,126851607.77327904
6988,56987179.82718551
6989,108058655.85378233
6992,67439262.84639674
6993,73623958.25342846
6995,83811539.07364699
6996,97993261.15895991
6997,77430325.8906644
6998,62869322.505501576
7000,83412896.88872628
7001,125654461.8391806
7003,80446897.34279174
7004,67972740.14077069
7005,103464627.22264706
7006,115322002.9891752
7007,70204502.67787752
7008,64342671.50194432
7009,80496925.65810737
7010,88627168.55972716
7011,78078845.73980704
7012,38811970.127041474
7013,321567962.95706135
7014,45352719.813375786
7015,60730616.52350484
7016,55018356.47037121
7017,52795747.28824948
7018,79667223.68631838
7019,97125902.73040614
7020,106900475.21812156
7021,66490597.59993245
7022,55041345.7611665
7023,124693940.66214904
7024,90020824.30676204
7025,131635264.66252457
7027,92982094.20647603
7028,183621936.98495018
7031,113290527.91413718
7032,75910810.56577346
7033,66810782.7632136
7034,65418094.987121895
7035,78214886.78137511
7038,95326621.81963348
7039,60983883.33262956
7040,42117072.70731245
7041,125677059.27745649
7042,91625799.53520496
7043,102469152.07325205
7044,73837638.12661009
7045,152715096.68557495
7047,133756949.73368338
7048,71684064.18345898
7049,106080205.93361185
7050,129403393.04377313
7051,94524731.73897484
7052,70138336.22448659
7053,159786947.60107774
7054,89015352.77172759
7055,68704159.32606873
7056,117662558.26019523
7057,85029221.68689245
7058,79168181.87159325
7059,82218787.49592602
7060,69329281.72679523
7061,90878202.45415229
7062,67276173.71148616
7063,51702042.909923
7065,259313519.82993734
7066,236418286.9895138
7067,180965917.74269903
7068,56956587.69930872
7069,161791236.30200276
7070,50644838.34177557
7071,81753556.75640692
7072,201929516.17377266
7073,174977974.6784096
7074,82822450.3317138
7075,88113177.97628616
7076,122797651.23757505
7077,63772825.616793275
7078,97301185.30943403
7079,69826679.58611484
7080,77303381.90382862
7081,71617551.26545823
7082,90985252.68547466
7083,187188317.38071176
7084,76889615.45127313
7085,136275086.0850079
7088,60509717.27576139
7089,176510690.088005
7090,127212654.54054129
7091,138919353.77136385
7092,102567226.76013571
7093,48756390.39551858
7094,72886962.88473554
7095,58109920.30427345
7096,64731913.400697604
7097,129659795.03362775
7098,132853607.92912745
7099,113486272.94790035
7100,87742684.41733262
7101,82060183.51502986
7102,99002770.89170137
7103,88029079.27337754
7105,108805622.40556952
7106,66380256.4405538
7107,97338187.00044213
7108,90308588.63169065
7110,64954666.01916743
7111,69731449.4965693
7112,90339056.30143833
7113,112896418.29850781
7114,46129740.51639481
7115,96062559.09466742
7117,74841438.10033411
7118,81950270.39140415
7119,76829878.991981
7121,103475082.91874406
7122,83572928.60448362
7123,94697292.91655907
7124,138224708.7294167
7125,91790815.65735084
7126,173333176.80667818
7127,89590323.0960045
7128,191100336.57145393
7129,67084636.71777785
7130,65542465.485581614
7131,156755717.24763915
7132,64709808.14589555
7133,79117351.0482873
7134,133318433.18802097
7135,48155361.41755737
7136,114390484.96465163
7137,51112748.716418386
7139,107265707.10693675
7141,56533499.43301
7142,134572184.31566715
7143,209506996.86599684
7144,88328651.03324875
7145,88257599.56847198
7146,48678019.821316965
7147,66901276.54157396
7148,67572743.17949183
7149,90704823.69063532
7150,60045155.244498074
7151,112301220.8470753
7152,86163865.37871563
7153,90997229.00558363
7154,90578572.92673795
7155,121033094.62521936
7156,107523912.94736707
7158,69330380.72944036
7161,66376460.68857663
7162,61730521.180347495
7163,94360026.50327885
7164,161553498.75939202
7165,72874824.82833755
7166,211016510.0061344
7167,81174161.75558369
7168,40883463.08529058
7169,167769041.82546613
7170,56629333.05318504
7171,201898823.77174118
7172,45843994.27638867
7173,57631481.42320663
7174,108572417.3430253
7175,164384030.66724288
7176,193454200.9560663
7177,48481295.46282198
7178,114628952.32787769
7179,80573278.7480831
7182,86369271.34880808
7184,80565593.81447963
7185,71309589.47815
7186,38143289.32980772
7187,55532458.62267574
7188,63356536.57529783
7189,56400753.5100078
7191,98117852.68133992
7193,106152912.11654639
7194,86662300.65372351
7195,56315623.17709704
7196,127497912.36576672
7197,46999557.485061735
7199,61061420.95013807
7200,83814902.47163847
7201,49233449.291005865
7202,104949744.16750488
7203,130611354.49228051
7204,71441847.7067848
7205,140082867.73615962
7206,60660810.37134179
7207,91502566.26521374
7208,67864004.23137954
7209,161966763.96383274
7210,98580724.63478789
7211,90783713.3961827
7212,81675094.75523679
7214,99977350.53223845
7215,88081082.06008083
7216,149245998.11403063
7217,173843860.3053947
7219,149596642.5289237
7221,162186946.55209038
7223,81880053.4506392
7224,77803124.73652309
7225,165601283.46135265
7226,35561616.124172
7227,145131027.2844786
7228,49511828.28349272
7229,111808780.5384051
7230,85736291.41975896
7231,67543542.52486336
7232,83813180.70795828
7233,48908766.79995908
7236,90743244.08988857
7238,68668351.9069129
7239,59556334.69118008
7240,78160654.05464193
7242,95406022.86401983
7244,120054992.50290145
7245,56705477.78561976
7247,63392029.373904325
7248,78751848.65768035
7249,76454924.03927597
7250,61908132.859254695
7251,60418294.833508834
7252,70857691.82274264
7253,47731404.26684597
7254,118467593.7868363
7255,83161241.97770452
7256,116620832.10219747
7257,98061716.05319002
7258,192863677.40962538
7260,319918711.67491305
7261,216578456.82428193
7263,119816534.43178606
7264,67643643.85894872
7265,147799880.21865928
7266,164916105.18250728
7267,130286914.15939495
7268,65780886.47093959
7270,117772388.11253047
7271,53211342.22660063
7273,68765843.2042609
7274,92771342.70681931
7275,213486080.54603738
7276,151329182.98170674
7277,131529812.58205548
7278,191392733.59365085
7280,29597858.504600484
7282,106419736.84733784
7284,82429571.83568355
7285,81725098.49030784
7287,136944916.98351935
7288,75169454.77113642
7289,93794777.17241961
7290,86524764.89897072
7291,45356169.045666754
7292,65869927.3171047
7293,59573823.55961931
7294,54431849.83358001
7295,105220834.78992319
7296,89448016.05374199
7297,50475830.73882121
7298,195010385.14375257
7299,173743295.81935865
7300,288266309.4144138
7301,177052791.69297355
7303,76893716.15351097
7304,72770751.29611604
7305,131322482.98916228
7307,197236168.69159567
7309,85948749.79887082
7310,70942893.34083119
7311,109391392.34466018
7312,104564416.19576907
7313,108053978.36304861
7315,61576221.02637781
7316,111616486.32828058
7317,75754910.66705608
7318,84620929.89843798
7319,94578915.92909902
7320,161348817.21896943
7321,75530817.3010341
7322,106920979.09392773
7323,108682723.66630211
7324,69382000.87970418
7325,116164290.21905184
7326,193119027.25101525
7327,67778915.25983372
7328,125088537.53677294
7329,44295627.02875552
7330,88227246.54032345
7331,115207196.5935394
7333,66464864.476233326
7334,49503565.092507735
7335,320986866.9082835
7337,68636584.03321618
7338,55082496.53796606
7339,106521057.77038789
7341,65550167.21729861
7342,88283066.98637705
7343,91024649.29981154
7344,71795220.1070252
7346,198305202.05072483
7347,236848074.75346828
7348,108288746.41394559
7349,202814267.7129023
7350,95420283.93738717
7352,249058508.50302148
7353,49849659.87037306
7354,106762730.32806823
7355,59765597.979149
7357,60868537.261874154
7358,124265722.7004636
7359,81789736.29601
7361,51591721.72105435
7362,69901843.1308007
7364,73684577.7772519
7366,75577430.54313354
7367,68546388.32783785
7368,81290870.36469924
7369,75978400.04489523
7371,157051123.92183924
7372,103324764.0974088
7373,87079351.44493026
7374,138720002.64537823
7377,88868534.46062402
7378,71017417.82432461
7379,69663287.27894416
7380,56768967.84740226
7381,212320022.98703983
7382,70380240.3248846
7383,74686769.21207657
7384,84924469.74987042
7385,84960576.81196588
7386,55150434.502264954
7387,66357087.41855788
7388,53598170.67240417
7389,145462059.99010623
7390,98110263.60248569
7391,96483060.41661802
7392,73921881.561956
7393,87134820.24717924
7394,129808971.5514535
7395,87016824.1483097
7396,55180817.67202802
7397,129810420.62113717
7398,150341180.23734635
7399,67868395.04665619
7400,121284281.28439172
7401,111267621.63552411
7402,110778259.12209882
7403,75689479.53225324
7404,104249137.79104364
7405,73548725.2451344
7406,259972876.74167284
7407,60082954.69896306
7408,77213788.32615882
7409,140191549.489807
7410,115137528.06669135
7411,70304214.40232345
7412,42326179.72404282
7413,80528826.67735375
7414,124657697.56501152
7415,81637342.91419747
7416,46306055.01997147
7417,54386908.48855321
7418,96644637.88815078
7419,56918319.67890966
7420,94333807.51547636
7421,50959043.86837126
7425,75599929.5348189
7426,75232562.07562618
7427,81961362.33774474
7428,65488061.38919203
7429,67097834.90476315
7430,109281314.20588371
7432,209426654.07702467
7433,59091832.38468866
7434,87192468.93045294
7435,65406794.00127421
7438,100736950.0918275
7439,160877920.2448008
7442,67874390.13618086
7443,190152125.0759517
7445,75123300.31214744
7446,107930484.05315723
7447,77116135.12323692
7451,61011385.376762226
7452,52086457.592552364
7453,101023590.21207246
7454,63818596.61719863
7455,183783496.18016863
7456,100978895.62622985
7457,98358091.6335959
7458,77472520.6837364
7460,74668669.39881666
7461,74973898.11314501
7462,77956954.17509899
7463,237516200.21636856
7466,86311018.45793723
7467,103760984.9444944
7468,128441248.21433146
7469,49568844.669919655
7471,63206420.8547723
7472,205801686.34511337
7473,150746617.93501627
7474,75058821.68131226
7475,42309366.544494174
7476,68690416.66879739
7478,45161383.79418292
7480,171042351.1168527
7482,98484550.21805507
7483,101244953.7609227
7485,108201587.93106362
7486,91817283.27561486
7487,97704222.4275462
7489,205099802.2488274
7490,161672708.29253158
7491,39116781.84982181
7492,31888650.231566466
7493,77556401.96973878
7494,60618753.575369455
7495,98543113.28348571
7496,112113080.50214563
7497,54801610.98170175
7498,58917690.389460854
7499,94355342.54756193
7500,84928191.19372874
7501,116319107.74082848
7502,108251214.16610314
7503,173282483.3303532
7504,239869819.15771192
7505,53212321.96508494
7506,135513871.54905185
7507,39917636.33825666
7509,80002823.19735801
7510,118579095.95834146
7511,177899544.99010417
7513,110831253.41075246
7516,66636169.90556957
7517,82923037.32938333
7519,76685045.38471214
7520,100334984.83153161
7521,69013243.23673195
7522,88750671.86524016
7523,144704248.45584327
7524,101559374.16689523
7525,153484697.31615847
7526,57088845.39058006
7527,64352861.567108236
7528,78752568.74913087
7529,267698178.0219292
7530,126475451.69575647
7531,58173904.78583961
7532,101834164.40809506
7533,57038258.11613192
7534,121298245.30833174
7535,44753966.625661716
7536,82398228.9017207
7537,32712185.2449821
7539,97592274.04081006
7540,112949347.77171472
7541,57208040.02201887
7542,40850140.01726353
7543,77322361.97252855
7544,44456676.62366144
7545,74874734.20969282
7546,73673213.03800732
7548,148234457.7126891
7549,89522069.74698949
7550,294437055.3567125
7551,73439964.33337528
7552,56029301.850156635
7553,35082207.81691186
7554,71246397.29268552
7555,77158499.39367649
7556,128270833.37818137
7557,86650484.10076705
7558,155639554.66607636
7559,48393983.95091145
7560,71812649.73898298
7561,99190610.87958337
7562,60741163.7364437
7563,41861471.186946705
7564,190418346.14968744
7565,95804118.41101319
7566,77682728.0507055
7567,152286494.050878
7568,58906680.97033824
7569,93096963.11439148
7570,70313317.95015028
7571,104249006.41481431
7572,139178480.80365452
7573,140705657.8190534
7574,63298129.221709244
7575,94679068.47467393
7576,48954907.23338804
7577,85035916.26311338
7578,185603499.71366274
7579,196371032.26326638
7582,127427708.15118374
7583,44276519.87007408
7584,102962318.8844304
7585,29965700.816763714
7586,91583824.57495129
7587,50467702.71626563
7588,67252913.82542756
7589,173226055.07928088
7591,94035716.5039251
7592,104252079.26158367
7593,69663410.36831756
7594,52414454.21320375
7595,94637436.58539827
7596,92367976.78532186
7597,88648532.75378565
7598,76298575.14444801
7600,72098200.62465817
7601,168353200.03941518
7602,61511405.340843044
7603,138281266.53655154
7604,61186859.98495299
7605,60673342.31857748
7606,73764096.899372
7607,82938742.23326674
7610,84598035.09142308
7611,76833587.1481559
7612,139430727.7507599
7613,110625741.96358766
7614,133730271.0126642
7615,128357534.56666897
7616,53789912.474886626
7617,91365527.97421311
7618,48346643.48135545
7621,58187065.538615994
7622,220325435.6272257
7623,96872240.61743237
7624,44814913.31392589
7625,98186836.2111712
7627,141843790.0439506
7632,49252517.06069212
7633,71359704.04559264
7634,41319418.25346457
7635,88359908.69403455
7636,186543268.36293224
7637,111108989.22947869
7638,91945957.83570689
7639,62477178.60683884
7640,52433178.899975315
7641,129514980.98137756
7642,44941544.52553905
7644,184310096.95998168
7646,63388379.712599285
7647,89030150.9462601
7648,229082057.45208022
7649,167692332.54325306
7650,135771088.5737606
7651,89581252.8786843
7652,85854339.25202742
7653,44334769.042310156
7654,160669727.6372954
7655,117453295.82069603
7656,46084359.103777036
7657,138319149.99669898
7658,79298886.54448363
7659,55073389.724351466
7660,130105460.49444017
7661,121786327.35538548
7662,65006291.69091502
7663,86121384.1023334
7664,81480461.15310067
7665,75142454.44477442
7666,95607012.84672329
7667,94550838.09965228
7668,50516520.95667854
7669,89205581.82634765
7670,155959355.9336578
7671,57607893.22091578
7672,51827987.54417997
7674,115642315.9965958
7675,159635653.22840157
7676,48993139.58311826
7677,105245455.15006596
7678,113284969.27424428
7679,81300316.32990858
7680,68864285.5403646
7681,68705384.53208424
7682,99391554.49137522
7683,80532805.25446904
7684,41146109.60567141
7686,66735405.00878024
7688,91404503.33813135
7689,127956466.17726901
7690,82325735.52953848
7692,50784930.6562735
7693,62502011.9044016
7694,182034445.65885136
7695,92639641.03577411
7696,68283603.20256317
7697,70295891.46212217
7698,67803251.90001434
7701,118987859.86055243
7702,39403115.91879085
7703,45852001.382437386
7704,105497301.20562933
7705,85757745.09401843
7708,66025200.933646746
7709,228050313.88425142
7710,53666751.04990463
7711,71523525.18663895
7713,95781432.22685088
7714,235099742.13795808
7715,57743473.713485345
7716,45173745.926675305
7717,190512101.2887714
7718,62788878.38895533
7719,131678589.52908882
7720,50484416.797558434
7721,55104412.399413966
7722,66955408.869550556
7723,50962842.26722225
7724,133701012.5520403
7726,62074601.3878238
7728,77141656.54966769
7729,115492196.18808049
7730,70846943.10486989
7731,69543811.56481382
7732,55609361.0819554
7733,34969710.3378229
7734,48315425.38652897
7735,95639276.53360751
7736,114287572.67054483
7737,59518713.267719954
7739,160822581.50824362
7740,214912526.5065199
7741,201497438.2787252
7742,42018785.25899269
7743,86439779.82611716
7744,127275567.18807596
7745,58848309.17697543
7746,64288821.83516599
7747,65679794.40804897
7748,51314552.96713172
7749,96533027.389848
7750,134350745.8190651
7751,77473472.77601978
7752,60494898.5291426
7753,60345123.51754338
7754,92331510.51054333
7755,87692505.22149622
7756,101650915.38006817
7757,79815463.667603
7758,45760678.68477106
7760,32024236.80781699
7761,92692625.96238442
7762,63995000.05242229
7763,80235044.48138615
7764,144105795.73920816
7765,45333104.59238216
7766,65340815.738566026
7767,74527871.0175823
7768,123944472.62068471
7769,127755149.17979214
7770,70972530.14944501
7771,85532955.65061864
7772,49516269.970266566
7773,65996205.04114325
7774,59395024.62079704
7775,81226740.75569437
7776,259819308.9033414
7778,91954220.85485934
7779,88760827.84261365
7780,58757613.102534905
7781,111696647.316059
7782,65947949.16058029
7783,144992937.36737767
7785,156327093.32733893
7786,211466236.67206904
7787,83176912.14794715
7788,147852729.66215813
7789,90456192.22424082
7790,95581338.50853258
7791,50479258.464389026
7792,71393583.79585803
7793,68014969.61143565
7795,148361084.07166824
7796,73992383.20361143
7797,53466175.62022499
7798,82009355.26974839
7799,128897468.2432509
7800,78243461.63171056
7802,74764779.34845951
7803,53107409.862105004
7804,104748903.91943873
7805,111205791.39369486
7806,118451492.6180669
7807,56871771.247773044
7809,292996718.2922037
7811,183481910.9086929
7812,52463517.59663852
7813,47055101.89955719
7814,83856919.88225354
7815,200615267.51356238
7816,70279376.28423315
7817,109363286.80183241
7818,51154101.31758979
7819,56233351.72226614
7820,85241288.67627618
7821,55800721.91245238
7822,91372807.66098945
7824,227784734.67379367
7825,97689494.71381472
7826,129535882.2816557
7827,92653021.33617869
7828,86472770.43034443
7829,94380567.040453
7830,65555095.50906497
7831,84020653.02498156
7833,99736379.92574286
7834,162517529.94403744
7835,254954784.44100368
7836,108632849.264225
7837,282839065.84237504
7838,39481700.33093623
7839,94490647.70239577
7840,149493669.70638874
7841,47441677.01335937
7842,149889393.77391726
7843,128299595.90642759
7844,207539853.67062387
7846,118902996.04027472
7847,96188904.98902905
7848,89755797.33833453
7849,62466856.36172132
7850,53626069.37058028
7851,70175332.42972809
7852,94320480.55309632
7853,44724381.648645505
7854,60183142.21053764
7855,60637548.30052078
7856,99233744.50673008
7858,118380079.02762008
7859,62563816.857625574
7861,61583932.240616016
7862,198793002.68741813
7863,40634763.18726252
7864,134986887.18821943
7865,82388586.32910526
7866,165843655.41754377
7867,76771728.2133699
7868,95606411.94344586
7869,102520997.19188899
7870,157024997.54075506
7872,58877993.054548144
7873,74499400.71757354
7874,152193910.3962928
7875,132920887.16011298
7876,142193953.01486838
7877,124940035.79496294
7878,61852376.16799673
7879,128421640.26960462
7880,43644963.16324903
7881,90917978.10692698
7882,80887508.5064184
7883,44520577.78520429
7884,80760713.57414442
7885,139385513.682916
7886,226009823.31242153
7887,83409108.82259256
7888,121974902.86156523
7889,70270697.17938626
7890,83290959.34969372
7891,151736501.7234029
7892,98615399.8615552
7893,80935817.45498477
7894,56307677.29930228
7895,67577087.74876821
7897,61302355.9874306
7898,256279070.8874455
7899,63094557.15003198
7901,70230697.74934389
7902,114406385.60311267
7903,54622979.26461037
7906,49817610.35575268
7907,93261423.3215325
7908,88971960.79275462
7909,113028768.55950624
7911,92895194.15669289
7912,108069183.57755353
7913,57936904.69807319
7914,54749635.63213292
7915,65474386.19340057
7916,138670314.99628848
7917,114296295.80275194
7918,112970777.19209935
7919,97136987.6106967
7920,83888499.26735872
7921,95802975.91856371
7922,65858545.2833458
7923,428121928.31357497
7925,193558646.2456893
7927,149147419.09524027
7928,92221015.7671727
7929,96180356.95390612
7930,75539307.63620274
7931,193435567.69656077
7932,209107120.27024937
7934,252669186.84800693
7936,62974618.55645275
7937,58196036.53587025
7938,55425316.3570354
7939,55852797.370765716
7940,67207849.57188551
7941,74171462.59842683
7942,68844230.84184627
7943,63751565.153745815
7944,202170548.96529782
7945,180817801.37164962
7946,114609181.21966144
7947,63203573.05178054
7948,203302842.43651783
7949,101428941.20703554
7950,146874370.5552475
7951,52082710.118620306
7952,109493536.74227577
7953,57180876.56895714
7954,58938600.45016198
7955,62713386.97348706
7956,71182248.57451808
7957,69731060.40440752
7958,99408094.57564986
7959,77313828.68181933
7960,119683081.83059803
7961,123748646.10455713
7962,83533173.81438945
7963,61030417.864778355
7964,176722165.83001417
7965,47909128.102331944
7966,125805945.30168822
7967,241742788.7010765
7969,44998862.9104563
7970,95105940.58539885
7971,105841669.69392304
7972,95703041.83042413
7973,52796249.82922022
7975,91044279.30799554
7976,77803196.74899873
7978,136546624.80897492
7979,41380629.50808676
7980,76046304.25573671
7981,332949866.9183949
7982,90174589.93739884
7983,34192605.39236797
7985,210656965.58628926
7986,78602826.48041868
7987,151417926.9170893
7988,290885197.7307698
7989,76623855.19338706
7990,54555392.41470178
7991,69464402.31256613
7995,99843189.12986031
7996,98746996.11489397
7997,161402747.77368686
7998,178047384.17393538
7999,58853281.266248725
8001,75084430.57248798
8002,113780177.97098856
8003,49262405.32354108
8004,84026392.75685897
8006,102341061.05850646
8007,59921333.42304416
8008,88906077.24877524
8009,120417324.92975667
8010,84843711.54740544
8011,95228890.29508805
8012,141106437.4775969
8014,56470004.93623204
8015,81458055.97499046
8016,60598238.97133957
8017,47975972.98285814
8018,85409310.3959187
8019,64657115.48183181
8020,121080830.07641144
8021,81403809.90218168
8022,71953345.91053478
8023,58446812.24242512
8024,102113779.73734039
8025,67685194.89866729
8026,356940284.9105984
8028,141106731.05034673
8029,158038416.67740685
8030,215041319.30841607
8031,62626155.449255094
8032,70152029.1628523
8033,88748720.44904792
8034,116949592.68197092
8035,181913183.76454097
8036,238149718.5189069
8037,56471992.80188662
8038,148099435.69337776
8039,147260434.82330546
8041,119562855.52780923
8043,84334351.03902957
8045,110173885.59699726
8046,72672968.68618393
8047,55001029.65884332
8049,103037551.15355235
8050,66262584.36027976
8051,131637173.0570406
8052,71691797.5732032
8054,113233877.5249281
8055,106787259.66077076
8056,57723500.487109736
8058,239751842.6204259
8059,76497080.33392558
8060,90045209.96384566
8061,180007063.10213533
8062,65553170.64446485
8063,67069287.57576105
8064,137454386.58415198
8066,70632407.95255913
8067,62882489.77170497
8068,84428048.73916744
8069,217892475.15257418
8070,77422232.75043106
8071,95295506.50962894
8072,77442449.83170845
8073,87931857.98339167
8074,102692956.59356251
8075,86826725.10620633
8076,149951660.70017606
8077,95141366.68838204
8078,136930513.48166347
8079,68322747.3015526
8080,92258901.31481925
8081,85163164.23325564
8082,118035040.48955867
8083,98065768.16025026
8084,153463483.79784554
8085,61837342.88728733
8086,214118217.1822589
8088,92477672.14410661
8089,45573991.05250484
8090,147560467.97640884
8091,85996052.94337805
8092,86466673.56573556
8093,251238360.2676088
8094,196840584.647724
8095,58458287.80821264
8096,112817769.79823837
8097,56393901.18425067
8098,61968094.30422211
8099,50526925.68731568
8100,58649582.009968564
8101,95222704.28219557
8102,74059483.00561386
8103,104725519.39501798
8104,76425904.90638126
8105,51745765.49417874
8106,125916327.06753701
8107,83782096.24898297
8108,75611152.14833336
8109,72757783.17446779
8110,104101283.58161129
8113,141363300.98740286
8114,62021965.60977994
8115,50676948.4977825
8116,190448409.3753901
8117,100308041.80834237
8118,78076638.43139732
8119,59014145.03738044
8120,91056525.67248674
8121,84718254.40493676
8122,128212409.46420778
8123,38331333.08947536
8124,150779373.53533423
8125,120683761.8754742
8126,143970271.0999167
8127,114405395.84973866
8128,112091267.89922151
8129,64871854.466024056
8130,85730080.0294559
8131,69437797.16373564
8132,70525766.52190998
8133,87190919.75321215
8134,53040041.011872575
8135,111775265.40398544
8136,112559761.55144027
8137,84902547.28611761
8139,135625506.4867645
8140,106034922.15753537
8141,181714019.82519156
8142,114621281.17992263
8143,59066648.73072945
8144,49213415.7172138
8145,75088966.1501123
8147,102254938.15053011
8149,60659646.953716666
8150,61039729.49796369
8152,45673987.05048459
8155,142867961.2983966
8156,112597958.40539183
8157,37007617.75770054
8158,95690661.04979531
8159,57784970.221533686
8161,90411682.40656342
8162,74044324.92423664
8163,130339425.28383566
8165,66676894.917804
8166,157757718.87631124
8167,110471592.76893279
8168,212418399.91808885
8169,93577341.53114268
8170,217075114.793464
8171,136001753.4776784
8173,69568156.57896632
8174,67441063.41894798
8175,89388016.66156101
8176,56207695.51745455
8177,65499381.33846117
8179,192264144.8637684
8180,82400898.7139788
8181,84925094.83331315
8182,100811526.75533447
8186,54362163.83645479
8187,182814669.0029253
8188,43470416.66771124
8190,97758111.21228066
8191,48952339.1904008
8192,69778057.30652161
8193,115868451.98837571
8194,92556184.80476247
8195,121033335.13845444
8196,284741533.0832492
8197,81447241.32422884
8198,135386128.0936435
8200,214862018.0866539
8201,155212017.93410903
8202,65078273.30460976
8203,140106891.21058163
8204,84682084.26197657
8205,72309004.73378584
8206,142765611.99549234
8207,119427902.39215808
8208,179474794.55688944
8209,180640575.39687568
8210,114450364.33515549
8211,76267445.37547384
8212,70799196.2257097
8213,65328205.57784933
8214,55104729.69375289
8215,68645385.11955284
8217,80758142.5667437
8218,77347641.55995259
8219,78085181.69843633
8220,154973538.67310476
8221,48135417.11584981
8222,100182758.53857508
8223,159771593.44064838
8225,76545837.32183245
8226,57556758.33924745
8227,81955740.49431024
8228,85823062.57076088
8229,64478834.29626815
8230,72579069.80394503
8231,85721914.0071601
8232,112569404.63333555
8233,50780724.97376153
8234,124254482.41936329
8235,75055123.7193284
8236,107386813.10068032
8237,73541570.00564915
8238,94297617.64428896
8240,51370528.394242704
8242,43605736.89539924
8243,86003707.84646486
8244,115541855.64648962
8246,57680067.68307888
8247,83537346.11737105
8248,75704983.38959807
8249,135359958.01716393
8250,109648598.10852994
8251,80441180.11723311
8252,167461622.56187558
8253,58872338.39821039
8254,99409218.22431652
8255,92101707.92883965
8256,80602220.4681401
8257,105539735.51399738
8258,149152752.01815626
8259,67626274.53529117
8260,95290400.57254544
8261,145932013.78637525
8262,45216922.819174446
8263,126083648.583161
8264,72127769.23504955
8265,102365603.79739761
8266,101924788.25477144
8267,95127517.98382273
8268,101831630.63471183
8269,318131729.9020023
8270,118024186.0851922
8271,183228894.05882704
8272,179947691.2435155
8273,137487062.46510816
8274,138399053.5813541
8275,60362029.80047344
8276,114010263.58876061
8277,93161988.43857093
8278,202937161.85746777
8279,78819872.07384807
8280,86198341.71222372
8281,114902056.0613475
8282,38863567.9702725
8283,200082418.64396507
8284,207000994.626725
8285,153537708.6390207
8286,60673340.701414764
8287,58490574.89781106
8288,169674767.86515516
8292,185496586.36221337
8293,176253285.80269375
8295,153755318.47940677
8296,94310044.54035412
8297,144078748.5048611
8298,87194752.48606832
8299,94613164.64750281
8301,284083957.34061015
8303,118354917.88467993
8304,67646904.41290158
8305,65799207.67076294
8306,59474985.59173564
8307,71254165.34982608
8308,85749710.71541314
8309,228049875.2380919
8310,64168993.33146636
8311,96711505.43988857
8312,77312299.38539791
8313,153602159.98009208
8314,73084229.6824529
8315,69030836.32888642
8316,91729546.00607228
8317,302290444.951811
8318,42618819.63010595
8319,58774649.398448996
8320,117014366.19627292
8321,101751535.24013878
8322,194095392.95774022
8323,68074915.17275795
8324,60868521.982809626
8326,133105239.83913782
8327,198367677.69650316
8328,93382760.98920357
8329,79469810.28625551
8330,117045678.7302731
8331,100317292.82852313
8332,102409021.53037752
8333,152680547.19912443
8334,55289192.23145343
8335,120605482.89308621
8338,163000975.27249283
8339,84940198.13564658
8340,294098348.7999428
8342,74144169.22926024
8343,95777424.03757057
8344,57439871.60999692
8345,85873933.59810339
8346,65307842.30808355
8347,85786172.4282319
8348,95392343.73143706
8350,89066435.50853196
8351,120572528.77588534
8352,89654901.8584711
8353,154421958.48057294
8354,189255256.91360623
8355,209578331.1187348
8356,100424283.7219347
8358,99720426.04475674
8361,66800160.07590805
8362,46060440.387729146
8363,68023234.9555258
8364,122063825.71212015
8365,112792298.0685918
8366,57682060.65939051
8367,123780310.10077226
8368,68075006.91802226
8369,70031566.97827026
8370,180288225.0297916
8371,169545155.5236761
8372,70144787.22789797
8373,78908754.66847958
8374,139918128.2835148
8375,59372748.05232413
8376,93304670.12423709
8378,130074183.42086276
8380,54445813.12084594
8381,73041236.76318124
8382,80510648.43253022
8383,201872253.69774255
8384,72944914.40752293
8385,60041071.63682681
8386,105345167.0300596
8387,109070448.3282422
8388,72692092.74684583
8389,109404952.60728976
8390,122130400.85125165
8391,107949861.91606516
8392,105629943.07144076
8393,95304067.93689857
8394,212184140.2392539
8395,102390591.402418
8396,89696403.13970812
8398,148670589.50643855
8399,77103532.87047642
8400,45805358.98082863
8401,235750400.9639526
8402,101581576.04195118
8403,82519932.05272682
8404,45047459.685194865
8405,140357695.632517
8406,83246645.23975286
8408,61315471.66254007
8409,98735411.40002044
8410,140612810.4392129
8411,64376636.30183961
8412,63783113.07727766
8414,81642201.35977213
8415,62001166.52529663
8416,63042131.96869472
8417,317021212.8720989
8418,227709113.0809119
8419,74536141.45196152
8421,116539558.48864211
8422,47952084.043528475
8423,178722304.04904664
8424,131948094.58456096
8425,66298967.36481971
8426,52013990.24426362
8427,48625597.77832627
8428,123362652.52925266
8429,139485946.61220628
8430,63774954.20507101
8431,50187754.346730925
8433,94026995.81940702
8434,77601948.62509136
8435,75914932.3034023
8436,131679533.85520072
8437,128291814.3249884
8438,60777854.05974707
8440,204486467.00162587
8441,68992162.32843783
8442,51418403.98412825
8443,339325785.07698894
8444,70693986.66811319
8445,91366481.796199
8446,71227020.71836391
8450,106048479.24885824
8452,47739064.031015195
8454,102483830.25466047
8456,69637640.63980526
8457,58677982.10558323
8458,66112934.65098235
8459,90880211.93390933
8460,78944515.36610058
8461,72116419.89642325
8462,126103060.31139122
8463,42727836.67941435
8464,90530443.64460114
8465,97388221.37937424
8466,63928593.49335603
8467,71579488.79591061
8468,72715813.92966036
8469,140685349.61354935
8470,141095491.08443907
8471,106551872.32547075
8472,142448980.04299203
8473,133323951.35712314
8474,58130442.33463403
8476,95140448.14535998
8477,50287053.85890591
8479,82087220.8436406
8480,59321724.49922701
8481,63919769.27750397
8482,148478451.77044287
8484,86974684.6742312
8485,74952230.53278726
8486,104360294.15686586
8488,123221362.30730422
8490,93135133.43592677
8491,338194733.0983018
8492,102432209.99401174
8493,93101846.0410606
8494,110540152.74979898
8496,58916332.36650701
8497,84144136.78561266
8498,71730759.78750415
8499,55853198.76422414
8500,114734830.5134883
8501,98764348.59003165
8502,90970491.75740361
8503,114754888.46386036
8504,130928454.59549406
8505,65589749.42799852
8506,246024174.683241
8508,75427745.39343329
8509,46476940.60166232
8512,64611928.96823345
8514,50269654.0646448
8516,159213322.2413745
8517,87025747.57614557
8519,70663971.22570826
8520,135881941.6305507
8521,200369804.83431065
8522,123130562.28680053
8523,290597033.1833843
8524,71048487.65651289
8525,90730037.7940241
8526,165723520.940025
8527,66070331.304973274
8528,173778986.93444806
8529,153123616.29367375
8530,69638980.6591899
8531,82115151.16175178
8533,135639036.09564525
8534,77344933.5195354
8535,200891203.42269456
8536,149994781.2221503
8537,63604522.73603596
8538,73223130.00309503
8539,89329036.67405355
8540,60789771.49362772
8541,109289027.37139261
8542,116673758.33389027
8543,118300497.05525367
8544,62785469.358987026
8545,60692475.152115375
8546,94632332.03240311
8547,48342978.26315746
8548,68764318.30382103
8549,34879724.97244159
8550,132015041.7003237
8551,121035715.69196111
8552,147607388.4893644
8553,62325499.31688942
8554,87878901.45880036
8556,181458463.76339972
8557,122546154.37113482
8558,98487340.36077729
8559,157826743.8709782
8560,73049546.96247284
8562,154523236.65067297
8563,143892097.30599225
8565,60875597.8568925
8566,138005223.114476
8567,124040643.52909565
8568,71262255.04767093
8569,53733580.8997304
8570,55913048.404632755
8571,65605624.91464871
8572,82169171.86806715
8573,67727133.61297362
8574,63812230.327620156
8576,54711335.01298828
8578,131662846.67836094
8580,92743232.17567131
8581,85049468.02511479
8582,58125993.99035026
8583,86704995.27785693
8584,39642874.938461736
8585,88003288.29566237
8586,142205819.78032437
8587,91165829.78336447
8589,167566932.29980057
8590,84953451.13455655
8591,65811604.59444123
8592,88627455.33371238
8593,98596433.3336353
8594,91073955.97922197
8595,110566975.382885
8596,74812805.35005987
8597,113984011.06215541
8598,53143090.631362155
8599,319136313.9025706
8600,67817813.0223691
8601,68109007.21572845
8602,61721013.842016384
8604,65543729.599622615
8605,61585292.86693214
8606,180336903.86273575
8608,72592549.23514679
8609,106587658.9477455
8610,49370633.076212406
8611,183390422.6889965
8612,94602433.95898512
8613,34342934.5683107
8614,101515353.74621023
8615,197712051.83844647
8616,99807773.55186856
8617,82686141.71665473
8618,92707521.59198184
8620,49004012.97008415
8622,86679851.19580838
8623,127622899.35286006
8624,57250984.11336474
8625,88834067.8122581
8626,99744886.31037179
8627,126655816.19963014
8628,147145760.7156207
8629,81909108.50634496
8631,105893835.76747805
8632,83286625.30467774
8633,151140358.35566297
8634,136382774.2575065
8635,68609671.09994908
8636,93627324.7901792
8637,107027006.59133926
8638,89615760.23364739
8640,54007834.16828529
8641,64636458.207388
8642,157822944.48780146
8643,92959883.49010697
8644,396091406.82890433
8645,33050369.798535395
8646,95257043.18827635
8647,103319466.83282076
8649,152229621.36568427
8650,57616625.76701377
8651,57926250.24051694
8652,125877815.87693095
8654,127961008.20114467
8655,114380743.7828985
8656,79263677.1296744
8657,77855729.56168948
8658,79578324.47926217
8659,81440439.49553426
8660,128487935.46643686
8661,64930877.26896086
8662,67254332.51207928
8663,105106366.30716091
8664,80367965.73863612
8665,86212469.62419017
8666,134269380.51108733
8667,59374697.23323768
8668,45440664.55022356
8669,215125284.20811832
8671,82948710.26164274
8673,62249110.83324581
8674,82090343.09908637
8675,37523982.04955458
8676,58723216.10013383
8677,63793027.02975844
8678,95499124.72017057
8681,153545698.3665554
8683,62949385.6287201
8684,62494324.01113248
8685,80952513.58555645
8686,87654978.33814472
8687,157260524.97666973
8688,51948024.394888654
8689,90034734.94701713
8691,84413330.27321142
8693,58248355.77743222
8694,76283376.05682538
8695,125923862.49943131
8696,30202242.553766172
8697,81119347.0765871
8698,75717369.42030954
8699,131499177.71622995
8700,163612402.2622278
8701,77745676.10599494
8702,94093047.77151164
8703,192791502.5776813
8705,72724608.37185043
8706,95994077.76414688
8707,160882612.1890337
8708,40443889.926014796
8709,83934842.51216146
8710,56692057.65394027
8711,113680502.95256159
8712,139196411.58134973
8714,72912451.44413163
8715,94947643.96065257
8716,120572915.38318259
8717,187369037.67074984
8718,62033102.861453116
8719,57856853.803240255
8720,108517439.4040969
8721,194198716.7800381
8722,256237394.75571722
8723,49693483.5373285
8725,79404023.88761121
8726,55662528.05743304
8728,93917022.29295327
8729,74980235.68820956
8730,64267908.77072591
8731,73229494.35740513
8733,97058410.16093051
8734,72616471.47890207
8735,198864950.89248595
8736,226413232.04528084
8737,67918546.5217244
8738,83341963.0512389
8739,118185107.55515617
8740,108877873.18538803
8741,48475609.464705385
8742,51244501.02110544
8743,183522980.91423857
8744,54429729.57911823
8745,47026275.49251129
8747,228460791.10760665
8748,61696665.10335532
8749,62049043.1669929
8750,96315067.32298733
8751,58255271.483665854
8752,106271339.75023454
8753,38218995.112783164
8754,41925491.61800551
8755,175016729.41559756
8756,48081740.52882294
8757,146295708.7871686
8758,70688418.4207925
8759,127406839.73484805
8760,107920157.54804417
8761,233497325.26856396
8762,160108414.34823102
8765,77637467.67958894
8768,161651427.97363317
8769,226043162.9505587
8770,71156911.56561646
8771,259110783.08764577
8772,66148568.94550575
8773,38249735.240067065
8774,145661966.93594915
8775,109456755.5989927
8776,86139967.42368533
8777,77951480.96133146
8778,91063564.48920928
8779,53240104.51110348
8780,104372429.51715799
8781,82639848.30161056
8782,272867663.232802
8783,138809348.67965713
8784,56969228.299358934
8785,79219230.43900871
8786,75638312.57544106
8787,85414886.35269345
8788,140542762.53007188
8789,61328223.82047187
8790,63354241.66016318
8791,142226332.00564855
8793,102997617.47454119
8795,208005589.00788677
8796,46902034.69006179
8797,121765580.22360836
8798,95293827.19391048
8800,45686337.340214804
8801,152380229.48167288
8802,80719181.11289537
8803,207295179.32971677
8804,76355211.72848658
8805,39913591.65433044
8806,110778898.5502112
8807,86534749.20437631
8808,45589928.645275034
8809,80017967.75571892
8810,72416404.02958776
8811,132904764.24379788
8812,65121325.897638395
8813,86227476.52008173
8815,69392095.7785417
8816,51075395.32169148
8817,58193372.231164895
8818,88808691.48656204
8819,52481223.99465979
8820,63869768.65394194
8821,87700214.05854298
8822,94047861.06092277
8823,57681734.163305424
8825,89784975.61461538
8826,326296250.65137184
8827,109714351.6390579
8828,336109141.1967704
8829,46659702.163906425
8830,63594172.97629454
8832,69777189.00798674
8833,72713130.2091469
8836,87352455.12101503
8837,90349361.18958825
8838,75150283.58550957
8839,84311228.53904817
8840,247468577.5416648
8841,119696599.3391564
8842,102055634.45141101
8843,79156202.38123707
8844,98791637.93057477
8845,89185053.7386238
8847,120712261.85172017
8848,145392204.78286353
8851,86091917.93672702
8852,274635421.12442315
8853,44444345.306469366
8854,83839502.89904167
8855,68274702.43534756
8856,235026667.8424346
8857,74446721.23091005
8858,93636517.71307579
8859,84637708.41844484
8860,67105400.44308478
8861,233829900.04577547
8862,121708361.3448082
8863,263561330.9174224
8864,104704918.21812741
8865,58630441.97353349
8866,172721839.2595396
8867,64194223.38756048
8869,86862566.12343878
8870,77387528.80973525
8871,81272805.18967204
8872,48175370.281441085
8873,84225937.27397467
8876,64082398.593808085
8877,70848749.27991432
8878,85815591.61149928
8879,99354377.31230159
8880,48628095.342104636
8881,140746996.99391145
8882,80586390.79912755
8883,126074492.78913064
8884,41243965.24203972
8885,112446018.47319663
8886,53259026.88543102
8887,58236810.2840475
8888,97848020.57462634
8889,43212939.17596708
8890,83123026.47156927
8891,71209133.98431945
8892,93474487.13705775
8893,215807352.20267686
8894,118509207.8218766
8895,61151454.91987641
8897,128051150.42472017
8900,51680876.287030496
8901,189094072.73350662
8902,123506700.13039826
8903,71883077.42102252
8904,95521315.60742965
8905,82929665.13671096
8906,100166122.21063145
8907,180680204.3754803
8908,141411426.86635122
8910,61374650.19868338
8912,82388591.94356465
8913,57362693.4021616
8914,53316986.09521137
8916,84746228.50306892
8917,66825889.26435912
8919,84644857.6665961
8920,46419489.03327348
8921,169370011.17893535
8922,78583371.58384973
8923,210118295.8598364
8925,77498229.69608232
8926,111634287.11816117
8927,218644921.06973213
8928,89786129.53416976
8929,74588253.47065802
8931,198635813.02111492
8932,155140300.55126512
8933,68994127.44764294
8934,137190884.01119795
8936,43300994.77269003
8938,105901041.17896463
8940,81189601.03100422
8942,93705825.33885743
8943,112501619.16148144
8944,47025959.57566405
8945,28066564.018197656
8946,120074725.99811627
8948,68644509.5020394
8949,42923329.44996632
8950,64489233.62043502
8951,83102837.53719433
8952,58267804.92230624
8953,148022915.63451502
8954,93470976.97181576
8955,82558266.71218233
8956,80210010.9821633
8957,44251306.914670005
8959,81920331.28920782
8960,118770932.5765431
8961,344613687.53748965
8963,67552545.04310676
8964,141564831.01037514
8965,86474236.38557497
8966,82541828.19147758
8967,105856641.9939326
8968,86096957.10367477
8969,56044432.68149732
8970,153937126.24998763
8971,177164983.38360518
8972,130065671.74009097
8973,66129483.83309038
8975,113345493.97730021
8976,98033883.33301094
8977,124659092.29220141
8978,81917724.91958414
8980,98417460.62056926
8981,48401744.980290785
8982,87823741.24301358
8984,58416160.59854447
8985,64537808.95427619
8986,72370063.00074342
8987,63689065.2217071
8988,72930415.89313611
8989,110699535.36969282
8990,82927652.74374332
8992,122701360.37696868
8993,132641747.59687069
8994,120106177.30784765
8996,46155364.585682094
8997,160416315.6414411
8998,103425784.45900556
8999,125790069.06665489
9000,255964517.22228986
9001,79558978.91813505
9002,102171587.0093082
9003,78268475.78549738
9004,63310706.98389026
9005,66951039.70619376
9007,49624901.945947126
9008,60559917.57935034
9009,83122812.86601177
9010,68460656.82980101
9011,78881403.57658051
9012,34238010.343795136
9013,151469518.31422547
9014,50740785.54477441
9015,78540131.32281019
9016,79664154.05252208
9017,76817405.71480522
9018,103395570.37720068
9019,259146088.21777132
9020,67250361.68018211
9021,83606424.12402645
9022,55514051.920881055
9023,277997457.12386054
9025,126744200.80807644
9026,130064505.77411132
9027,91749001.94510825
9028,99859396.93295264
9029,58306347.83588074
9030,82206975.87395279
9031,62361219.03682692
9032,231059517.0869019
9033,327700867.44003034
9034,216269995.75965226
9036,94055744.39362907
9037,52981246.34846124
9038,100997875.10328282
9041,69509284.55958723
9042,67796213.66176522
9044,48341661.644387566
9045,144892333.37323964
9046,94992005.25247513
9047,55664769.817470826
9048,118285498.95546669
9049,136329445.29540998
9050,74951501.18166704
9051,83271253.71717735
9053,176007256.35123914
9054,98233927.81041771
9055,62294369.43639313
9058,51126888.92743379
9059,79510372.12149726
9060,57442784.34795979
9061,352020320.213573
9062,97221712.15236187
9063,106797962.41685677
9064,49314339.55252437
9065,82512889.12068002
9066,146946343.60267723
9067,86320968.33340403
9069,90075256.93477824
9070,162753283.71186504
9071,72752141.42814636
9073,105124731.202098
9074,93272142.66597092
9075,156060776.43039834
9076,54957399.78369698
9077,119950119.03642565
9079,80231203.92129001
9080,117610109.15392232
9082,70775343.66935013
9083,61960618.20408684
9084,44475792.52828102
9085,103954193.53146306
9086,73631310.10751833
9087,81303505.21188532
9088,125875197.61912578
9089,123532153.06531544
9090,116496939.19364822
9091,65063075.06661478
9092,146127087.10132065
9093,136890070.05844617
9094,53157370.50511809
9096,324549281.6024617
9098,228342260.650061
9099,219863427.238536
9100,115657636.4789305
9101,78959733.63428491
9102,180549770.19968382
9103,58418271.736694224
9104,149021939.56815547
9105,81413203.35123515
9107,237675532.92276877
9108,66310341.00227522
9110,91234986.59704824
9111,81562863.37663808
9112,81968487.16596882
9114,155043052.25284293
9115,114600238.47519644
9116,168500357.49372518
9117,228289752.6519369
9118,86883698.24659073
9119,107199940.904638
9120,170137013.3030136
9121,160230034.15019116
9122,84393321.22126867
9123,123091367.90669787
9124,64057550.378276885
9126,51307712.106649764
9127,54923566.85441967
9128,102876800.18068835
9129,70713679.14490789
9130,115570992.09059851
9131,117457952.95380244
9132,213226314.3930139
9133,83959442.66621526
9134,114129344.77830875
9135,58648442.169454604
9137,146141667.86141604
9138,70469864.47384112
9139,119418336.29504295
9140,109511508.69408982
9141,111966442.33494794
9142,62116510.21060303
9143,203710220.2536626
9144,86350727.66387779
9146,104839773.57394814
9147,40430711.061392605
9148,170776401.22420853
9149,47475309.84737459
9150,113506489.2038056
9151,86899575.85991631
9152,124250875.36248589
9153,216538631.5733634
9154,64606955.927183375
9155,173671115.4384299
9156,190743449.2843442
9157,165657252.40096664
9159,95355495.21941134
9160,83339681.04130064
9161,142319257.0031044
9162,96596045.95424803
9163,59001371.80261424
9164,63127277.69717814
9165,42444146.33671893
9166,290941602.49557865
9167,90549633.3521779
9168,154546945.4946517
9169,38075254.376418374
9170,115281914.84796645
9171,89724813.54837205
9172,75141933.70964104
9173,110090871.15301588
9174,46028108.21956621
9175,55482102.68732909
9178,115683965.4316953
9179,108586918.98308055
9182,118242723.48333196
9183,68859994.48552306
9185,42731032.04360728
9186,119577670.85161585
9189,47140216.07591099
9190,131715266.21823607
9191,69569507.01927803
9192,88567965.30505633
9193,95313274.20849612
9194,52089143.29496654
9195,114548282.24047808
9196,189628187.86258972
9197,68679504.339942
9198,113964231.15677953
9200,53556515.02238605
9201,126938363.14589992
9202,133883679.44451664
9204,52721643.28234261
9205,187201713.07305726
9206,183264694.4460323
9207,112047556.99364513
9208,59901060.27216847
9209,46278531.17923372
9210,78390104.83803324
9211,53872909.55271259
9212,97101448.19301054
9213,95358492.92061207
9214,93143564.27467376
9215,50748940.3719596
9216,60703641.50662745
9217,122105625.57677628
9219,125176305.62731174
9220,256631270.89669365
9221,56781283.68987271
9222,112152374.97457948
9223,185394851.95661858
9224,71466061.26877344
9225,133102894.21264187
9226,74375214.03522429
9228,101030528.95695966
9229,78694765.69745886
9230,71286548.90928976
9231,85961295.74063104
9232,63518225.5195345
9233,48037958.03242147
9234,86786643.75984026
9235,188599014.78655866
9236,113350749.68521446
9237,191706581.17068845
9239,100075405.5682402
9241,97609050.05048746
9243,120938444.2868012
9244,164717618.6029125
9245,76268586.4074361
9246,94265843.06010264
9247,56229964.8699345
9248,49289895.37995512
9249,58815846.61839585
9250,118082065.0843243
9251,63587879.62586338
9252,86457997.52404577
9253,112752265.79105937
9254,78458605.45640011
9256,126661451.32756346
9257,51198160.96578771
9258,125168914.8407394
9259,170766588.02176577
9260,100098238.90036027
9261,104521743.58525711
9262,52106337.400022015
9264,63791784.80022964
9265,71176672.22665216
9266,94550013.93665752
9267,94954875.12748687
9268,62556188.60379923
9269,72159221.44307576
9270,71890443.06510463
9272,52361718.71317308
9273,73397606.44248082
9274,153155142.6070965
9275,64806753.56739893
9276,58727798.43401871
9277,42799959.4002954
9279,116051182.51846853
9280,58679633.31079884
9282,78937834.54154159
9283,44051562.558925554
9284,69107960.02349475
9285,72764547.8025186
9287,114229131.70325345
9289,62979729.7913853
9291,152328554.1907521
9293,64624065.58537839
9294,111094524.0964941
9295,45463766.42173688
9296,81762155.04561348
9298,58546182.33655699
9299,217278561.5004335
9300,37714230.03202304
9301,107255062.67481062
9303,92810276.0465304
9304,239681958.82036364
9305,120923960.31708151
9306,221823905.71012786
9307,73142827.72787373
9308,68077604.7923527
9309,154927144.50730705
9310,91373011.25768429
9311,71122523.1573258
9312,67549839.58796929
9313,77331376.82840265
9314,76246712.47525023
9315,118948255.06012581
9316,99092437.17935589
9317,26087251.80006244
9319,51886939.84858975
9320,67589547.3172336
9321,26139357.35492366
9322,91049432.76544417
9323,79815787.56621952
9324,38689534.58099432
9325,120792938.47182569
9326,45479205.29883012
9327,76895607.61687593
9328,47900792.145455286
9329,74154990.57495096
9330,134861974.80368516
9331,161893724.57510734
9332,55615554.75829025
9334,139101822.49016726
9335,150277044.0208125
9336,61796778.752454996
9337,79998260.5185864
9338,74045123.74724519
9339,58411816.84426309
9340,186268600.5245138
9341,158532455.6545535
9342,53045286.11943706
9344,73343346.48094347
9345,100174655.80632792
9346,53421941.0442633
9347,57143312.720906146
9348,73105346.55037373
9349,46298391.13436686
9350,43099443.86172822
9351,103321209.82852101
9352,84219024.55632287
9353,112316491.66724753
9355,213746236.6316455
9356,46813361.606863126
9357,108249538.61283702
9358,59489218.64105407
9359,37543306.46699212
9361,50648204.213675916
9362,81657853.86940351
9363,82567492.68497398
9365,73060511.73508036
9366,57431187.63987622
9369,76356321.3648614
9370,138659111.91187057
9371,129821772.99521291
9372,240774896.09270847
9373,57058589.257434726
9374,145443573.87328878
9375,76208208.81943928
9376,110948893.74685189
9377,69533551.63851835
9378,153340083.73178017
9381,259249178.8487037
9382,53378139.04890036
9383,77323142.49184051
9385,164617657.38881058
9386,108833331.50722554
9388,125882309.6650604
9389,88122070.19433516
9390,183836771.80753002
9391,70714043.48320806
9392,35620137.260603376
9393,36149024.09962466
9394,77118756.57562594
9395,188241550.34454507
9396,95623071.94042301
9397,57957734.24552186
9398,109668510.18944567
9399,121232101.07290389
9400,90892527.54464503
9401,98138223.96965131
9402,211604957.69638944
9406,186437286.06326976
9407,108907306.85935524
9408,72251104.60468408
9409,76572578.80300847
9411,213343209.45037818
9412,103254372.23670834
9414,119434336.51606725
9415,181431458.9583281
9416,78726311.74913803
9418,88554558.8213546
9420,202333537.67581594
9421,50660889.09063788
9422,143419800.99478006
9423,89296996.20417619
9424,77888509.1287033
9425,57524561.67434152
9426,224534660.37272578
9427,64165270.56518756
9428,195086384.3404029
9429,57775700.38424257
9430,34166492.95091894
9431,84811608.79800166
9432,266533519.80467618
9435,132830172.40565073
9436,43492164.03158959
9437,65171587.71634281
9438,195217425.47360298
9439,83671730.16086914
9440,90998677.25443134
9441,111653410.8454175
9442,49615140.53134376
9443,119261107.49420954
9444,238363477.40295306
9445,71575174.45214042
9446,83828834.44793436
9447,73440281.970248
9448,328012863.47444546
9449,74397922.11203358
9450,79822921.31043665
9451,67078421.30515435
9452,48223657.66014114
9453,161474362.94720328
9455,80238383.67151648
9456,111424238.07180324
9457,109236164.0110673
9458,62740903.55436381
9459,133026575.24163842
9460,47933515.63713463
9462,76723866.97591434
9463,79530152.46703961
9464,92095345.12232494
9465,115335239.53633727
9466,81105031.06945013
9467,76389222.02032983
9469,42737939.76433043
9470,119338465.40925968
9472,209878192.91584045
9473,63410364.143562645
9474,106922536.63671762
9475,69998997.00498974
9476,88056522.05697045
9478,73989602.22461231
9479,137690913.31780043
9480,57861098.2043013
9481,49297766.049476825
9482,77952491.97768873
9483,90784264.97666007
9484,45680841.8718624
9485,55125098.86292863
9486,83548083.80269846
9487,127766238.74284023
9488,182788271.23384297
9489,252312159.9806812
9492,59343425.44625315
9493,202757835.13462234
9494,116617524.8385692
9495,111881810.48547511
9496,53890197.22265703
9497,124656408.68822215
9498,74460033.29176053
9499,136599546.8961583
9500,84264164.29814392
9501,137201486.259398
9502,235603793.22675222
9503,147754006.9805392
9504,103925343.03777009
9505,50699818.248407245
9507,122169839.946574
9508,134234141.59018108
9510,68610520.97410172
9511,184362715.92958885
9512,293603567.2168437
9513,154468486.4258834
9514,53466900.141229585
9515,87795873.73198757
9516,81753838.59698202
9517,89141098.21695603
9520,49365417.48968618
9521,141999218.1697118
9522,160881875.63249144
9523,129043047.80857942
9524,49374106.62052706
9525,120052192.60532844
9526,286899689.25677866
9528,282713139.7052153
9529,119717431.88088495
9530,72888279.7847006
9532,95563012.87763098
9533,64722983.63183534
9535,57825154.44037726
9536,85482785.82444054
9537,72868067.66100502
9538,107038262.91455603
9539,89897071.919887
9540,74099244.93399906
9541,240006183.92311952
9542,268313106.83572298
9544,86877627.16141352
9545,71076657.03049496
9546,66653062.58437079
9547,91585642.43033344
9548,107595087.09392452
9549,68611083.88614294
9550,99911820.51376826
9551,64178821.80831939
9553,97893288.61032206
9554,217979900.43330562
9555,64487955.443315454
9556,139477942.54751116
9557,112963444.15755469
9558,71577890.07882868
9559,91586754.05481753
9560,72198566.04087183
9561,52274986.76581681
9562,85510536.82395896
9563,72763699.6874702
9564,124071113.74307385
9566,331850679.139418
9567,120807187.37134199
9568,53089975.28216751
9569,78361846.80056863
9571,82051129.5003075
9572,55463917.22997497
9574,149185459.33366504
9575,51532333.65255774
9576,40852402.92155714
9577,239486429.6877742
9578,66641518.00380623
9579,115293230.5574902
9581,78773844.93274644
9582,149257924.3165071
9583,140696771.12153876
9584,77499039.190108
9585,85316051.00718784
9586,60806640.50075744
9587,147479532.77837846
9588,89533308.45353022
9589,77687688.63053027
9591,56041380.683845595
9592,69168981.37722486
9593,45508459.97104874
9594,75221775.72515547
9595,92720487.01500493
9597,78981091.43299405
9598,120841270.28320752
9599,212429124.50294033
9600,62073870.89765717
9601,111403833.720452
9602,79694602.39032495
9604,107872646.9434733
9605,198430262.60658562
9606,76481569.81080708
9607,44089498.50989827
9608,130974362.11673225
9609,75378326.60977493
9611,130779632.84323777
9612,233425441.57815826
9614,107055201.46454449
9615,341756009.70419955
9618,49416352.710500635
9619,231945481.17411998
9620,123579340.29898943
9621,50233144.333859526
9622,70829979.38768981
9624,157435016.40138897
9625,82828939.58109856
9626,116499346.89162338
9627,233416391.02756596
9628,80375447.94596909
9629,42686401.49932042
9630,94488285.22756147
9632,82037195.31738469
9633,125812800.77413884
9634,102132116.87614396
9635,93496665.94846423
9636,92111888.57765114
9637,55176195.19753049
9638,202695957.60268852
9639,50539103.61706026
9640,176172052.8268462
9641,59766651.311068825
9642,77000443.60361716
9643,143535300.37244833
9644,131145220.16423109
9645,72954689.91273074
9647,70264684.72057888
9648,74030133.9082796
9649,246808388.17047948
9650,53545586.56396276
9651,96082358.30939409
9652,61936827.76631125
9653,139850690.98127085
9654,99273022.5564256
9655,60692258.54207988
9656,54241708.2876174
9657,83749648.83475313
9658,32288425.742091432
9659,97796693.06659158
9661,124588351.9531611
9662,156037472.7147276
9663,119863343.75849402
9664,70128436.4385072
9665,47336926.0483135
9666,73571319.50189257
9668,152982833.16365433
9669,108587843.23405567
9670,152298760.36411113
9671,81322255.853026
9672,40354285.66150635
9673,215489769.21620306
9674,121639961.94668816
9676,118806825.88290966
9677,52265727.39580154
9678,85689187.68712848
9679,121251010.3878677
9680,95907536.00723125
9681,59033099.190602
9682,167400745.78760272
9683,73037038.10381292
9684,90933474.40270445
9685,124506052.90903768
9686,154205458.31106073
9688,64438737.837751016
9689,78254037.99352773
9690,139987382.7199422
9691,278541364.47063774
9694,127980336.05713566
9696,82787860.21541312
9697,109835919.10943304
9698,80979201.55829383
9700,90145617.53731856
9701,50776857.76843195
9702,259703874.34518525
9703,64580277.58147293
9704,175372980.08836007
9706,55769154.82160889
9707,139582069.2701886
9708,92233481.70017305
9710,93315521.02035566
9711,199792407.658278
9712,54541271.28063483
9713,112341697.20202069
9715,74678361.5411275
9716,135684286.59524387
9717,118846415.39745526
9719,232786661.68578196
9721,51238690.44664742
9722,129819211.3090897
9723,131046860.03847532
9724,52666281.08811456
9726,86722013.15399823
9727,89134945.04116708
9728,79870584.55041644
9729,55697811.960069105
9730,108917005.19790336
9731,83571133.50663838
9732,59712910.00425644
9733,51871988.74065088
9734,95570195.91223212
9735,48233762.0044507
9736,80551479.20813312
9737,105005787.91639143
9738,102790483.01124515
9739,118194475.27574182
9740,109740213.0149991
9741,99596781.0504204
9742,69463255.97679794
9743,127549730.97264837
9744,75893342.1544311
9746,137537610.72167185
9747,243698693.633552
9748,48717500.776010245
9749,82144007.15769264
9750,151082608.5732471
9751,104467120.48920184
9752,121096546.66260375
9753,79074527.96336076
9754,300597877.0615891
9755,108687643.78146333
9756,60408781.824716195
9757,251285453.76554734
9758,133806041.3571851
9759,56087366.46405326
9760,125270765.1717311
9761,101983724.12673314
9762,108749710.17567848
9763,155521961.46651602
9765,55962565.058480486
9766,133357039.55383751
9767,109059294.78983082
9768,115158009.95745906
9769,284684483.23184824
9770,75744896.41214694
9771,123101344.3584155
9772,79594380.04519968
9773,63313910.53851597
9774,88379826.07159139
9775,71275293.43207476
9776,200490393.3292445
9778,77200738.87655133
9779,110983015.14487408
9780,99521059.19635862
9782,129580709.19994015
9783,53799828.44973448
9784,80523914.95696737
9786,80244346.15865177
9788,77253934.06965359
9789,80393316.3689174
9790,248313398.6807396
9791,94889729.79480183
9792,66123949.223396964
9793,48210693.153648145
9794,162576588.32731414
9795,95443772.80125196
9796,92856756.67565449
9797,156407846.74190715
9798,183452934.64001432
9799,93553493.22718033
9800,82067170.75386189
9801,101480992.25595653
9802,78752606.51282464
9804,78177215.38583955
9805,185286297.5449192
9806,183393335.72607931
9807,52349897.91226266
9808,89837288.23960921
9809,91334475.5686509
9810,122230052.65095963
9811,72604666.41630155
9813,94513481.30612563
9815,123892668.46946906
9816,67556218.71191356
9817,84879931.35424127
9818,53718743.14592196
9819,77204362.24605086
9820,97122550.4475641
9821,158588495.91810757
9822,74888977.57056332
9823,88628538.2477034
9824,65837133.841508016
9825,125969610.93048409
9826,358406218.33395827
9827,39652119.624874994
9828,70608277.21463493
9829,145281304.72805375
9830,113737101.13224253
9831,90756395.10801476
9833,50802988.82846682
9834,159665198.1421891
9835,101780089.52887036
9836,111593945.82522184
9837,78606954.39616373
9838,96681641.51814063
9839,105573988.66998787
9840,119758300.59893048
9841,164265055.59332553
9842,58631752.87943961
9843,103855696.21162805
9844,122989721.41813886
9845,183811737.92284214
9847,115699247.06362405
9849,103028932.58644696
9850,98062208.8438929
9852,48938539.32966797
9853,78960692.04339261
9854,62497996.63385577
9855,68440874.12324141
9856,58831040.86295387
9857,111475517.84883223
9858,90895870.71924841
9860,86373247.33848889
9861,102971347.54961959
9862,118279076.4696097
9864,98870955.37128839
9865,92889134.58161364
9866,114310776.62306441
9867,113822219.9038473
9868,53642427.53721148
9870,69948172.20275389
9871,94068673.5520384
9872,41640629.968894325
9874,347891632.48708546
9875,254147786.6411448
9876,43091062.47165462
9877,212432600.06047872
9878,119708719.62245697
9879,83623128.22710142
9880,139575213.9472161
9881,98885556.42140591
9882,57374449.74085131
9883,55375926.20467766
9884,80167134.80480148
9885,61227959.67203753
9886,115829030.68242921
9887,124521973.21626002
9888,42449944.20975422
9889,110091995.07822141
9890,69115726.6066214
9891,66116579.66182909
9892,121577919.32881875
9893,78360910.97468439
9894,128370298.49285144
9895,65445571.83451661
9896,87073899.17682904
9897,88588287.27943423
9898,112488621.6865066
9899,123649975.17395037
9900,157227587.75666344
9901,59233507.47937454
9902,75741198.83617657
9903,80878015.12306893
9904,106644321.6561193
9905,49753636.61639465
9906,233752401.37061548
9908,83769971.41169278
9909,136694491.12329543
9910,90583507.14697267
9911,93962693.20480864
9912,72679330.38246362
9913,88865167.407902
9914,101132985.52890667
9916,59498541.43312462
9917,46986637.65034779
9918,79984355.59099522
9919,73152980.56796202
9920,105060909.38863687
9922,152138811.41601658
9924,159769825.30352318
9925,68899178.19942413
9927,80366171.26524219
9928,162583346.05033982
9929,74133432.62768678
9930,101640810.12598458
9931,49021222.11573074
9933,57867683.25250721
9934,59552103.148204
9935,83342822.36645786
9937,86539395.14793694
9939,99078878.94344467
9940,180555586.45803723
9941,66507852.73714168
9942,61809843.65744438
9943,259549128.11696342
9944,205464744.15737963
9945,106025532.83896494
9946,150322698.0145439
9947,89434958.00915939
9948,101846184.44898239
9949,67858723.96389621
9950,183476279.16812855
9951,89888529.24933997
9952,75319613.202082
9953,73208731.00910918
9954,110190864.5483253
9955,170240701.62468374
9957,201531652.43604192
9959,71107632.30999617
9960,57655437.964521855
9961,165991339.84686852
9963,108841871.19132113
9964,60994513.32584077
9965,79540993.32509689
9967,125340503.75420272
9968,38984022.64081001
9969,142418722.08080596
9970,48789779.319193065
9971,71179558.47081801
9972,95252015.77211525
9973,57151322.58021252
9974,70371837.1173224
9975,155634519.55814976
9978,70605308.6911587
9979,93826886.71121171
9980,47694306.695657365
9982,70417247.9256059
9983,105007180.27862403
9984,105661745.68276726
9985,45902433.485002935
9986,100520183.53723745
9987,53506822.649910286
9988,60391382.56748465
9989,96115041.98668282
9990,130880829.8508763
9991,51588244.101593904
9992,152975585.32470527
9993,217784738.73737556
9994,80955896.58547975
9995,58861732.16482623
9996,61860612.23079911
9997,49157397.44386368
9998,89017895.3161492
9999,91926805.5030134
10001,115217655.89538823
10003,52958551.218622506
10004,128932481.3655132
10005,94310520.23877612
10006,68534305.24824634
10007,32609522.907189954
10008,81542417.29063593
10009,69148790.81726849
10010,82678250.58699545
10011,86823885.1509459
10012,118275726.37944974
10013,111845052.82304788
10015,179301059.96378186
10016,97792076.26545438
10017,105211795.64405534
10018,49116477.729386196
10019,135696740.76480174
10020,80416020.66951111
10021,70317296.745934
10022,88827032.5826222
10023,94470896.00471383
10024,86850198.35694145
10025,97879019.08741282
10027,135124771.76176372
10028,36394801.98473233
10029,108186648.95559269
10030,60687302.90203821
10031,100853845.75429225
10032,72128278.98615682
10034,141153013.2000754
10035,60967287.13902743
10037,138352824.5836388
10038,199988905.25399253
10039,44783220.16415012
10040,84746566.5828298
10041,120532590.06712817
10042,160518603.28863347
10043,179948224.75010303
10044,136225119.4610989
10045,83981785.79631078
10047,68850891.5176953
10048,138571529.80812952
10050,71137391.94753115
10051,62964214.38029029
10053,60689803.865624316
10054,71834150.7640558
10056,102293963.22747615
10057,122667327.52811958
10058,101501345.90550596
10059,45433450.14387846
10060,58814738.25247263
10062,67988916.44470188
10063,104799257.09569494
10064,116750387.79607563
10065,74464996.4246231
10066,74608627.373891
10067,96591700.81589368
10068,96817665.44832692
10069,90779835.68896382
10070,44424022.70317067
10071,89120918.62151256
10072,111004979.44758183
10073,86680968.17231068
10074,179455130.3381664
10075,196816466.87677386
10077,206474608.66902038
10078,78572702.45520294
10079,55604713.00565742
10080,62064197.550038576
10081,79364666.25629869
10082,48332590.284033075
10083,96009873.19485979
10084,317200773.5788681
10085,145133646.8135657
10086,34987619.71460799
10087,113824503.06667896
10088,34344652.19461702
10089,71176862.23274818
10090,81508341.02203989
10092,68293434.47340378
10093,136392965.7503353
10094,58788435.99962419
10095,69232381.6912612
10096,60418268.39321132
10097,83233094.2108664
10098,183422382.26127636
10099,142062309.25693008
10100,163237254.97243178
10102,42640883.46127908
10103,69799474.32070982
10104,122570495.33900104
10105,166471784.99564263
10106,58335295.2470645
10107,113388264.82169533
10108,98185978.19101429
10109,246240295.12939134
10111,96116597.624629
10112,81887956.66747078
10113,133757954.43273732
10114,93462897.0506123
10117,84847527.80400832
10118,56949162.13009931
10119,134834294.1753954
10120,159670453.43382564
10121,194393446.08322236
10122,154222951.87397918
10123,122660827.99591987
10124,65864206.73953852
10125,78347183.53918403
10126,88334911.30813232
10127,93954274.88629924
10128,69456509.44770102
10129,131314584.63525452
10130,43307202.14394572
10131,227078694.15542138
10132,124206754.0058785
10133,95775248.81422032
10134,56980365.28810461
10135,248718282.52057642
10136,128316911.8688536
10137,257222011.39563245
10138,124392890.17663066
10139,64008315.385828175
10140,125214575.76873158
10141,65718791.531451195
10144,99753787.38754213
10145,70684172.8971229
10146,78767017.30351304
10147,59584090.340898335
10149,87504636.83598505
10150,64765907.29959756
10151,88177501.42313638
10152,60620245.36666508
10154,134157116.95663561
10155,113125737.21461749
10156,109033169.43646193
10157,88950814.97582181
10158,58792587.067677915
10161,87182298.64029425
10162,217908015.49259248
10163,68926965.5983203
10164,67863438.7721367
10165,64757702.88553853
10166,91258669.41259623
10167,138026885.49175125
10168,57524683.93162222
10169,67687637.26832551
10170,157188299.86603045
10171,111233806.77045745
10172,52534044.720677406
10173,69061706.27584621
10174,50992051.81635277
10175,118097546.06973237
10176,153345108.39446568
10177,73810872.3997071
10178,86369489.18351574
10179,64510420.29507129
10180,93950754.17620608
10183,137317746.8875744
10184,91308897.92970632
10185,40515889.2674932
10186,77207438.13643835
10187,84331455.8353011
10188,44337295.12104051
10189,138932208.4718289
10190,37992265.91658439
10191,121249335.51563893
10192,165674134.08068237
10193,94780844.77279145
10194,100219041.1422331
10195,85367983.71126345
10196,65564834.695772335
10197,66952726.41355261
10199,127769034.25362277
10200,120190988.66378507
10201,353153325.00760674
10202,123252846.79865555
10203,129436201.52908012
10204,53166564.374864794
10205,114405106.7948865
10206,133195304.99545178
10207,92974734.32009627
10208,127213596.51981637
10209,159212607.2801635
10210,231906706.29124048
10212,73274394.9514772
10213,119412964.92368543
10214,58596470.59095575
10215,76987520.71636125
10216,137307274.82144678
10217,180604133.21768627
10218,115072069.78911759
10219,81803924.33228916
10220,53572148.35808319
10221,104731605.68999994
10222,69121436.1731349
10223,59032390.42986928
10224,100109376.58162251
10226,39068998.9700389
10228,100706349.62035578
10229,44419549.26424875
10230,87167501.95908855
10231,60457846.04549438
10232,225661910.1023568
10233,52707451.61480455
10234,72543756.2896722
10235,84832372.68525346
10236,49005231.18254816
10237,155208012.2639575
10238,84364483.7851125
10239,92088956.10573602
10240,34652649.873893924
10241,48654040.92047883
10243,153882891.77978805
10244,51407635.54321396
10245,119133103.7296138
10246,181048299.96534348
10247,178733045.43771297
10248,90182171.96189004
10249,130313585.8970802
10250,110192870.92870651
10251,319415377.5965932
10252,200302967.29999292
10253,93936485.38842024
10254,65423927.29112801
10255,59664113.94074032
10256,156118672.69745445
10257,69617203.18378478
10258,148430952.39669657
10259,81266525.08280696
10260,154675172.6498009
10261,49431098.743336044
10262,73129676.62387808
10263,83025497.19406568
10264,62907582.620677166
10265,48818233.063021585
10266,58604211.35772684
10267,67236156.12096472
10268,101832807.55893752
10269,134201598.24030203
10270,68276469.78755765
10271,91762275.78077999
10272,73731355.66800156
10273,103074034.123326
10274,71674106.44915256
10275,56551224.786214165
10278,65405079.79754662
10280,45871097.158149235
10281,99430525.00990334
10282,53686687.155268125
10283,77958489.49381575
10284,47898156.89497973
10285,130284642.89154258
10286,62250647.93367377
10287,99544060.35937543
10288,82133994.09680557
10289,86263668.77708565
10290,166432175.69311816
10291,90953919.80444737
10292,72725733.61901848
10293,130812203.86921996
10296,90068506.7459302
10297,83522042.776401
10298,101831299.92246039
10299,45445829.92923666
10300,89403050.68467681
10301,104995111.23576133
10302,60468312.22271141
10303,80130216.28433384
10304,291945773.43937105
10306,47189354.561624646
10307,105431316.86177719
10308,82759049.15795924
10309,33991619.9770856
10310,90512166.73501116
10311,72316169.8549191
10313,50207999.60811494
10314,54829484.10558091
10315,68071043.3758457
10316,65132239.21256894
10317,51048412.67231938
10318,43669958.20137396
10319,95659758.84188816
10320,213772377.4973329
10321,93003143.74766758
10322,48483784.043127626
10323,187465196.10567918
10325,43978052.89752408
10326,107529291.11991185
10327,206079300.65928605
10328,96718302.83042312
10329,46510591.92979387
10330,201374953.1587022
10331,114342910.34549801
10332,67943052.52343208
10333,89968064.27464843
10334,62967530.723895535
10335,108972126.65177308
10336,74962711.41647857
10337,140181416.10675234
10338,56783690.08239654
10339,62720586.79921921
10340,92870155.41107014
10341,56795772.81636488
10342,106183955.49167754
10343,53172867.11350179
10344,48771254.078866236
10345,104197967.33666705
10346,215895701.92212015
10347,62683335.70346141
10348,208945782.15937227
10349,132704979.75541124
10350,108061756.5544236
10351,65298714.74869863
10352,95990451.60457286
10353,75387703.04640284
10354,84780289.44042057
10355,82455386.46386743
10358,49974675.56140141
10361,38536527.43578966
10362,262091581.98827517
10363,50254911.829488814
10364,64900762.34243137
10365,164677063.65051568
10368,66716935.30900127
10369,60835567.64911267
10370,110628798.4526627
10371,90793921.74926306
10372,70967683.68749648
10373,165207410.30557343
10374,80709894.10425565
10375,100961167.80243441
10376,65328037.9269632
10377,231553155.82599816
10378,65373663.68186607
10379,36075929.28172923
10380,211637195.89737383
10381,259421022.36136198
10382,51457793.83858817
10384,99457107.11693214
10385,228323608.86892456
10386,68488655.85464996
10388,69335733.73075598
10389,65634526.126618885
10390,92740002.21866785
10391,289275739.39726484
10394,162665370.75099254
10395,89883060.8681988
10396,105621014.47437456
10397,70729550.63677117
10398,56547980.00019634
10399,80018073.43837485
10401,38467907.70274607
10402,172601263.76701993
10403,92069181.41201709
10404,44013872.45081584
10405,144058026.0856109
10406,47600816.65220894
10407,63133840.08355948
10408,88733564.01808669
10409,95728368.70904024
10410,69445628.32508275
10411,134864465.91717485
10412,98524533.5348819
10413,113442061.14201638
10414,225186664.8420302
10415,50529799.831264235
10416,66777003.11278886
10417,63664513.139708064
10418,105196953.49700904
10419,98434045.57653353
10420,78937182.32984652
10421,49890059.96866281
10423,70281092.87668622
10424,138089466.26707026
10425,86518372.18036228
10427,97229976.21814516
10428,72811975.86492933
10429,117057547.54582334
10430,62768803.76391922
10431,89499673.49759692
10432,86401026.48036978
10433,84359526.22867982
10434,63925606.705661006
10435,312225817.8450249
10436,147822315.80315888
10437,92222865.27773869
10438,71686300.99985014
10439,113076307.38872294
10440,111560563.95868722
10442,162372103.6906353
10443,80723726.59553094
10446,96967299.64772132
10447,52718510.81920163
10449,101731770.0864049
10450,79850756.12957218
10451,89185301.9644273
10452,66976808.186491996
10453,55442540.68585723
10454,94486971.676577
10456,49040961.01950869
10457,91359076.70871487
10458,56383224.29633379
10459,60458925.832037404
10461,70400103.41862057
10462,59107911.277421765
10463,80508379.81571156
10464,53918148.72014568
10465,58888847.98158081
10466,57302546.99663421
10467,46391715.13945398
10468,67104729.94679771
10469,62042073.055975586
10472,119699700.23974803
10473,118401082.90716608
10474,88824661.66635127
10475,48940115.233248845
10476,48557898.03424201
10477,59106839.99409461
10478,178950976.80812243
10479,74785043.65415786
10480,54142890.11177963
10482,61385000.92644837
10483,156120358.23140442
10484,79563735.69180618
10486,105045617.1804865
10487,56106700.337626725
10488,111113284.51278171
10489,74928038.12523104
10490,76525635.55687983
10491,148437661.0985124
10493,53533570.278550774
10494,43921238.09264778
10495,123518118.37670392
10496,150259780.75659853
10497,47297511.32493294
10498,65274023.33125059
10499,191027022.06658494
10500,51315572.85533409
10501,39361455.8656936
10502,164080088.175648
10503,137589900.61530036
10504,71582767.35658826
10505,82129690.74780613
10507,106207349.58300678
10508,55176206.22660474
10510,123984989.9980829
10511,119212453.87771401
10512,79156881.42227621
10513,91500459.9193111
10514,146284793.09040403
10515,66262935.0733042
10516,73548997.19794783
10517,95795453.58012351
10518,85149679.70815328
10519,62756291.04753305
10520,86626353.07179934
10521,41110101.74615316
10522,79416446.54808408
10523,73217644.19100782
10524,129990659.31893042
10525,226078871.0468527
10526,110953279.11899453
10527,76507285.23133902
10528,141471309.3142496
10529,176422263.74132153
10530,82286587.71908084
10531,72610265.05048423
10533,93697554.60407454
10534,171634318.04399717
10535,130666525.62881367
10536,67807242.68402103
10537,48167880.51155267
10538,138239274.8809293
10539,140018363.5301384
10540,97352755.76513466
10541,119652992.73954113
10542,104097645.34182197
10543,112414897.08025816
10544,122162322.77776441
10545,131578044.8237048
10546,122710127.5795438
10547,45009796.92886985
10548,72713084.25800376
10549,111972258.32141618
10550,103302092.71009289
10552,184240402.30035794
10554,54987113.95822348
10555,84351969.78795137
10556,45140767.89889276
10557,23736883.796503756
10558,58261822.04879236
10559,85338905.63978776
10560,94601280.14291538
10561,59384692.700176425
10562,128087201.70167439
10563,225755922.0511482
10564,121178149.96644674
10565,148553813.8048618
10566,86038852.56147183
10567,213338818.6774859
10568,61728729.12576574
10569,49031946.07028533
10570,124510596.90874667
10571,154308065.89796695
10572,68712403.19977142
10573,83295996.25860591
10575,63717730.70874147
10577,110408398.67255008
10578,61036927.66885461
10579,85266044.41551773
10580,68725683.84610678
10581,93720261.4401617
10582,89509858.28862253
10583,172683564.92079532
10584,301478983.3724232
10585,71162246.19015338
10587,48535297.2806856
10588,63422150.53894545
10589,78887892.51529779
10590,118485161.03643024
10591,37526478.93854738
10592,69675534.96573102
10593,50896693.62566331
10594,94526921.45413433
10595,48784805.62335645
10597,89336424.38841297
10598,92261108.41592613
10599,87295861.67316194
10600,63095096.03857656
10601,35842404.51706841
10602,76476887.93125163
10603,91606102.70862588
10604,61793692.40348601
10605,88341242.9944938
10606,51792269.218682304
10608,67198012.28984451
10609,63928234.85298591
10610,63121844.59632285
10613,144101379.32793385
10616,153004488.01384866
10617,75284781.74619393
10618,172209679.5057233
10619,138433458.15132344
10620,76057360.89861934
10621,171486355.94141895
10622,103108018.8975458
10623,82514281.16155432
10624,73202543.86674
10625,95797991.8662164
10626,43926163.012078084
10627,82678202.63516039
10629,131286641.97091079
10630,44583371.54448321
10631,83093790.76487744
10632,124665132.76571281
10633,70269030.739534
10634,44541964.569861375
10635,173165461.8851765
10636,87174397.31104985
10637,100589981.19390595
10638,101731619.65984392
10639,95835995.8121466
10640,120639365.33313136
10641,77085389.79804638
10642,69908489.93759389
10643,71281225.07314548
10644,95592979.13807845
10645,77534031.27532785
10646,152282826.32060224
10647,71885752.0824445
10650,95514559.74929452
10651,105845548.82686755
10652,95759023.12028277
10654,50950351.8282416
10655,51539822.86875638
10656,165457209.54756206
10657,150113606.4395313
10658,114925779.44140819
10659,148164709.39631456
10660,202848256.11207795
10661,85931001.6280677
10662,130725253.58716726
10663,45725008.92373474
10664,104035575.5535266
10665,104318188.65062845
10666,91311045.42839439
10667,175472651.20747754
10668,76566278.22518978
10669,60510588.12279302
10670,61189344.464999996
10671,100708984.51764253
10672,96801003.47704518
10673,152077597.80281207
10674,185180056.43039024
10675,76925054.163107
10676,184927283.0149472
10677,52184719.96572921
10678,182974643.44662845
10679,118960364.86825344
10680,93190572.85746361
10681,153358395.72975242
10682,183026251.11972147
10683,85204011.03223479
10684,57725431.05473496
10685,110515573.10171166
10686,73778820.12162995
10687,135337524.39438957
10688,93197851.31236617
10689,63141332.24983429
10690,142668719.20424458
10693,82771329.07226308
10694,58353631.660820134
10695,77153229.31347919
10696,100114670.04711989
10697,100729284.94393456
10698,93932985.35756436
10699,61365547.5796887
10700,80201179.63562523
10701,73607840.74479467
10703,144271466.43827742
10704,150570780.0043956
10706,109176795.9121969
10707,204763258.2496022
10708,51727975.55224691
10709,80542457.00311072
10711,98345998.9815521
10712,72106035.99829273
10714,116676737.57181185
10715,121765449.798136
10716,84671927.25695416
10718,84565178.48793615
10719,172965094.6425292
10720,91299920.6396595
10722,113264810.49803318
10723,214434567.36469576
10724,83976007.6259733
10725,41012211.83066484
10726,101180372.95533688
10727,49794857.05593887
10728,70254674.80496064
10729,64193574.74521348
10730,47525261.28852328
10732,143268618.05906314
10734,52891510.941390745
10735,64139050.22135946
10737,124175123.00425074
10738,329076587.31233597
10739,66400496.105602376
10740,259805598.86144263
10741,182933583.74797782
10742,180227596.32033342
10743,51304268.83862753
10744,89967520.59757468
10745,89715975.57088684
10746,72479532.74771161
10747,236146272.8365297
10748,119923557.96420895
10749,228294384.09279266
10750,119884693.67970353
10751,74906081.47120668
10752,145334409.35640568
10753,39486537.58754255
10755,60701882.160091445
10756,150600630.9640668
10757,67481101.05019608
10758,68171422.23047262
10759,72901485.38151672
10760,104145483.15291682
10762,78478836.0625026
10763,129746166.77668694
10764,85706382.72500044
10765,83758934.03311938
10766,114236360.94427384
10768,98311124.903624
10769,68165059.69969773
10770,86551736.368455
10774,204190803.73884743
10775,60801633.97655578
10776,114444148.00759916
10778,126964269.10386014
10779,182548989.3686142
10780,62083272.18927353
10783,89781445.43329386
10784,94834946.30880392
10785,127665715.73703372
10787,51911978.71459761
10788,75463516.4030664
10789,133413963.16153058
10791,114759887.9063943
10792,62679809.36454147
10793,114917667.37017755
10794,95052806.89887002
10795,52736673.69190533
10796,69532204.14056917
10798,81995605.90223497
10800,215780735.3244367
10802,100608346.28976795
10803,69382785.04123153
10804,49816380.859419756
10805,92292088.12807107
10806,174079876.17420632
10808,57141432.42370595
10809,163429274.98681238
10810,64684962.221808404
10811,94746668.25059114
10812,146400031.69378546
10813,49822179.9510636
10815,69825209.86230613
10816,91093470.16623056
10817,98637682.34388909
10818,135981983.06365877
10819,93992471.15249547
10820,75884967.31697674
10821,54584217.19198372
10822,103768706.38142726
10823,95040333.56672868
10824,53728798.31565242
10825,82149521.84913874
10826,136630162.92022425
10827,50163384.27701833
10828,88377947.0866256
10829,43552042.45651946
10830,70023417.0581914
10831,116761471.92707787
10832,80294526.24122232
10833,41284796.04937805
10834,186550531.83426666
10835,82184425.34079672
10836,175652411.30511507
10837,354498355.7357276
10838,76421605.93072352
10839,74756533.2877264
10840,61817682.4214612
10841,83983293.55676135
10846,75762852.64072035
10847,52596185.687468566
10848,107883228.52979478
10850,256917711.31321064
10851,106874243.97156851
10852,104908067.17212503
10853,92368282.72269537
10854,97682017.5876124
10855,212373986.09580898
10856,148813507.50943822
10857,90672505.07645655
10858,112136333.21110326
10859,291046524.79351735
10860,69578916.35325736
10862,145402502.15711415
10864,94444858.14748552
10865,131992581.26901269
10866,144680672.415691
10867,64354091.26754824
10868,64050156.12507448
10869,38688870.06416767
10870,61269176.540421456
10871,69493263.44586924
10872,92850978.29539184
10873,69106756.4094761
10874,218613009.00354072
10875,70097116.16566437
10877,88113980.41100854
10878,144461380.64805722
10879,72343836.27052246
10880,117616416.67262362
10881,187993789.4766441
10882,62523614.389038414
10883,118386033.00437455
10884,151570997.8595184
10885,81090100.37372157
10888,184950021.66052434
10890,85888797.28717196
10891,63054469.10740906
10892,62155780.94868497
10893,122437987.88881046
10894,145094721.92130658
10895,155228666.79792002
10896,63602882.31298122
10897,59310773.40620707
10898,99034454.8664695
10899,101831274.48022687
10900,170521535.42472187
10901,68557483.19854733
10902,85299840.83243537
10903,60642022.14477737
10904,67595372.80227832
10905,98262409.41319397
10906,94956715.13166793
10907,185378960.1301377
10908,66494438.53035358
10909,68063710.05347483
10910,61772960.50956069
10912,134344631.55349338
10913,90907603.52827962
10914,166272575.40752625
10915,64875283.31878162
10916,98463457.21964958
10917,107416968.9888859
10919,106379162.3405408
10920,95699602.32754275
10921,82107724.2941116
10922,63016953.525211304
10924,43606256.91204342
10925,79161474.6673357
10926,51411431.45264168
10927,77853632.98111805
10928,108358213.8499575
10929,52470001.770960756
10931,66391434.47393965
10932,140104306.0401416
10933,130827918.38123098
10934,73109145.47147015
10935,93526703.72599113
10936,90231102.6227467
10938,45007261.79566352
10939,117492369.40290803
10940,130835507.70923884
10941,72143150.278312
10942,170330195.19828987
10943,81437224.3971464
10944,90046201.24045223
10945,66130175.41154135
10946,60531774.22918844
10947,43988803.14025138
10948,152317656.71834296
10949,191051353.03386962
10950,57741174.91808926
10951,128781382.47167331
10952,258299300.7038487
10953,184798857.95975873
10954,101260056.28279682
10955,46809435.965985216
10956,101476963.6858303
10958,73150747.83716992
10960,80278816.16067514
10961,75946074.47357357
10962,165913914.70018983
10963,122204919.05542849
10964,279635514.44802034
10965,163344784.20922837
10968,108486462.18031512
10969,126191950.1440815
10971,163206178.56519148
10972,72013926.35603003
10973,75781161.76568004
10974,66771043.93519974
10975,160884547.79126707
10976,72569091.05006999
10977,72199343.9413381
10978,123292216.14566651
10979,79293951.45992571
10980,179066697.32628375
10982,73723091.19615985
10983,151865229.04249996
10984,52895604.81534762
10986,55667182.90627933
10989,113948042.8817096
10990,54569520.510150015
10991,154646596.92757946
10992,83740757.85594565
10993,81284701.36647628
10994,15967752.548722472
10995,81810468.07231218
10996,112868476.99190794
10998,51724085.11480178
10999,113443031.38197565
11000,113252818.92412557
11001,110392011.129147
11002,69009035.14966263
11003,82468443.2081744
11005,84319001.95795506
11006,113573752.61139378
11007,58291910.1032926
11008,62888539.988952756
11010,180880214.97372037
11011,195805111.88560492
11012,74207181.31600347
11013,321336830.1482152
11014,102186437.56737576
11015,89385876.03858177
11016,69670622.24799317
11017,109031442.1291286
11018,108464331.6710579
11019,40332050.190375544
11020,42145716.60583291
11021,74003124.6157025
11024,81965147.97533736
11025,70428103.33757676
11026,114972693.26438247
11027,48262620.2827892
11028,77210028.72670904
11029,53578107.97004562
11030,159040581.94633552
11031,101118111.46306074
11032,88103460.82774067
11033,57299741.88788144
11034,133246304.73669928
11035,99951378.18900803
11036,84115129.08460931
11038,68729030.23740612
11041,173350475.37764278
11042,46930767.57060026
11043,91858008.32044178
11044,81456879.75194627
11045,63488409.5245769
11046,96423191.77339564
11047,109448029.65569882
11048,93578082.77673118
11049,35125007.13961674
11051,61409385.263554625
11052,62275474.271729335
11053,78994970.66171992
11054,63881935.54437495
11055,87252442.13551533
11056,69491702.22563633
11057,203167604.73756644
11059,85199532.05597073
11060,148970853.6070559
11061,389567497.3352843
11062,95592051.1668473
11063,50679168.33854643
11064,63534804.25059825
11067,71770282.64056046
11068,56712615.79131505
11070,99872127.74060364
11071,75822722.29298724
11072,85686005.59260207
11073,96371165.64587696
11074,164159553.9488828
11075,114676398.11268666
11077,94089048.14219853
11078,136085428.6151108
11080,146240732.77221957
11081,42985915.04022073
11082,54561255.190629005
11083,143086870.19747198
11085,115124438.6990643
11087,92255230.2286285
11088,96359598.76488337
11089,142674895.13353434
11090,82499079.26227252
11091,36983395.53472168
11092,44016688.73664417
11093,70652429.34466478
11094,203892096.40752047
11095,138926105.7148121
11096,151138440.40773255
11098,131596478.25797918
11099,233390217.7222981
11101,53314547.745331556
11102,86068210.50752035
11103,77245352.71272105
11104,44589005.64839332
11105,65405088.222963594
11106,65082053.441282235
11107,363772424.03874135
11108,106141804.3132424
11109,288662457.7173187
11110,108830960.09933259
11113,64125642.31949413
11114,135912062.77420756
11115,39990150.107724905
11116,81451280.6751909
11117,128684490.06117901
11119,100026733.43748455
11120,95317624.55800827
11121,60404992.85563653
11122,174031462.94719046
11123,57961179.488686055
11124,89715126.35543607
11125,89135566.9447247
11127,50094674.00858272
11128,63870688.41379101
11129,61861006.708018236
11130,118382875.3308371
11131,71986792.9549942
11132,228891759.45171994
11133,84636079.48594482
11134,75804044.44639722
11135,97943502.76222555
11136,74854802.73644942
11138,93593821.95606367
11141,175340672.3468365
11142,77951295.56760514
11143,49143227.34556037
11144,195008054.51046482
11145,152730083.57052338
11146,74910301.87815186
11147,298056358.77156794
11149,74419562.4499186
11150,75857001.2444401
11151,123153593.4466711
11152,146005227.4518132
11154,87347948.7113893
11155,229113547.38516232
11156,61013494.512444645
11157,75543479.12771448
11158,102824837.79638653
11159,106249039.84623656
11160,118439839.12854424
11161,72976596.36362462
11162,60457960.91871829
11164,52819154.1507268
11165,67179099.72959638
11166,132830137.951721
11169,196511544.75226998
11170,99600780.82244533
11171,85391414.16474277
11172,129143530.74212877
11173,59154916.35588397
11174,73560997.66200444
11175,211143039.99289662
11176,295966027.0808289
11177,105418866.63058741
11179,71288657.4635254
11180,100721280.68599388
11182,72679990.3243282
11183,95341110.20058846
11185,100578964.3395212
11186,95506970.92726411
11187,178053120.6936902
11188,256078141.52309507
11189,82032641.06142704
11190,72885275.42442232
11191,88912591.7044678
11192,84496783.52967876
11193,86930752.13930364
11194,73455686.07148783
11195,89519861.39331691
11196,114030202.35509853
11197,76252435.2866958
11198,87238794.09631073
11199,148197426.7584813
11201,89783561.81466052
11202,82353068.23427749
11203,149570702.3140179
11205,90282140.33583683
11208,82108567.93797313
11209,122192258.98744327
11210,65115279.71579097
11211,60760879.38968425
11212,80266774.39361802
11213,70794847.58223319
11214,69524609.43633036
11215,60840399.661137655
11216,77919028.75625062
11217,58539465.14555441
11218,83578564.11381783
11219,133829445.64862388
11220,306846711.288681
11221,105076290.19434947
11222,85757835.23624776
11223,65674685.21266102
11224,143849194.46263817
11226,111151853.1970113
11227,104080237.74836361
11228,62331689.70542762
11229,56043513.112982474
11230,70594150.68930663
11231,53101775.67176765
11232,71475020.99419734
11233,56128041.52581393
11234,65320607.1845794
11235,68437754.68354438
11236,166827310.03620675
11237,71368921.63139303
11238,57955741.176805384
11239,58530610.23768293
11240,83082596.51023972
11241,72115862.75704515
11243,105133472.4557875
11244,106749071.67719024
11246,147908499.78867275
11247,132115469.40729623
11248,92232509.85416955
11249,112368164.49832946
11250,126137199.49997512
11251,121842785.29148869
11253,70869396.23139554
11254,125286075.26392351
11255,103797024.9457173
11256,72682633.02380422
11257,80746976.2563038
11258,112425655.38172854
11260,89738111.2361464
11261,102964197.91278693
11262,159328749.61821577
11263,141075423.68906263
11264,98815459.62871638
11266,215091302.44822848
11267,83982009.04163074
11269,81239210.96936776
11270,77437312.42888129
11271,68282367.82317561
11272,75672413.1431175
11273,62817394.65934982
11274,153185393.3933786
11275,175698017.0905751
11276,106787044.41399787
11278,130838263.90320614
11279,90887348.9559761
11281,237655494.6682517
11283,107291439.98087879
11284,61321958.162870385
11285,100318747.93426414
11287,71911325.84824201
11288,154336783.8461101
11290,63341203.72692196
11291,54372132.6331628
11292,65281261.717328936
11294,93657964.89034462
11295,81314297.19985913
11296,63120322.841537714
11297,275610126.03552526
11298,106545191.98260148
11299,82051173.79391341
11300,136318816.58568916
11301,72745723.81636536
11302,97391737.73405302
11303,157261847.64847156
11304,75224268.42226185
11305,227991689.85410678
11306,79864052.69904569
11307,195204446.38353944
11308,140660386.66190937
11309,84191315.56723434
11311,139122390.34281048
11312,97646150.16419064
11314,218508305.56952175
11315,154169834.49619842
11316,168124869.69111836
11317,70255457.22670229
11318,99170659.3731867
11320,66401933.69849466
11322,59374337.81695296
11323,66167957.12921327
11324,209789113.38060352
11325,70392132.35856138
11326,219643599.0223505
11327,68498673.95889731
11328,49726405.27935657
11330,103484270.01815504
11331,103013915.35286
11332,90363887.1611075
11333,90295415.82846937
11334,91964420.46736862
11336,49284689.23229007
11337,105207001.56695463
11339,117630244.24450067
11340,64031087.33013502
11342,68587633.23632066
11343,243745516.1492477
11344,66366442.39643674
11345,135669454.45395628
11346,73730959.28182471
11347,89173163.3336896
11348,118642761.4902648
11349,150348360.47306055
11350,176210209.26640123
11351,66822848.99716145
11352,85807673.8946287
11354,60210428.17335989
11356,50363268.53931351
11357,126741944.26221865
11358,57892934.50828019
11359,90785951.34289826
11360,257146378.96856356
11361,80947199.44398965
11362,118003542.84099016
11364,95749624.31415376
11365,80249251.79385291
11366,79329483.09167492
11367,114095425.98271017
11369,254746236.68540606
11371,75673166.31761917
11372,44091512.81161609
11373,66899363.29926932
11374,102391894.95117149
11375,47117968.450392656
11376,64091722.87364469
11377,101248000.65379645
11378,106395300.04342213
11379,185890908.36986393
11380,81789603.01770368
11381,151689645.67628345
11382,97547148.1855077
11383,96377906.9602625
11384,141650478.11821824
11385,45151093.486661285
11386,127081314.6143438
11387,71993540.00583293
11388,57996855.18047362
11389,37259653.951967
11390,66401622.2983681
11391,100128449.59753494
11392,62427854.10856986
11393,78134974.65360685
11395,78648333.29594138
11396,97982291.21220326
11397,113988135.47617804
11398,210123956.75444296
11399,82949840.98741242
11401,69519014.27279276
11403,120808836.79400155
11404,145637963.94174132
11407,73328404.95639145
11408,71307408.6800498
11409,146160668.47274804
11410,98335325.99519593
11411,94002825.14556915
11412,83328256.28529735
11413,73742305.38955115
11414,134904664.80754066
11415,67325965.22639927
11416,62005386.00592249
11417,114176895.20758443
11418,57168613.29056734
11419,108364211.07163107
11420,112471945.1282832
11422,112680875.02978565
11423,86425170.87812902
11424,94489704.1994267
11425,91176563.58750431
11426,112487634.67613074
11427,72891342.15787932
11428,79611441.07931042
11429,73027052.62671126
11430,102232562.4507917
11431,159435946.168527
11433,65832072.929186925
11434,102604425.9951798
11435,183259006.5384144
11436,86531825.49439548
11437,139136732.10311955
11438,55701271.43360987
11439,285159803.22063184
11440,72655288.35720895
11441,87020254.14390044
11442,81709526.3807425
11443,86970036.41381137
11445,102953411.22167143
11446,60432265.664079495
11447,210266505.74565428
11449,57632983.31664242
11450,163126087.12292156
11452,174134440.3106925
11453,165635817.76924747
11454,90487079.03270309
11455,110941970.27872558
11456,137619751.97535813
11457,107208217.78356953
11458,110275791.82505435
11459,70564696.9559042
11461,71105665.90166102
11462,104596038.28793845
11463,93907758.5687787
11464,125400861.32743916
11465,42318835.26336458
11468,71462726.16349663
11469,85393620.9048793
11470,79274233.09099843
11473,144804002.02689007
11474,155422201.72334588
11475,69486327.02992567
11476,41589156.94951448
11478,81904047.44339828
11479,55087710.76582989
11480,83672377.68485755
11481,79284138.22083756
11482,150341919.07807112
11483,93026809.2734111
11484,68957003.30570821
11486,120958681.00441806
11487,78452776.1137218
11488,112026227.46030244
11489,147472015.28256226
11490,85623829.33976997
11491,198900087.4288835
11492,124057536.72413538
11493,90339637.77631739
11494,107326036.5963201
11495,93918170.86413994
11496,42983888.9753197
11497,86706930.76342043
11498,37388200.177668706
11499,121739484.03932199
11500,37784857.413910195
11502,87763425.16010043
11503,65053222.23118026
11504,91560338.20637344
11505,95305787.44159237
11506,116186344.55287477
11507,126222178.78804436
11508,57412398.28482785
11509,46711905.952259555
11510,80136834.87333754
11511,254134087.30259958
11512,71215019.21299866
11514,65356074.240336336
11515,164656613.60267258
11516,72206361.44262762
11518,132150992.3668904
11519,58086015.1120515
11521,146184596.82198134
11522,60281386.70957212
11523,64228613.09632895
11524,83864442.1125851
11525,38031282.95079392
11526,111875662.51448885
11527,45357901.94052157
11528,146184118.00335395
11529,57274117.92118426
11531,64538891.221580185
11532,86147159.41977768
11533,93599644.10490002
11534,40160790.188598156
11535,63103541.641673125
11536,93951494.90535109
11537,110567363.3819958
11539,108301261.03290476
11540,153049331.0522377
11541,152624478.70855957
11542,91870733.2020764
11544,90159179.5764755
11545,76532782.47475702
11546,79562352.24214005
11547,117565043.69426921
11549,43804305.79259022
11550,113566028.21330398
11551,50638753.971745215
11552,103772662.0845092
11553,54558271.91588585
11554,65336183.91726173
11555,51145810.372249044
11556,125251390.27671409
11557,99664008.38877748
11558,70098250.73430663
11560,58096925.36592657
11561,127772475.39694476
11562,64883782.15662361
11563,86636471.45776446
11564,124150917.9777529
11565,99697574.32374167
11566,45726190.478229895
11567,77069963.51506378
11568,58230879.41216293
11569,122461009.64383909
11570,79373034.0698506
11571,121012058.43282111
11572,100662269.84621215
11573,64140345.16589184
11574,70703859.12625119
11575,73371605.00753057
11576,56016185.2010906
11577,126496465.01351061
11578,58751642.570899226
11579,318628461.0324474
11580,103735676.90287055
11581,77815904.35955977
11582,74371956.13799214
11583,79124619.9036269
11584,79272670.39826724
11585,57740126.68573333
11586,55632835.685284965
11587,38715187.13067304
11588,161771710.85346797
11589,145686543.8268422
11590,79503050.65193757
11591,58287200.54673233
11592,139961220.55484864
11593,131610249.524636
11594,70765704.49701393
11595,99101863.62110871
11596,69185145.02598411
11597,95704897.24770105
11598,238250873.35900038
11599,108281326.87547235
11600,79636681.89448264
11601,78896441.44761072
11602,71685842.17909819
11603,57280402.56353606
11604,75424258.70485461
11605,87889281.09700316
11606,98374374.65591344
11607,75307656.70637488
11608,71043061.29575908
11609,83906986.60463701
11610,184868428.73790509
11611,68550025.64959551
11612,78521134.85746032
11613,108860092.71819046
11614,60292436.04122326
11616,119552247.79958948
11617,53866369.46714869
11619,76278911.20922136
11621,38173975.910272464
11622,63906491.16768019
11623,101398154.53800371
11624,211129188.5046378
11625,92957278.60066673
11627,82947748.85708606
11628,70635485.43484804
11629,42214825.567910604
11630,76999304.19650024
11631,50531953.25738267
11632,51567732.57349172
11633,38154317.1769975
11634,124075743.93807882
11635,45576185.300442345
11636,63313034.20455818
11637,112945595.89306383
11638,68355407.8796639
11639,53401681.707748435
11641,90661256.62055542
11642,187987749.38441774
11643,44435144.84330481
11645,71946972.28049931
11646,88061377.97771218
11647,54126117.67689726
11648,98142100.86469468
11649,84581267.74040791
11650,65975233.74088165
11651,72112787.48819841
11652,43329806.78610578
11653,44281766.3488998
11655,64182493.97981474
11656,82856507.99986425
11657,76808396.98314233
11658,70585757.6404195
11659,97945081.55919725
11660,77325430.87112114
11661,49021041.717657804
11662,133018499.53558102
11665,53671768.97691552
11666,111295696.15585513
11667,73206613.5772667
11668,153997070.91821265
11671,261310356.26579282
11672,108412109.08720182
11673,127610991.61878341
11675,92654661.63763838
11676,63549938.03743461
11677,53304848.41597692
11678,146863824.1575352
11679,65073353.776111804
11680,55077497.07340188
11681,60255193.97008936
11683,89810886.08151796
11684,137666185.17812318
11685,71684815.9356991
11686,139720771.80493766
11687,101511071.04281181
11688,107037322.88987239
11689,71897396.27979869
11690,80583733.89646353
11691,86838828.5846249
11692,65455406.98486339
11693,79507854.08470297
11694,68558122.09567186
11695,47498331.923528746
11696,68287004.75970232
11697,86460887.4735817
11698,83074105.7314194
11699,107736643.28318988
11700,72026969.67662297
11701,160482628.8652683
11702,98038693.81594487
11704,66924470.76284686
11706,75240042.13545826
11707,80817388.72424376
11710,95359329.06920514
11713,53281777.71608297
11714,99170136.87152904
11715,104704629.41700003
11718,56364290.41662144
11720,60768481.265457846
11721,101225146.42287853
11722,59531713.528730735
11724,117632889.15686202
11725,82602322.87677707
11726,143934570.07005435
11727,45667118.20797015
11728,71748481.75531241
11729,112018595.29764242
11730,65477941.895347126
11731,62051130.44905885
11732,63569586.11478585
11733,88518957.16399944
11734,54804909.13290945
11735,56617047.26526624
11736,89559557.54331486
11737,85296970.8065523
11739,117542692.00415188
11741,78229265.2264294
11743,115403009.4183903
11744,60333249.938998565
11745,168320488.21106952
11746,96420526.88351041
11747,195866744.4556669
11748,93676046.22690016
11749,79712342.47923811
11751,82234787.6405914
11752,64764533.490951195
11753,153575079.27852124
11754,317997957.58154434
11756,121491502.81797278
11757,190284271.1637574
11758,213104973.7903618
11759,86546354.35830817
11760,96311473.08477278
11761,49496009.124987006
11762,121617932.58507077
11763,142634129.74419048
11764,64902157.77166281
11765,59611657.505601585
11766,160511582.60314164
11767,70284193.41955134
11768,129189383.63864657
11769,91527229.12039793
11770,47040824.278704755
11771,165852049.0255382
11772,78468348.44449796
11773,80736469.29835433
11774,123278259.82928348
11775,184548778.07687837
11776,105349037.97017711
11778,115815700.5942627
11779,114866338.03619412
11780,78999039.72573203
11781,107392122.2995594
11782,31897850.79934489
11783,72522613.28690875
11784,165263454.21044546
11785,59672656.151515424
11786,158476847.5155704
11787,39894478.85144377
11788,53247378.77473326
11789,78788561.3126948
11793,112818987.37639809
11794,136482331.60916087
11795,111308249.52602784
11796,103430745.62652218
11797,101149049.2208196
11798,68090142.7042608
11799,59737300.61470207
11801,140387545.0634142
11802,61165488.41066855
11803,63719143.91305488
11804,183230828.6445011
11805,53458737.851728454
11806,62372700.5093646
11807,68447928.70228279
11808,66027420.142766766
11809,82620517.57370338
11810,80928136.92962402
11811,66592985.871638924
11812,94320714.0908556
11813,68602047.24462506
11814,129147782.49072467
11815,135094063.4058229
11816,109532549.63933046
11817,40777215.547175206
11818,65815675.87659385
11819,107108651.4543058
11820,118778015.28455645
11821,151149539.71143612
11822,155004910.26409334
11823,93896810.7493214
11824,84812754.41354844
11825,70168780.39214131
11826,116293665.3363968
11827,57591327.25353246
11828,98210482.37080988
11829,85250653.8308647
11831,97487151.31565699
11832,90366387.61911327
11833,77324311.33831444
11834,170685285.9708773
11835,62803281.97692568
11836,55164154.36630067
11837,87544632.37151052
11838,64851751.69259838
11840,54671815.60231318
11841,81352524.54335804
11842,78399768.91254011
11843,99401261.24441269
11844,122204434.1620948
11845,86775106.64385578
11846,89106373.49963476
11847,64309147.097226664
11848,64622860.72435565
11849,148222267.37661445
11851,71726736.55809864
11852,92013107.70204428
11853,49348956.448441654
11855,93414848.61703636
11856,64148296.22439099
11857,177781033.18333793
11858,63418838.36346912
11859,59783510.877495445
11861,134938744.9042943
11862,119812899.03154808
11863,69300322.798432
11864,70094756.7067052
11865,156665267.63034153
11866,136294231.18408036
11867,257364708.4820543
11868,80396330.20568947
11870,53386832.18648456
11871,88984830.20466499
11873,75542835.85153224
11874,119181815.2765706
11875,92425599.89721619
11876,78902602.45220736
11878,93291161.56544955
11879,71084533.89230517
11880,133867940.41121714
11881,63654943.8577955
11882,105671906.82936452
11883,95161915.3011021
11884,62943955.95944705
11885,77897500.25443573
11888,85141975.90526977
11889,58084431.74139155
11890,196964742.58988404
11891,76802414.4261771
11892,55127191.047547534
11895,82851985.09043315
11896,126565267.55233121
11899,264585173.21114385
11900,161161076.8295071
11901,82495840.25159365
11904,52220220.447772205
11905,130264990.79269138
11906,84499184.00406376
11907,126532433.19195454
11908,79211629.51333152
11909,85476170.14443164
11910,240165993.24853987
11911,161668242.9793059
11912,109533838.72461839
11913,167640714.96143162
11914,57590484.421908
11915,73984875.51191613
11916,113455228.47167438
11917,64260209.16751531
11918,143860801.41532105
11919,71097037.72352941
11920,47274111.05322144
11921,106818929.02316861
11922,61816964.306600355
11923,82512133.4503143
11924,50986505.979884624
11925,65094865.317911446
11926,63310711.282755926
11927,199129688.69418505
11929,152953657.08476675
11930,164428568.97619247
11931,52323442.447306305
11932,123894074.34906521
11933,117283898.50131258
11934,94652959.43109792
11935,95631525.45584571
11936,73071497.80926467
11937,44775449.01571557
11938,45058523.812201045
11939,56687421.424926266
11943,136865238.07503584
11945,181144979.2670154
11946,221520233.1960218
11947,71360282.29376917
11948,143675516.61642933
11949,75655708.04060715
11950,50875039.11291127
11951,64575868.99290594
11952,62363127.92624162
11953,60082760.57042558
11954,101746160.33447929
11955,70370352.88397464
11956,107602601.60922846
11957,64574096.97993412
11958,58316960.24060155
11959,108789189.28247482
11960,375391120.0601981
11961,55972614.445072725
11962,59465311.35667222
11964,93744047.74521339
11965,114515175.78770117
11966,146237746.6662043
11968,60263109.78502987
11969,81415283.6781173
11971,78909466.35647361
11973,71076372.0423359
11976,117858999.55630633
11977,73042686.98131713
11978,113488265.175798
11979,69489556.06415531
11981,190137321.69436893
11982,81546256.90095904
11983,63871405.02315225
11984,52410958.40187898
11985,128767593.6798904
11987,140943137.95758456
11988,229601684.843561
11989,95901170.56122962
11990,78187488.04506302
11992,94893217.66036624
11993,227268964.12768164
11994,114909478.69896054
11995,83016183.58886416
11996,100127707.94644699
11997,91620706.19366105
11998,157705186.87351808
11999,111363148.62384613
12000,202749768.1772789
12001,102316384.5190987
12002,80819181.77266198
12003,162839067.62561846
12004,150705745.59877822
12006,223157094.25995594
12007,58319484.07273818
12008,93909249.11319341
12009,69679471.38371018
12010,231101163.0091231
12011,69350994.49762343
12012,39853865.9337626
12013,98861938.7155124
12014,48873861.04274358
12016,63391894.695602626
12019,231444521.0911019
12020,170244476.34326345
12021,356785307.7723742
12022,60905691.52891116
12024,216543293.63829052
12025,68379203.25715564
12026,89380986.52810846
12027,80531510.68017547
12028,227835389.58591846
12029,82072367.37808317
12030,79091516.26704416
12031,57171144.226104654
12032,51155784.84861311
12033,66755493.51723803
12034,95177893.21474418
12036,262824529.0969108
12037,97296320.01138246
12039,251555020.34548414
12040,128065362.95326234
12041,66668015.3617541
12042,71841261.93978027
12043,156316481.40084797
12044,65078417.65572159
12046,65196869.947359934
12047,128960241.41490157
12048,61641793.738373995
12049,52358281.302315004
12050,141589038.67063472
12051,60639876.02956331
12053,68062997.78708285
12054,183632005.39195734
12056,92103441.9994111
12057,73286971.50787428
12058,38776445.89824598
12059,127414688.7011911
12060,53901558.20323544
12061,122529847.57333055
12062,97959274.2581563
12063,47987509.5448586
12064,51784971.139688745
12065,73706952.9300737
12066,68832180.54112005
12067,47501476.547548026
12068,73677312.85447899
12069,68367367.06608821
12070,81679543.15309113
12071,78090388.38997553
12072,86377592.58477908
12073,84068426.17227827
12074,133587937.27900809
12075,43038176.38843286
12076,102663313.77603704
12077,90583826.57912877
12078,134944558.78246853
12079,164342092.31799185
12080,45290513.535944924
12081,53282696.5754808
12082,67755923.95720439
12083,69718057.81403625
12084,40509724.23408263
12085,137226962.4191216
12086,59476352.96670791
12087,317885130.9182829
12088,90199764.75146855
12089,73500140.63164674
12090,78087644.67418788
12092,48570105.589245684
12093,47174546.52913664
12096,57366400.80144529
12097,212174635.65570697
12098,89485386.73734507
12099,106172728.92115377
12100,91222647.53969678
12101,89415530.6036458
12102,93008124.12424725
12103,80821141.37147956
12104,54575308.22472787
12105,48777119.72257608
12106,73611359.12468836
12107,152088297.40371707
12108,255287190.45146674
12109,75589085.93077178
12110,144383641.04830277
12111,66182162.13678022
12112,105913846.31787033
12113,292704871.97729224
12114,58925135.224797264
12115,195423531.4929823
12116,128580548.53311172
12117,81281058.00520828
12118,362350901.30002755
12119,83917875.7009066
12120,61883124.11474464
12121,54950769.52879126
12122,58854530.878407665
12123,154077167.14776328
12124,100665901.09731634
12125,83845251.7059182
12126,70012453.87399283
12127,105363738.68583718
12128,73736611.81588309
12129,225160985.80025142
12130,57996968.2300904
12131,77246958.79986931
12132,121894531.11431496
12134,179523361.04560193
12135,77707273.3473812
12136,72454606.19399169
12137,118532058.25994281
12138,43550699.33265859
12139,259065933.05970114
12140,59160513.91174516
12141,135348915.92212388
12142,91564347.81217313
12143,90061519.40876767
12144,158494610.11547685
12146,95848788.76575205
12147,76895940.14240107
12148,96898602.07316187
12149,35312189.129012525
12150,64626030.88800858
12151,141591200.37635174
12152,127842049.47532135
12153,105326709.12835911
12154,118851512.16074212
12155,164062684.18995094
12156,55281624.27659167
12157,89056577.19684666
12158,203987889.6458012
12159,63148800.10565119
12160,56462259.28950205
12161,107746391.91089769
12162,86813861.54529546
12163,69042181.88177387
12164,52667796.96120308
12165,81917006.61980729
12166,115963843.73765552
12167,74278273.84417923
12168,101579261.40135145
12169,103253080.21030447
12170,75225092.6349654
12171,90007452.26566723
12172,61182769.37990076
12173,52663535.1000543
12174,76123784.11601979
12176,44842671.68737649
12177,247194344.25114253
12178,86190720.67163579
12179,87710688.02429968
12180,109538789.75007437
12181,95134442.20877442
12182,57669929.19832464
12183,70192918.21844076
12184,140306797.16343737
12186,95264858.08461276
12188,153184942.05020526
12189,67573172.18000081
12190,68498170.82298414
12191,76208394.7440662
12192,57810580.692339405
12195,60736186.13017443
12196,109853866.03621392
12197,232156422.9970351
12199,109511617.0188392
12201,208203499.4186079
12202,179602081.88331544
12204,99964446.81512856
12205,52625882.75004259
12206,70507298.60025457
12207,53805919.842113644
12208,109421444.11660263
12210,78776221.62085977
12211,83947149.87813076
12212,63346775.78686075
12213,142642859.23722187
12214,71323508.3880072
12215,180466042.40355796
12216,58244715.3146961
12217,244683658.96778864
12218,90994553.21548945
12221,101679353.54771216
12222,47177470.07100313
12223,78050103.29785375
12226,55877594.85518062
12227,49742185.42042272
12229,75713469.59069008
12230,174114679.4693921
12231,97569723.97047698
12232,68806621.47617193
12234,68596198.39103918
12235,182301841.17125636
12236,62775066.50052761
12237,219773054.89959243
12238,53969436.312407814
12239,146413379.8292608
12240,124240024.16320978
12241,80008608.15172772
12242,109348761.08398251
12243,55950126.210514516
12245,176196185.69859383
12246,71540829.4193169
12248,111794290.80276296
12250,258507689.4107505
12251,100227806.13288131
12252,92385138.89591347
12254,140131244.50303453
12255,51921229.345667
12257,106159020.87038243
12258,92541496.08031344
12261,55431903.61434028
12262,215491900.95725334
12263,229815387.7885798
12267,59200206.029154986
12268,94961540.3222897
12269,273359962.0157143
12270,254999498.6188019
12271,123202880.25375728
12272,211171698.2751518
12273,67548634.32778506
12274,77056765.63445576
12275,201999250.5214019
12276,246717596.27927214
12277,115497895.23722948
12278,126696499.35512987
12279,69839956.77419071
12280,71420543.09046777
12281,114724240.20381731
12283,43852990.42712519
12284,45101261.81649314
12285,67119058.75120658
12286,139486249.16841352
12287,84351276.83201423
12288,85797398.94867332
12289,53314940.65161421
12290,42158747.00133954
12291,92213477.1196522
12292,99277172.39278632
12293,231615643.2470461
12294,119086163.67911258
12295,45267984.13641643
12296,126310792.97523428
12297,146180469.5821535
12298,224931675.7005428
12299,61153442.59296858
12300,167153701.97308242
12301,97721647.52234921
12302,63897923.4670565
12304,90384456.52724993
12305,75337460.18935783
12306,62752676.75639443
12307,117095333.89272211
12308,235441432.74114782
12309,81728127.72768198
12310,73323368.19357164
12311,77139556.43453458
12312,51778781.3022191
12313,114567394.7383616
12314,64205164.89094822
12315,78745167.92650503
12316,60421103.15257391
12317,73120579.92540734
12318,86081290.99144445
12319,147643696.11753914
12320,178732246.31804848
12321,79532176.07611462
12322,40661396.700071014
12323,108401857.84939803
12324,99717420.60290658
12325,80407938.45657697
12326,201281106.20248246
12327,34952258.166955255
12328,153890146.45613614
12330,118762315.794774
12331,124915499.4917043
12332,68687354.15975927
12333,87746439.1800614
12335,73585640.6064612
12336,105598077.50132185
12337,106028053.11424452
12338,99644562.41547535
12339,107121730.30366185
12340,205326064.13722038
12341,163324479.83436045
12342,93063750.24295428
12343,76450272.06565252
12344,86948583.49654508
12345,89751548.47287987
12346,171071005.82938433
12347,78461865.08844408
12348,70708988.27965301
12350,71732671.52948114
12351,291034521.28213084
12354,173460684.08141473
12355,84348288.5303615
12356,65598589.515571296
12357,197705739.7587901
12358,62092787.18116123
12359,49572161.81881043
12360,50076959.31783246
12361,56673033.41738184
12362,84826643.68993692
12363,87820417.4529014
12364,81372669.60081874
12365,178183680.84999487
12366,95181932.16695516
12367,79296290.17087139
12368,186370025.93980247
12369,98319022.89220068
12370,163686818.53772005
12371,230358556.99801892
12372,101442846.94177753
12374,94423976.86009756
12375,39932744.92781099
12376,49575286.67928714
12377,73843940.41940294
12378,90377894.81446294
12379,91395327.25517826
12381,92348293.71795806
12382,68440847.10636866
12383,86074483.39955425
12384,77475603.99694821
12386,50153594.65557955
12387,60118888.829118535
12389,71022341.4319756
12390,58306932.136126354
12392,138826468.09894633
12393,53136843.47209867
12394,60040023.52912887
12395,66113079.44648739
12397,84915377.11435887
12398,76300660.01145118
12399,82560960.0702555
12400,115009414.1360649
12401,87142851.7438939
12402,59751668.09450252
12403,84091005.34048319
12404,52510107.934346244
12406,118038682.0176388
12407,134086684.39770108
12408,329025823.15635663
12409,129779773.99009079
12410,45879244.78234945
12411,204297779.82896292
12412,52649714.75368587
12414,76777280.4996015
12415,170713588.55190173
12417,153569937.11925256
12420,91841228.4254254
12421,79271458.9162288
12422,90148840.66233134
12424,106390621.54144196
12425,143886717.35575807
12426,93940126.23313688
12427,97848433.90370083
12428,146710295.43589222
12429,51480674.93322527
12430,67465200.06692857
12431,154167155.42375165
12432,63285799.937317684
12433,101134564.83155154
12434,73717622.37659323
12436,84182581.95636089
12438,152500146.84339273
12439,145766856.91148916
12440,228626944.9161743
12441,134098700.44509628
12442,51106661.8579005
12444,58313972.527607754
12445,46496132.74750092
12446,275705022.7513484
12449,55763021.50871927
12450,203646185.59755433
12452,77202658.85924092
12453,45826525.27708172
12454,57076797.056655884
12455,36622380.39319651
12457,93971354.9320432
12458,90514867.87735617
12460,90260762.1050867
12461,101914544.4538935
12462,81180769.48020342
12463,68153038.97065178
12464,40216971.75334368
12465,254001907.75199443
12466,48751863.9431708
12467,45460518.95565137
12468,85898667.3443439
12469,90064718.89760558
12470,81977711.28780629
12471,70877167.57559009
12472,129395804.69748029
12473,77184837.2918526
12474,76424839.24170072
12475,204021922.6685958
12476,59045043.49493663
12477,59665385.85325247
12478,72902038.10214807
12479,44315404.024700075
12481,111315404.66665478
12482,42725611.769343525
12483,102890263.7664907
12484,98907893.63861382
12485,34849615.588112116
12486,54395826.546921805
12487,140989074.47532335
12488,81675964.18453547
12489,113793049.82009052
12491,70120248.64441943
12492,73589343.57332295
12493,96509424.86078389
12494,70981116.20228784
12495,56659697.61592911
12496,129885990.30827063
12497,153095096.30417442
12499,55065954.641447164
12501,69394538.43020865
12502,60294642.754905835
12503,56537381.652133346
12504,257259323.18684912
12505,120528651.42151235
12506,113204976.32669413
12509,122447220.83814546
12510,73192129.8246578
12511,63721841.32153529
12512,60037877.10660914
12513,86791855.27758181
12515,52649224.83621481
12517,117012457.83286104
12518,137748053.12602612
12519,103401531.06700543
12520,121160044.769622
12521,119637792.91569614
12522,106004867.54703966
12523,55737072.92560801
12524,68327211.02846095
12525,95412636.55079779
12526,229487143.4696682
12527,82405447.60084082
12528,100471994.46843585
12529,85748396.21767038
12530,105423117.95285547
12531,111263833.15154132
12532,77307563.12833272
12533,41062020.26488971
12534,71782943.67218727
12536,104741363.2376183
12537,90322997.16003458
12538,89350844.08828253
12539,216713884.2166927
12540,84131246.72773358
12541,57866785.56493104
12542,103923040.73620798
12543,59641163.13532115
12544,71116652.88013917
12545,82039513.93720292
12546,156436729.41352725
12547,71149511.15593949
12548,98385744.07106614
12549,225595392.504563
12550,81837138.48047605
12551,59364413.52336236
12553,183089924.92373067
12554,81905179.97109763
12555,72167352.92914207
12556,132827235.99237595
12557,63305938.32721189
12558,143527444.6190316
12559,93833698.10448612
12560,85957285.48755302
12561,102167578.70263894
12562,152254931.21562055
12563,116443733.04440323
12565,122092542.40418428
12567,72127954.24317218
12568,85517574.34043786
12569,48997642.38704717
12570,81590288.76706253
12571,46813331.44192404
12572,204351182.29517835
12573,100662488.25621976
12574,154485290.7255824
12575,100189458.68626651
12576,135909705.50203574
12577,83374117.45749974
12578,354226317.74758524
12579,137075565.12838703
12580,165332576.59825236
12581,108717875.5604645
12582,71994053.9579708
12583,80050370.49824347
12584,55244730.7732061
12585,80019495.39527945
12586,67907132.00721674
12587,140153234.62047362
12588,78882306.21821871
12590,91592501.04210624
12591,89641494.14412937
12592,46629989.524864644
12593,49409692.92824195
12594,212573461.85884506
12595,125162055.91105655
12596,110512150.39636166
12597,59206609.74882368
12598,71290121.43794192
12599,110949386.20161125
12600,70911956.4206669
12601,92760061.43776304
12602,39311442.5811243
12603,283469594.9995487
12604,77188988.96873021
12605,104485664.68087114
12606,95757732.05739889
12607,108649317.95532772
12608,87215048.31927264
12610,62995280.3000804
12611,91419236.48997211
12612,80150585.94205752
12613,184713892.52987313
12614,96504643.42932843
12615,57390642.439034164
12616,154759898.07240367
12617,148077776.83554447
12618,86319924.80888581
12619,31397279.759073902
12620,50674373.84693426
12621,237301373.46850064
12622,95310934.48185687
12623,90259826.85539272
12625,58801052.37715849
12626,163675077.46993428
12627,173718094.2087506
12628,79693022.38065763
12631,92406957.21534446
12632,73568351.93813431
12633,81200339.56882122
12634,98678579.13280487
12635,190314526.7908644
12636,99217861.18566148
12637,97750453.99180324
12638,66209469.47733868
12639,162181996.46593922
12640,63587428.23675361
12641,73014092.53434291
12643,56804776.11976783
12644,193880439.47945324
12645,65887798.26844892
12646,77850882.8297802
12647,154382033.0320867
12648,122300097.15653035
12649,55873236.8043162
12650,48459010.51524384
12651,87326221.17097312
12652,108997420.10126117
12653,77495487.72894481
12654,77333085.5462028
12655,153335305.6160923
12656,60503709.936251864
12657,59021176.30799812
12658,62830184.22026089
12659,52229525.67345728
12660,142705287.4278879
12661,142434478.96681097
12662,147484350.7687529
12663,318124754.7333813
12664,119000167.70733893
12665,165443044.09710035
12667,150155394.1154146
12668,49103762.34048871
12669,87038760.12642531
12670,190269091.52559504
12671,50826734.96590431
12672,49891134.66103178
12673,53148306.571619764
12675,115621664.61464274
12676,121711308.97890542
12677,70896679.05106609
12679,194471894.5721531
12681,104775865.25001526
12683,123786146.8627407
12684,210322727.5750317
12686,89086512.8310328
12687,64592584.6406594
12688,196683643.24420905
12690,199230148.75272202
12691,109981806.61712003
12693,84349830.47810665
12694,115723593.55837128
12695,70044089.7207983
12696,49580932.03668141
12698,132782764.4843397
12699,92109977.66787684
12700,54393825.594834015
12701,70123361.32837568
12702,60625610.70034221
12703,86907881.46307474
12704,181975105.01871175
12705,143797422.3807667
12706,137756783.83460388
12708,56418898.09781331
12710,65723084.718277566
12711,126473542.15731671
12712,185082811.67947495
12713,59284470.28855964
12715,76847920.07958332
12716,59281278.00057499
12717,126347282.19341001
12718,57911270.87597696
12719,195446101.11638215
12720,194442948.30570126
12721,69605666.58632608
12722,47840191.438441984
12723,72574713.93854903
12724,85416689.70140246
12725,71311587.43800533
12727,62561160.289837636
12728,66628631.26614043
12729,89828633.02790712
12730,72010464.88551642
12731,212495149.2028191
12732,51523677.128434226
12734,216372735.92211297
12735,118222532.77587594
12736,79177668.81360137
12737,93998786.25599696
12739,92854923.12739643
12740,64965803.73001665
12741,113884128.49415798
12742,83863131.9870699
12744,120140645.80786058
12745,97031216.76451346
12747,46091428.36134442
12748,62618044.3517412
12749,91474825.39988919
12750,131520517.55388188
12751,50487526.919525504
12752,70514441.06192791
12753,76484138.71027663
12754,92331423.59022965
12756,89789014.08958402
12757,242304060.80725437
12758,94589409.30985577
12759,89868251.80142638
12760,145784639.48188165
12762,180695192.1368502
12763,125021521.43098564
12764,65249994.53530109
12765,61354729.04298271
12766,107175666.01332302
12768,214120049.45766872
12769,63358089.87079746
12770,72185774.60163602
12771,153532522.2089086
12772,111338424.3131561
12773,67763393.03442955
12774,80282873.97368671
12775,47225793.112998955
12776,127653980.12991306
12777,233736438.94897354
12778,139393347.84707117
12779,67228396.07388762
12780,35164841.3074796
12781,55538516.931645386
12782,199028478.95395812
12783,85543169.58561645
12784,85324654.06633149
12786,103566459.02797975
12787,55262020.74897408
12788,76978311.0011648
12789,159773191.54032582
12790,81833599.1238064
12792,190128589.88109148
12794,70088863.93240178
12795,71861343.00577116
12796,182802275.75983256
12797,178419790.68460113
12799,105405746.34394357
12800,60128839.36072479
12803,57874720.963802226
12805,102866089.29229248
12806,66302001.99643669
12807,65615919.948484965
12808,70399861.80098248
12809,126753629.02152042
12810,96110456.02393109
12811,44030569.76297312
12812,360994990.73598564
12813,58227296.62385986
12814,61973189.277393445
12815,117602838.59451027
12816,89947261.92771778
12817,83689299.86822088
12818,179476685.76158276
12819,100373272.0503682
12820,121705934.14103357
12821,60546729.096272424
12823,66026334.83115759
12825,125496864.95621456
12826,95615502.62099469
12827,86536353.05719803
12828,99332455.5148194
12829,123280803.80855116
12830,83388823.0581579
12831,65590364.28019625
12832,135263450.28238818
12833,263896063.9628006
12834,91755608.85075769
12835,140810691.81612268
12836,75492558.83300188
12837,70842772.01150051
12838,83261743.8198641
12839,118140522.48716122
12840,56984320.547162354
12841,185161569.85201165
12842,102255271.94967413
12843,131208913.45525792
12844,74848876.82882227
12845,47998084.50844977
12846,310491544.8802058
12847,70446767.04811092
12848,330741557.0881595
12849,64151076.27309734
12850,45527817.47856179
12851,94998134.90312625
12852,68961200.21640119
12853,73687918.51233475
12854,103151322.90444283
12855,124281164.61046475
12856,69454736.39661899
12857,184201772.31455874
12858,53798554.46926642
12859,146430123.59109056
12860,113084626.58685969
12861,80859503.56773491
12862,93868166.10189094
12864,122231216.32451126
12866,133647372.34161198
12867,50285064.70787445
12868,92013832.0089
12869,117878252.0941007
12870,103093801.27291293
12871,50669986.31169272
12872,174702550.8363104
12873,58815740.44113017
12874,80522163.85212213
12875,41720658.78512863
12876,83601443.87276295
12877,183403662.19467142
12878,42953529.33978931
12879,40009880.276999086
12880,46638941.410513796
12881,55827422.30925621
12882,90874581.37974773
12883,71041334.01470748
12884,70777301.34315169
12885,65743467.65185232
12886,72479124.81387171
12887,44716398.037328795
12888,31428784.80130227
12889,122289759.9901503
12890,107424401.9469899
12891,36118748.730064884
12892,58013988.43047336
12893,53540748.72631953
12894,101314172.40804973
12895,58551261.942381464
12896,116879579.61404976
12897,126721863.62654878
12898,121954242.37396242
12899,75329613.75653566
12900,154611066.29500765
12901,150143682.7888294
12902,84109700.24875262
12903,194966575.633508
12904,104552107.15327227
12905,62084263.504616894
12906,95445055.38624647
12907,227098769.96051195
12908,87074629.42888704
12909,116697596.2436563
12910,206506631.9047764
12912,155950908.9878089
12913,92328138.63016216
12914,145540397.83530802
12915,96672549.38809067
12917,71845297.18430227
12918,93859336.73826648
12919,78500494.22333783
12920,105259787.14548701
12921,116881663.89797352
12922,68256254.8542007
12924,249267015.65166855
12926,32471305.35456094
12927,122251012.24773827
12929,57634517.61064155
12930,103647776.30401447
12931,101285210.65868014
12932,73889726.24931632
12933,80951607.37564571
12934,51100382.35033734
12935,94181595.10883293
12936,63194857.3354318
12937,64003935.54319413
12939,89648265.41291562
12941,49369164.08384647
12942,49187302.060747445
12943,109831875.43398614
12944,120419838.3492548
12947,113006898.91065854
12948,89393063.24174172
12949,52361640.71473442
12950,86651789.51000974
12951,252956513.77262998
12952,150617881.55536133
12954,77397801.62080602
12955,88643219.71270433
12956,190270866.9368629
12957,124903854.13991001
12958,125156399.8940029
12959,120334837.34038405
12960,77637254.57947363
12961,54446860.65087071
12962,98627573.67517611
12963,143102146.66430715
12964,71054224.05459784
12965,224713655.30569458
12966,69416648.41079326
12967,61027808.43637447
12969,77336937.17032734
12970,168594665.02209017
12973,74397121.40310168
12974,57385384.75407136
12975,69438657.22049224
12977,61414944.52219763
12978,40720512.27769426
12979,52998118.463688
12980,76849678.89064236
12982,263929978.98751077
12983,79558207.60006554
12984,55044728.73415074
12985,182332432.41883802
12986,150696822.01863715
12987,89865929.76060282
12988,66554026.95942916
12989,96057636.7691285
12991,137655418.15747908
12992,102847882.503932
12993,179797127.29553723
12994,88179832.20059343
12995,76575235.42981037
12996,65333423.02521877
12997,153137830.59827
12998,109198768.5474462
13000,50776107.9718927
13001,112261608.04277366
13002,219083376.91589028
13004,49389189.84950889
13006,166391611.92574838
13007,54497891.293626115
13008,82747011.66172585
13009,93972780.64039811
13010,89040341.47796528
13011,113626703.51585215
13012,71242112.97076812
13013,78870192.22012638
13014,270627986.1132116
13015,53258906.779278144
13016,85729059.27345356
13017,188422002.43591538
13018,154097052.40400195
13019,145077675.21161
13020,73697536.28438285
13021,89837021.34796296
13022,198521288.00946295
13023,98952740.98793101
13024,156702883.05617452
13025,159153271.4105115
13026,157879245.8971682
13027,98557202.492596
13028,80473425.1961858
13029,71631473.84922077
13031,66401064.03787277
13033,52000767.27406947
13034,54460693.07827238
13035,44325198.91704146
13036,135300065.1921721
13037,78338911.2435208
13038,165020694.78202343
13039,79657679.05752085
13040,107836740.13623384
13042,89991446.35888012
13043,79571394.67509773
13045,101114923.26925452
13046,159242430.814722
13047,68736533.20372243
13048,61353122.05957541
13049,70896719.42003544
13051,72936281.85084863
13052,51489079.77373137
13055,60848518.50565168
13056,86204591.54359221
13057,66763477.129646964
13058,35944148.68973468
13059,79164815.19684175
13061,52376109.22542739
13062,150505140.57961664
13063,59215056.26752843
13064,80166407.06201968
13065,158909635.59351587
13066,51371636.15664371
13067,64257354.11415768
13068,94928414.85641983
13069,57589568.461091936
13070,85386481.80047297
13071,75530365.69767278
13072,127467294.27503824
13073,82090492.09633781
13074,83944409.80995893
13075,137547088.28772023
13076,78460394.66174634
13077,37415700.498088434
13078,106535048.2251183
13079,89179968.42261858
13080,91487881.77369486
13081,141716296.75835535
13082,115872550.19855823
13083,326236595.4372727
13084,74203679.23176137
13085,66455881.345526285
13086,84648974.40792136
13087,60645854.88102692
13088,116643977.49181288
13089,79497189.57505552
13090,88009535.61053817
13091,69357546.0921077
13092,92296834.28801197
13093,71211099.1834324
13094,140214968.2636255
13096,89012759.40205702
13098,130571388.22612357
13100,31027190.230563957
13101,84935764.13206741
13103,217307142.07400942
13104,145534796.62635195
13105,76891669.88972324
13107,119511220.85687374
13108,255755439.22561687
13109,48719439.84266163
13110,38810595.819313705
13111,96599852.22383106
13112,104202636.09494545
13114,77109811.69650069
13115,44646885.18791552
13116,76784644.40362833
13117,53394626.37484562
13118,123305211.49118939
13119,34432546.448254235
13120,99626474.14974298
13121,72225151.3471664
13122,129068872.15358284
13123,213134601.41362873
13125,46970137.062745705
13126,154693874.9617987
13127,45756219.509524375
13128,64190870.71751789
13130,70705491.70300259
13131,58587994.20861967
13132,39949375.93063012
13133,138598621.28208184
13134,96213625.78625588
13135,98152424.11695018
13137,145594322.53805554
13138,91427373.39112364
13139,122257873.80456944
13140,45384794.63010064
13141,53338891.31978436
13143,199011173.6495444
13144,49560835.64011502
13145,101105459.97994888
13146,69307492.75223526
13147,39690440.40694949
13148,209370999.62641028
13149,54292320.73650016
13150,150335849.11290258
13151,80561216.51293923
13152,74810375.65098818
13153,86868526.75330792
13154,68886678.34692872
13155,95268706.19158332
13156,118770834.76505882
13159,54794862.02851808
13160,164727715.68408164
13161,181475551.54790246
13162,168138518.3936466
13163,99378957.34246096
13164,87811539.89952743
13166,95341000.35074615
13167,91988261.4173728
13168,210068368.3917408
13169,80090885.79009879
13170,81491662.8992136
13171,73262581.45674968
13172,115441159.83716565
13173,68965235.15838918
13174,60289999.01295722
13175,66755057.95105558
13176,61582291.307074815
13177,80310100.95825796
13178,83698455.52687803
13179,69218058.50473028
13180,86680990.51555103
13181,90502271.2520756
13182,165461990.3229562
13183,66363361.59815192
13184,165530948.10185748
13186,58394444.36737471
13187,164629390.2488919
13188,57379448.36660825
13190,63712538.46323104
13191,49252222.41835378
13192,144975729.5793789
13193,229231852.86540872
13194,69041556.45077018
13195,195298190.71233335
13197,103989799.61650707
13198,98684923.23657657
13199,121067526.55562481
13200,74584685.5827832
13201,82417484.84949653
13202,54268480.573980704
13203,64031222.160882056
13204,217093624.2335822
13205,74612093.69442627
13206,85443818.96010192
13207,66879342.59659196
13208,105107494.0416074
13209,92300425.38185754
13210,62638592.41106816
13211,138652406.623779
13212,203016653.35435224
13213,177899206.52019897
13215,203305660.03446567
13216,143751683.01931304
13217,73928732.9227271
13218,224762601.89568508
13219,55662801.769894294
13220,188235520.5762172
13221,59471081.74656243
13222,130327905.68107083
13223,191321112.9692064
13224,92161023.91977501
13225,34998933.4216249
13227,84636255.6714102
13228,155350303.61438686
13230,85690969.63651422
13232,85850965.29091409
13233,75781494.12218302
13234,139373439.10121158
13235,49655889.39212483
13236,100595927.60471782
13237,299694192.16341853
13238,71734916.59885332
13239,146210274.28045648
13240,109988888.80529939
13241,49287097.970347226
13242,69914048.82757397
13244,77196957.51714244
13245,89388908.76684521
13246,232786320.52130443
13249,90656479.12742734
13250,102738730.44223787
13251,63380585.87111169
13252,289096706.37816465
13253,64455508.49280976
13254,32500337.5062266
13255,64078396.64394399
13256,59483224.585976094
13257,55982217.10012588
13258,66269465.67025507
13259,119739863.92327869
13260,128102371.62171644
13261,104321966.86953872
13262,106677105.4466123
13263,107928540.10913256
13264,56516579.52412537
13265,88922572.0195815
13266,259272519.17685875
13267,143516470.17582098
13268,52479579.8272094
13269,285908075.67063445
13270,103389379.37213093
13271,191690921.5556027
13273,158758676.23371753
13274,124169268.52338922
13275,68681109.11430588
13276,114983046.82466535
13277,95307019.3845773
13278,106701356.07124674
13279,142974046.053695
13280,152933276.30194092
13281,138291147.58703145
13282,126762640.57322179
13283,86593264.0240354
13284,78746040.46054205
13285,49221303.63981849
13286,159054084.26348186
13287,64608489.01505414
13289,51931423.36993517
13290,57805699.34918756
13291,95552720.5342762
13292,38126012.29532033
13293,174119467.59899852
13294,108655808.97403689
13295,195334960.69878674
13296,105735590.75333712
13298,92280423.77673374
13299,99283592.97839898
13300,83219250.45920788
13301,90535342.88769951
13302,55902944.69202608
13303,254401141.7910607
13304,78691924.79354444
13305,119668723.76096623
13306,56920116.666877754
13307,89991242.39463429
13308,66334183.024654955
13309,224039329.95767456
13310,146368985.30794653
13311,72092522.49974987
13312,194029718.72684252
13313,33655686.43223753
13315,83756892.40828922
13316,97782562.27564828
13317,141037324.2503299
13318,73700377.16952059
13319,51720173.32227268
13320,59644435.025873065
13321,95580116.73710631
13322,95126938.03516112
13323,134298956.67002937
13324,92914474.01426595
13325,80946833.15387636
13326,118669353.84023342
13327,83647489.41143847
13328,71072244.56099649
13329,85734831.39424352
13330,62408792.87978932
13331,71057548.72213659
13332,68234609.10106067
13333,48227420.59304814
13334,34813735.53918939
13335,95903197.86227173
13336,62899862.36550168
13337,91260224.78932321
13338,64533983.96895413
13339,129034919.49418528
13340,132340044.05061364
13341,47497804.081302434
13342,55821788.02881329
13343,117978346.12593228
13344,83947057.06109117
13345,55597535.85624202
13347,69163613.656675
13348,141064630.2509206
13349,57540914.279338524
13350,57551673.66824147
13351,89104030.81952724
13352,78456147.47654888
13353,320123434.89640677
13354,94374888.72673842
13355,135001714.7769398
13356,101443987.44224301
13359,50388584.82670561
13360,93922033.7077738
13361,118693325.06000903
13362,102109115.72339404
13363,121622756.90485838
13364,149694875.69972605
13365,79215211.11974457
13366,98686180.12871103
13367,62453691.03694185
13369,43022833.90220542
13371,105575734.46302463
13372,186893912.102064
13373,122567927.76616968
13374,108206197.20217873
13375,125568069.20449993
13376,115325411.43025988
13377,76145998.47380635
13378,64551377.494917825
13379,93554983.85640475
13380,192394529.05029023
13383,214778745.96314675
13384,86688362.38562869
13385,41505128.737720445
13387,91377848.25978962
13388,54800204.24138981
13389,74421818.22713584
13390,124033138.35027283
13391,235922837.10245398
13392,62384619.48320461
13393,83037556.84466809
13394,101820016.19083767
13395,83952689.12121804
13396,101342611.54484412
13397,48937601.05148786
13398,81209754.27431928
13399,104266505.32109933
13400,89990659.07406537
13401,110497539.48623578
13402,128038729.52861682
13403,102666063.33103034
13404,81662664.70213649
13405,97250602.51768933
13406,79733240.32761057
13407,63462539.4174556
13408,104011369.21196786
13409,87109129.41061383
13411,72511366.85680619
13413,152388273.6957059
13414,98547584.08036482
13415,54519657.51049462
13416,62824014.407543324
13417,75684675.40160447
13418,94266549.19513834
13419,119526358.61170852
13420,69728036.0525481
13422,159238461.47129866
13424,186008446.01603478
13425,99309182.2819722
13426,90111088.70339617
13428,160019172.74645624
13429,96925068.40754749
13431,43087860.19032839
13432,36965293.06825571
13433,88003382.13207781
13434,64134815.44202146
13435,85621739.16526672
13436,80334637.49845333
13437,70568267.9241823
13438,90651706.31568159
13439,77559659.57083343
13440,62731175.46040532
13441,57297857.58637783
13442,127092761.3744601
13443,78154673.58652264
13444,80757568.71641332
13445,96936116.06870976
13446,94206009.4814766
13447,128855891.2919427
13448,100647760.66760358
13449,62294011.03201264
13450,63170470.1811814
13451,156059156.21451208
13453,52587586.307345666
13455,47118144.67194447
13456,149847906.47083926
13457,124104784.86966261
13458,36596476.839963935
13459,132340371.33308278
13460,130079086.5021453
13461,281191509.5305779
13462,121604177.79744731
13463,124110843.34794408
13464,77156525.83973263
13466,98552683.24079797
13467,131968133.08387843
13468,195066120.09958363
13469,73005966.7687253
13471,72090923.51842281
13473,99060593.0537199
13474,155287363.5263391
13476,55419975.49154136
13477,92794325.71988782
13479,117486540.86427537
13480,63660967.28864915
13481,124771341.48645
13482,60291462.30274949
13483,97298831.84363624
13484,170063667.42474464
13485,171947398.46054912
13486,53458899.13120453
13487,84729240.77997103
13488,127019182.8478078
13489,87905816.57873143
13490,107648263.21586333
13491,178861499.0271129
13492,56792006.5242917
13493,104188764.87813103
13494,75231315.56773192
13496,94502888.31049453
13497,126057253.03538725
13498,71989114.38625567
13501,117560077.18918487
13502,59231343.207887426
13503,74260809.90446496
13504,107061104.29706338
13505,48350602.39965011
13506,258055920.9158187
13507,96438463.26701052
13508,103700932.17574397
13509,94999105.96813217
13511,71806174.30809404
13512,73550015.01463175
13513,122739770.08081383
13514,197123444.50272733
13515,54241841.07597937
13516,169081556.04624876
13517,114010786.30221832
13518,104286289.8738216
13519,65631059.38819049
13520,45796465.47887111
13521,92220290.62532029
13522,211315656.20415682
13523,83609020.33704746
13524,120309401.42463253
13525,80178616.29367682
13526,66932023.706734195
13527,62887895.07112124
13528,59981051.18292835
13529,100447707.72870901
13530,53340492.73785312
13531,75121951.32177503
13532,55213691.51791081
13534,70490507.71069852
13536,104289308.46350008
13537,56845562.42904059
13538,63406975.527228415
13539,183795345.35851496
13540,117446276.40296409
13541,100242538.678208
13542,63726015.36515927
13543,47939587.65382918
13544,84047468.82447776
13546,141030890.45089662
13547,131016644.7840093
13548,46601965.97790113
13549,110641295.33060588
13550,43415460.10250579
13551,72641750.2871037
13552,77975247.50822172
13553,112602500.30163778
13554,124053504.24677944
13557,31832668.413011394
13558,66346004.594422236
13559,60843949.708182916
13560,68619209.5818608
13561,134446734.0894898
13562,65175676.89020274
13563,63258412.60842317
13564,108423732.86133619
13565,155100105.32692653
13566,66593728.70970612
13567,105392978.47080836
13569,77116926.3785929
13570,227823681.4913179
13571,77398197.0415816
13572,119722006.42665109
13574,80907585.51162007
13575,70032469.23296809
13576,72381191.8837083
13577,75395422.65577456
13578,80653064.58119845
13579,74293666.79032698
13580,128500271.10683997
13582,86923172.00339046
13583,134623205.90316594
13584,151650471.634897
13585,55040751.446984075
13586,83756062.2182266
13587,100770199.56634541
13588,113089574.77865084
13589,84992144.32359973
13590,56202248.179164335
13591,293631121.04972607
13592,83469137.93151657
13593,76434456.37241243
13594,76114107.72625679
13595,130960816.87207176
13596,185021958.59602773
13597,92556259.16165572
13599,115113368.21939263
13601,43817744.86764802
13602,39729571.21705825
13604,166175635.5705191
13606,40172745.50143439
13607,50221667.2146876
13608,56441357.038107336
13609,130769603.15193401
13610,48657872.12101312
13611,142192916.57299396
13612,104850524.96060471
13613,82966667.15560725
13614,120470491.31564981
13615,143339031.5638516
13616,57262801.37278316
13617,58191142.08838361
13618,109992305.55887471
13619,56567267.11193647
13620,78854998.18319914
13621,105211393.29402673
13622,100845568.09467645
13623,77061640.49333866
13624,74106881.85304941
13625,72045927.9505058
13626,70712522.47678877
13627,52472468.86696968
13628,49421420.117447905
13629,125124339.96078216
13630,262243964.97484976
13632,66012941.13273366
13633,78970454.68323924
13634,60606236.44489905
13635,107185711.61924991
13636,79415088.76340528
13637,63197856.3766504
13638,108471233.99748358
13639,175908968.38274688
13640,59409334.20064345
13642,109461069.68143545
13643,70547897.13680857
13645,78918675.18476038
13646,200433215.80549225
13647,89787547.1963569
13648,62877763.7354736
13649,37698088.25888942
13651,83512771.98820764
13652,216963561.74496487
13654,68603222.43299368
13655,39338588.41284494
13656,101679790.21151362
13657,99765426.92019382
13658,71001194.57793605
13659,57006083.12059303
13660,78133474.40817736
13661,62050235.608763844
13663,110754119.73041575
13664,84003318.4670698
13665,53736755.09221444
13666,48602685.21832315
13667,34129873.19487963
13668,84384996.24144429
13669,127281134.65264663
13670,57619899.132021375
13671,66113565.182332575
13672,111873199.50317092
13673,80470248.55471598
13674,180829476.7144476
13675,66778807.64265937
13676,60671963.57506597
13677,94102948.59946047
13678,76244386.30549407
13679,120157668.24269791
13680,43585778.83087856
13682,105199325.5151943
13683,162311732.7026993
13685,59976118.36194681
13686,158499155.0913637
13687,75538204.08935219
13688,75153815.3901126
13689,173637962.37223467
13690,50936938.66243774
13692,111537792.1451714
13693,166641816.6362608
13694,90871982.67643602
13695,130624766.14384587
13697,71483945.55159974
13698,209562467.40626612
13699,110907470.89839917
13701,115219572.95366837
13703,53569810.96880298
13704,91368609.92030993
13705,76290233.19823775
13707,138316265.39938954
13708,68491565.27606311
13709,64709467.11526848
13710,82502836.2484942
13711,129796951.8679741
13712,65598588.87592269
13713,102174111.74833262
13714,101208329.45768712
13715,87025656.11294162
13716,46934946.881446965
13717,90428143.72240435
13718,63816940.75120266
13719,77316509.23319301
13720,65800925.89440641
13721,73581757.01153761
13722,116827630.8951197
13724,71357950.80232976
13725,165006659.44440192
13726,183199326.46366352
13727,176950507.1728827
13728,70870214.86063647
13729,96909139.25285803
13731,107734172.38725056
13733,180632279.57907528
13734,183859698.50113606
13735,86173565.51451789
13736,76917757.78539473
13737,144615979.03898132
13738,114856387.42746519
13739,171835840.66895193
13740,162489231.06827906
13741,114063029.86549215
13742,160238417.76622087
13743,165071611.70992124
13744,184955453.05200693
13745,64545547.48156514
13746,134996418.92464435
13747,35960826.50813678
13748,69432508.41560784
13749,105805455.98977803
13750,193551336.85057592
13751,120158943.64976406
13752,83391842.96981585
13753,196436011.04711583
13754,157057935.65900627
13755,141926898.34592536
13756,150335447.61692286
13757,119577622.76134752
13758,146205224.61784735
13759,155236708.20328686
13760,73497661.08114813
13761,118848956.89020157
13762,55641103.08530822
13763,75240349.27731527
13764,53067743.26095086
13765,253639332.21805853
13766,87542568.68688756
13767,54875983.19976744
13768,103631061.91804136
13769,58162622.820018105
13770,53151358.04597947
13771,72168919.86191903
13772,85244444.77581528
13773,91578302.94342619
13774,177050603.8350873
13777,77078075.46355613
13778,108279154.54946429
13779,76648322.90848604
13780,57665681.58085326
13781,57779343.01695505
13783,120029738.81489757
13784,67840047.1611595
13785,74213115.95799874
13788,131175756.47668348
13789,62839915.97747357
13790,69487329.6250752
13791,133365457.26613197
13792,58531084.360014886
13793,70507354.79743798
13794,47135103.26550588
13795,78482166.57427986
13796,58360378.87862169
13797,76016892.95265856
13799,83344291.52316342
13800,95942013.65631944
13801,64572444.24622799
13802,73005051.19787729
13803,85911325.69718339
13804,65610094.02340184
13805,126539800.62464575
13806,76744216.8193195
13807,107558913.1006331
13808,210262483.41732734
13809,197778156.57986304
13810,80785553.74191366
13811,108035924.68951742
13812,142729235.22341484
13813,140753887.09807014
13814,66133939.306327194
13815,75988249.66869171
13816,73747246.17119099
13817,80537821.42803034
13818,76702928.10490799
13819,93393583.14370833
13820,287129522.78918135
13821,69747988.00089648
13822,121807726.85650969
13823,87755073.69581635
13824,91365213.71357092
13825,85581954.2948386
13826,44701040.848818555
13827,284246448.87023383
13828,112619731.62207443
13829,61672590.60378123
13830,48163360.02323569
13831,58339444.38936597
13832,82652421.5336761
13833,81500862.90981507
13834,139608707.2038365
13836,214975335.52100834
13837,90705147.66897668
13838,222716062.03108427
13839,70258605.03719819
13840,73943197.75498979
13841,44216750.729259044
13842,163224006.7409305
13844,180348806.6130891
13845,280828719.88212156
13847,96918489.06687734
13848,64365492.245135546
13849,125517260.79571176
13850,115610424.08276734
13851,72009258.92966259
13852,82418590.63768443
13853,30677564.170989744
13854,135563954.59509042
13855,113896731.60571134
13857,93435091.11703421
13860,118635442.43207577
13861,72865021.88091992
13862,66106785.353241235
13863,70381842.79700251
13864,46994456.530437134
13865,101216482.0111452
13866,79801850.99973214
13867,56195041.23455166
13868,83119826.91638228
13869,131858963.56095113
13870,51309939.40824813
13872,50099108.6372106
13873,49362636.894938655
13874,63918040.78644487
13875,52468881.66700128
13876,86677021.49823019
13877,79327044.72387402
13879,42279667.272346884
13880,99720343.55912751
13881,212293921.24295175
13882,72131853.18623336
13883,94259873.13674939
13884,114510618.53136855
13885,72500370.48521115
13886,88071634.77777672
13887,72233992.61164974
13888,48743609.03771441
13889,204658173.03651768
13890,109351903.00690137
13891,42503351.911888346
13892,217635444.7947068
13893,95936864.9150107
13894,42717421.90249572
13895,170391573.27879754
13896,89216481.23771699
13897,53382672.25340993
13898,56961415.15014737
13899,108891044.70562863
13900,82626573.4543177
13901,101182816.12564564
13902,69086160.99830696
13903,74176462.49155307
13904,212538049.05444133
13905,77245258.47989129
13906,61936650.5488029
13907,92017122.83954203
13908,71039912.73624751
13910,72545773.21787553
13911,232406512.2384836
13912,79631888.65673772
13913,254117576.81412226
13914,84438274.80945021
13915,64168019.44893868
13916,57753959.327099934
13917,60217065.19935435
13918,57053521.84842488
13919,95102128.0141666
13920,146436703.31713146
13921,91017086.78332745
13922,208061558.29225063
13923,93028828.14182799
13924,42901484.1542572
13925,95349500.0429088
13926,72748042.12921299
13927,309734946.018084
13928,101031461.34537691
13929,93920977.89170815
13930,66499135.98967468
13931,79693598.51887423
13932,103858550.33453596
13933,135583409.17378926
13934,67198589.34118192
13935,100571347.89154477
13936,87748753.60948648
13937,47803592.01436108
13939,58503322.122491285
13940,114454981.8170063
13941,51550843.328691706
13942,58068761.65457941
13943,166377793.7989387
13944,60972767.87041007
13945,97007495.87295529
13946,69282549.46484394
13947,77090817.78134619
13948,65396349.07185194
13949,102681613.39928222
13950,73585560.28366253
13951,55655787.63402558
13953,60224094.63612481
13954,93126465.83674634
13955,53789873.20275384
13956,104188065.56001088
13957,103466807.31057116
13958,134603717.57451573
13959,202163312.6229002
13961,90020050.19510478
13962,97940169.0785194
13963,105023541.19473061
13964,98668008.80745082
13966,210792145.16980717
13968,174324050.07893
13969,66239010.24463952
13970,53061395.853168994
13971,155176588.24104515
13972,38870547.85166134
13973,78994688.48910053
13974,97589981.86875913
13975,144153791.97134766
13976,67491061.48631604
13977,52291811.78823725
13978,54914190.9267395
13979,61725612.781914316
13980,95208754.52852042
13981,67972083.62320599
13982,77729219.82481202
13983,84770037.05876926
13984,93734875.09347203
13985,45959472.67981625
13986,162542477.83045885
13989,40776963.88791317
13990,91831907.18637
13991,135825822.77754447
13992,63721608.70408569
13993,115616205.17812288
13994,45015514.26836188
13996,74411014.27790031
13997,180886434.22702867
13999,219694849.43979323
14000,68295137.64801417
14001,120781887.47761469
14002,69484727.09569313
14004,91947026.3025924
14006,75596965.79296449
14007,97772172.94111004
14008,116092225.14584024
14009,158015562.29397604
14011,165901095.95695454
14012,78115934.4022019
14014,177576371.01163584
14015,86488305.64443876
14016,66226245.86783746
14017,62797353.05079372
14018,58530910.70457494
14019,101579976.55441184
14020,106520252.01896937
14021,59535470.47923201
14022,130882611.66929658
14023,62098037.705508016
14024,80216095.25082545
14025,64523997.78419624
14027,31669327.298361637
14028,75103126.40446849
14029,133180330.65709436
14030,86271942.55641952
14031,57807236.86087003
14032,141894250.5416727
14034,69010194.42669037
14035,93969254.6332117
14037,93099897.38025317
14038,112582698.4640767
14039,84889087.81933725
14040,63895756.275068
14041,64142334.6933721
14042,81615705.74515001
14043,114258579.63206388
14044,102661836.54133758
14045,57478835.81088587
14046,89876439.34093341
14047,120782958.3575733
14049,48960357.49248218
14050,209227294.25470197
14051,141942319.9348927
14052,109368340.71043682
14053,48392747.2714386
14054,93469526.98713648
14055,93251730.3269538
14056,366326631.934629
14057,36330955.88101831
14058,50104698.80128699
14059,58609189.59274707
14061,76596403.5507161
14062,66326629.99737219
14065,185484397.52421123
14066,151852973.89305526
14067,105910721.34040289
14068,66891298.05586087
14069,225242246.23052323
14070,66256550.30180688
14071,69638925.2408314
14072,63330787.75365695
14073,182060462.07689983
14074,86999182.09053026
14075,104482803.69114867
14076,58818051.73602911
14078,57144713.29037267
14079,125822972.6441184
14080,78958592.48935895
14081,142924629.62496114
14082,70171028.02903077
14083,147061649.66679907
14084,137782287.53709963
14085,120489565.50344983
14086,66098376.63932049
14087,57742971.161458194
14088,70021184.99424417
14089,77140124.56578074
14091,66155699.401121415
14092,89015138.77837846
14093,265358846.2622516
14094,90066004.01807848
14095,65422689.66527382
14096,80435000.0609215
14097,49413596.34548008
14098,68836788.47356272
14099,82091323.87259403
14100,151760910.7442445
14101,91974585.46913975
14102,50147221.25937688
14104,88428432.40922105
14106,76751403.62476805
14107,74927952.18794107
14108,91292687.85747728
14109,70081454.89942078
14110,71206897.29813117
14112,51129248.651040964
14114,128480709.69304447
14115,83825124.00949553
14116,86172034.505686
14117,67567530.06581871
14118,92493184.67585917
14119,75804940.96945074
14120,68394283.36380626
14121,122118344.4257363
14122,54908747.00902265
14123,101790477.31013481
14124,71902753.1660561
14125,55750228.23278475
14126,77739146.23171514
14127,65469812.63399462
14128,228031757.8899138
14129,121352432.65445676
14130,81538288.21274275
14131,51408367.23077549
14132,212702197.5822361
14133,175051249.84723502
14135,47002970.94169148
14136,137863743.7732107
14137,86282317.36339092
14138,69666649.95607226
14141,228400106.20049885
14142,71168371.41594636
14143,182896672.93172812
14144,94492335.26378112
14145,62846206.99407999
14146,182546487.5478763
14147,57994196.13380321
14148,253195918.21986288
14150,66205803.01780677
14151,91134156.87047902
14152,61548781.16013716
14153,63383568.59703562
14154,194287521.02728057
14155,127195674.14739609
14156,72397335.58703318
14157,321162123.53631747
14158,90584102.90789112
14159,126917592.37870465
14160,52753792.93917224
14161,196617380.3254936
14162,85876966.67156501
14163,139328590.73317528
14165,139200947.40811864
14166,67532270.8068881
14167,88763614.03020743
14168,35648296.843451925
14170,60628475.89415049
14171,104289566.73024948
14172,189055491.57524088
14173,51868596.52258489
14174,142024970.40507704
14175,150881054.4628781
14176,59317073.22566126
14177,56345021.58377391
14179,92209391.6608635
14180,165330623.15098193
14181,102517958.58029097
14182,40126154.168008655
14183,87388405.34062889
14184,87153425.69725838
14185,95304299.35802382
14187,221400927.5206366
14188,73614412.93504164
14189,45696689.93542648
14190,98057646.08380763
14191,69554988.36566451
14193,98945725.33756204
14196,83514087.89817491
14197,128007117.37342924
14198,81199567.56471902
14200,347052868.7253726
14201,51748677.99199116
14203,62694957.05255669
14204,89586315.01207474
14205,106002645.83578914
14206,91980684.17069277
14207,85817903.33882277
14208,86715742.38032056
14209,165261417.5645375
14210,75180767.3354958
14211,114632221.8531453
14212,60820401.59398092
14213,158860355.88507944
14214,58129076.33757351
14215,58450694.83178708
14216,70205575.97245882
14217,100829308.95591609
14218,95864636.08001585
14219,59038952.70408702
14220,66066310.36241935
14221,123915163.51638314
14223,66026092.37197726
14224,64239290.88342243
14225,103484333.98095645
14226,108491809.6847577
14228,60888673.64658478
14229,94982038.31387496
14230,75806716.01501694
14231,82181909.82607538
14232,117931516.06717607
14233,106158393.28503692
14234,75996174.45567279
14235,39765155.78488435
14236,109188614.67661318
14237,113742174.85886231
14238,145006938.7672278
14239,56808581.74748466
14240,69934549.32610025
14241,74637091.08004248
14242,73903250.14392789
14243,60306699.89017238
14244,176980950.09203357
14245,81113946.5148575
14246,127364167.99167728
14247,70699810.60915868
14248,230945484.10329318
14249,67226994.77006066
14251,89726280.98812051
14252,268410412.35125318
14253,96275934.83089198
14254,288378687.4627592
14255,191415758.33043882
14256,192889383.48937356
14258,155125562.08217362
14259,125752757.32151671
14260,211583256.27925968
14261,197594612.7501178
14262,88967959.65534371
14263,85250970.35075252
14265,68824065.42254141
14266,52964473.51795224
14267,180884545.32679057
14268,101677528.56467448
14269,65236992.37693099
14270,74951553.86144987
14271,79773381.78757522
14272,230754492.43404618
14273,118655270.61835317
14274,56574290.71287732
14275,120318218.03382006
14276,107321817.06021991
14278,100042512.02094792
14279,73810606.36721191
14280,141035854.763403
14281,97243895.61564258
14282,125660542.20392463
14283,62774836.03102866
14284,40983362.195648916
14285,70560225.59957367
14286,219496017.675686
14288,52248737.17455713
14289,65920870.430639476
14290,156295655.13484114
14291,60057894.76724667
14292,126714345.81031844
14293,46779740.49315797
14295,53611078.16330846
14296,74866584.53022961
14297,302699321.71207607
14298,72565086.43133175
14299,213474442.5026421
14300,96034600.56642476
14302,75443059.40692334
14303,76322703.64156887
14304,51400907.6197824
14305,68826279.449645
14306,101561746.92675388
14307,121102265.59505953
14308,53614885.16381279
14309,46224463.05648957
14310,73943631.80371399
14311,117945093.30075939
14313,86448179.41106561
14315,120271082.98974499
14316,89597287.19379853
14319,50658989.081005566
14320,74688312.2054481
14321,90157179.84320019
14322,115014336.07136987
14323,165646361.6592891
14325,122882101.68445657
14326,52113164.41249482
14327,130061875.92054045
14328,113100538.55226508
14329,64516165.641044684
14331,85629845.94254081
14333,121111111.83918688
14335,176145161.85827398
14336,60086726.57350603
14337,81223257.13480896
14338,163035995.61164147
14340,106234018.44903602
14341,102400809.26268505
14342,89325273.24064143
14343,122288654.66064063
14344,88379156.13297099
14345,177314004.53443235
14346,63244317.372733414
14347,90829031.53088397
14348,77037450.20753418
14349,90120937.6354115
14351,70400064.3458219
14352,133734969.197209
14353,152356575.0635057
14354,70659923.6297005
14355,110617456.91534106
14356,119213204.24418697
14357,65345200.014382385
14358,133402691.37758304
14359,131795949.21011537
14360,52039072.233314954
14361,35816917.345020875
14362,151374868.12769783
14363,63916211.46269657
14364,98280894.5683008
14365,167026146.52894908
14366,65646482.97277696
14367,81607280.76189503
14368,109748170.05930622
14369,99418057.94474016
14370,199742532.90555108
14371,51065302.75828662
14372,63939083.7892414
14373,95252597.42840543
14374,79676574.74426264
14375,137901368.7717707
14376,142644191.55627683
14377,109207566.04288313
14378,57713774.12081403
14380,84586894.3442096
14381,77988208.77063465
14382,112963779.57446888
14383,48009773.86648241
14384,58953856.73908316
14385,234468322.38625675
14386,135403708.93885648
14387,97061467.59891279
14388,182323767.0804353
14389,81375622.18809363
14390,73230557.89670931
14391,80681748.03968729
14393,75063490.23908669
14394,73850778.79007258
14395,59169340.30728611
14396,97040496.41875187
14397,125741145.57380071
14398,68828097.76384407
14399,70057337.61879472
14400,94124208.05393577
14401,166963588.0068644
14402,84087549.49052067
14403,100280875.9099369
14404,61797112.939193435
14405,128106475.1983397
14407,113143634.25822452
14408,107443190.61689758
14410,221465431.68618837
14412,111559526.58549851
14413,40806578.22522226
14414,107919008.18550974
14415,48301105.91408531
14416,94120134.20903692
14417,60731256.87954347
14418,70264445.79129763
14419,456933483.3191601
14420,76531096.05356514
14421,86523419.16580352
14422,111694803.40196867
14423,107815540.67185672
14424,174098208.98096865
14425,92653518.672335
14426,252257056.93841398
14427,95084597.68297197
14428,57291352.0619742
14429,59184856.64490529
14430,113931113.84525801
14431,44747626.82195369
14432,104773522.75112012
14433,77712187.28732881
14435,118233703.43874364
14437,83356433.22732261
14438,95338189.79494001
14439,125844862.99436893
14440,83896453.49162194
14441,75420687.69903167
14442,60653826.57828608
14443,95758600.74712612
14444,119232507.30869845
14445,78972479.37437117
14447,131169869.65244049
14448,49659285.45912054
14449,103009101.23504502
14450,202275266.08185264
14451,77106323.26852454
14452,91942192.18371078
14453,51047803.571721934
14455,73151133.73700875
14456,139247394.76017472
14457,50232118.23359444
14458,67849028.06465049
14459,93679562.3017453
14460,196181110.9998697
14461,116327075.6306174
14465,70817437.15852961
14467,39648819.387119964
14468,68919843.79888462
14469,133727163.79833578
14470,145776396.3482875
14471,93388859.9803456
14472,308621056.280938
14473,73103491.90015036
14474,116183721.20590699
14475,41452671.82097249
14476,78042289.84523168
14477,76366472.55925457
14478,59611823.05605301
14479,57785106.42722468
14480,35094341.203545146
14481,148543136.65595388
14482,236456726.7764045
14483,63122018.52553109
14484,85809674.97930726
14485,55722786.14061974
14486,94062216.70076396
14487,65451763.542685226
14488,81311623.04022117
14489,85722209.55243534
14490,98564077.29348612
14493,70316391.43422656
14494,77367135.38483144
14495,58106439.758681424
14496,81730378.4251647
14497,37301193.31974459
14498,113697748.20247284
14500,92070149.28878558
14501,47802524.3115339
14502,140240438.76311678
14503,132757263.44847387
14505,130160921.19572207
14506,80916246.68239781
14507,51366849.667490914
14508,64006228.75900547
14509,61073746.96104163
14510,76948202.94627231
14511,52625346.27940946
14512,70683648.03355587
14513,103469216.36567654
14514,51861776.50656468
14515,57939953.45142069
14516,81251476.25364141
14518,298616854.2449129
14520,228292641.15742484
14521,75314221.72836977
14524,106651181.58783402
14526,62131260.55720399
14528,112586261.4020089
14529,73821362.27175856
14530,233112386.03047258
14532,98665088.30618075
14533,71859346.44002365
14534,86591606.51117164
14535,68678808.78643174
14537,291212113.91952765
14538,43781147.78580329
14539,119035024.29456122
14540,149836647.13702232
14541,81835179.73246527
14542,113158794.01160942
14543,76674392.07970208
14544,45970833.37742565
14545,75082177.20621054
14546,201170392.46313375
14547,44078781.09573972
14548,106551854.31904587
14549,181726229.3853385
14550,64263419.87921026
14551,61272454.35769858
14552,171750529.1897717
14553,56759389.81882974
14554,62799228.86313424
14555,31635280.617979735
14556,65433095.37218723
14557,177835160.2954711
14558,52646182.30755688
14559,198287474.90181124
14560,106702675.50462128
14561,72919606.73789856
14562,110309464.03267375
14563,144426733.8865538
14564,59755603.52129633
14565,28440677.379248347
14567,181141489.99510574
14568,61546658.366765864
14569,172589647.11119527
14570,91033410.9579237
14571,79504490.35410765
14572,262446618.9958622
14573,72955095.69292784
14575,63056470.55640066
14576,57286881.804284796
14577,182198514.17821425
14578,69426326.3209096
14579,103044631.89744826
14580,148837258.48238143
14582,38380557.81039542
14583,77065681.508216
14584,69072547.54188174
14585,78937695.39098637
14587,190135016.25110203
14588,90644465.77745709
14589,132571497.86773601
14590,104262480.16421959
14591,66233727.33681583
14593,58226826.90639365
14594,115929139.42512394
14595,68920917.45744868
14596,252925606.0500261
14597,56782915.26148333
14598,75352827.10579444
14599,93014660.94917397
14600,147054350.22310343
14601,108148635.88913217
14602,77892046.74058846
14604,65267807.329910606
14606,129034472.33536577
14607,81147100.77667664
14608,113137994.04968593
14609,54114713.705074325
14610,70243623.18167618
14611,73848590.79890552
14612,188613588.23889422
14613,347232616.60397035
14614,71851832.87846689
14615,115610878.50014359
14616,54924532.69601515
14617,56773551.69111367
14618,81277298.03909805
14620,101130243.19760817
14621,78404427.194286
14622,88547230.36200322
14623,100302017.6294431
14624,53821716.61036687
14626,65162824.654532716
14627,56299315.85454224
14628,46449102.5797748
14629,95617836.44317324
14630,140148496.1423979
14631,91206554.95442258
14632,102650680.8337189
14633,56618580.18268205
14634,58352507.3435571
14635,50645121.249767445
14636,59262213.53767583
14637,59484139.41817932
14638,82045939.94547659
14640,71904931.31861036
14641,157017996.28684977
14642,171505704.63203886
14643,81543854.36829363
14644,81766655.33575995
14645,77520546.99286899
14647,48497334.38339919
14648,102838274.52165842
14649,105296357.93789496
14651,164984540.58196142
14652,188604303.33677155
14653,112476514.05523114
14655,70711860.0824297
14656,70422055.40956026
14657,77889325.58179411
14658,106241356.1107442
14659,114310271.72066602
14661,78373138.82529719
14662,164976904.87730247
14664,167118177.92902443
14665,47848253.5441453
14667,64260234.08079272
14668,114732255.37256196
14669,133485848.81128745
14670,50965612.752965406
14672,104106459.42342845
14673,72655713.89447035
14674,143693689.59808263
14675,44135139.9359788
14676,147635808.99523264
14677,289696534.6872378
14679,121592209.91431583
14680,313289227.4096516
14681,135367305.2223504
14683,69888813.09096186
14684,128193790.11543952
14685,41096857.31424032
14686,160486678.09951636
14688,78182110.3332105
14689,185338914.5759794
14690,66786218.710654646
14691,180533697.04178956
14692,148906928.5406457
14693,73072264.5119019
14694,79310674.0605802
14695,129972020.47299504
14696,189988464.48404542
14700,91661777.5450931
14702,61339312.67259719
14703,45313704.38626498
14704,256918635.46968478
14706,108475665.13224208
14707,75063138.04041883
14708,117298337.4198908
14709,98213637.73604017
14711,183435327.5372843
14712,46212118.05893285
14714,184851778.45892426
14715,92815148.99528384
14716,119786420.54260518
14717,65494376.81833934
14718,50095742.11459623
14719,48841984.03570217
14720,138858175.42696393
14721,86344546.33627154
14722,85446215.56726316
14723,83607883.48908255
14725,94243666.0696505
14726,106486773.740729
14728,52727996.575422384
14730,95758115.0066233
14731,143592534.47536063
14732,46132397.51245353
14733,61390950.78406211
14735,78961231.57748587
14736,125119465.721326
14737,92007155.4811813
14739,63713071.54510468
14740,56957066.22495638
14742,97582300.37729613
14745,55499680.36973258
14747,167383445.59401083
14748,79649402.39087857
14749,146182087.0459054
14750,103276813.59475368
14751,63424886.43173081
14752,56204622.13980243
14753,93120213.8586303
14754,133840332.63757725
14755,77701687.77495131
14756,107169207.25401902
14757,70596984.7417284
14758,84941761.49499547
14759,106976201.16016105
14760,114617510.39551711
14761,82775419.43796441
14763,134987060.79255462
14764,66799597.08561643
14767,61385212.61432965
14768,81787957.40522577
14769,71389140.208905
14770,95645004.48598275
14771,93524847.72564335
14772,93206750.22361635
14774,84224708.34159878
14775,73128819.83293076
14776,259756883.32254928
14777,47925422.4099513
14778,80409955.65978152
14779,80399147.27169342
14781,73414961.09858344
14782,109488351.97143638
14783,26852394.9593262
14784,226153241.87722802
14785,74547139.6534184
14786,98139795.4417463
14787,149153702.84358215
14788,296477484.74169964
14789,89625821.25265506
14790,125434119.70422557
14791,118707770.26638141
14792,47697045.272013046
14793,81062295.11669065
14794,148976120.82818916
14795,93296704.92116651
14797,69667139.69193119
14798,91641957.43449382
14799,64964406.72965295
14800,73989859.32735255
14801,59149443.7811539
14802,117786430.25032553
14804,145630193.089764
14805,88866809.88657463
14806,102797765.14910299
14807,86045971.99699467
14809,124384113.35209863
14810,38435039.26212323
14811,55351797.37876891
14812,187900035.4756812
14813,141301878.2464636
14814,63514231.25305823
14815,171484106.53265932
14816,95659936.0409971
14817,59090540.85689653
14818,58466909.65584336
14819,94722987.14285819
14820,54588365.39029384
14821,80943553.74031264
14822,91614068.37785724
14823,137534685.21988276
14826,54719174.27744335
14827,68741324.92913115
14828,34453169.5157792
14829,109668636.30793574
14830,43329354.90161654
14831,193607050.160007
14832,77426305.58706559
14833,103593355.25986767
14834,49603134.947186
14835,70720129.10377103
14836,85303708.9696671
14837,87530402.65347105
14838,84979387.38210122
14839,54686306.80219287
14840,90191427.92576188
14841,59487015.72053849
14842,63056667.780659646
14843,86538774.05667675
14844,158715705.9079353
14846,82538379.24236813
14847,82752026.15252711
14848,113483761.99563244
14849,63303371.37101208
14850,65814665.6756759
14851,139837451.7976625
14852,176887393.06559336
14853,44897545.01184702
14854,94189834.44119892
14855,79412495.77746633
14857,76489304.78055142
14858,103844566.49621014
14859,50457839.80492878
14860,40284049.59272085
14861,54588504.356084526
14862,146372032.30610198
14863,119428399.82968362
14866,140245710.34732872
14868,337333458.81624126
14869,153734907.8404708
14870,94567732.05565298
14871,154749697.40255487
14872,91022570.07050824
14873,63172978.507754624
14874,232614270.5584586
14876,43378027.13825754
14877,93496935.14653935
14878,97176107.79424179
14881,82566010.38292457
14882,155288160.9525225
14883,78826775.98978007
14884,165383231.53018743
14885,103364606.4690508
14886,137877855.0313269
14887,120657230.96558753
14890,53137664.56757765
14893,118262817.22380301
14894,49448166.81764911
14895,131791251.09806865
14896,91966922.0969985
14897,128435531.54062042
14898,107260898.82318729
14899,47786744.43116087
14900,94319747.93237433
14902,72169218.67389168
14904,95616501.48307432
14905,237503654.59147725
14906,166857186.12298474
14907,87252608.26456912
14908,162270377.7383237
14909,93324020.00798914
14910,70145921.38803357
14911,148388676.11723864
14912,108849978.74859673
14913,268805097.39636034
14914,69928068.78897466
14915,51168205.81625331
14916,93253075.80661786
14917,82920935.81831789
14918,69805270.16488002
14919,103899879.00177324
14920,64462586.5688575
14921,330639324.4508664
14922,66445473.32773073
14923,257182258.58403626
14924,60888153.196741745
14925,64338167.35524585
14926,65833063.72348211
14927,96730506.10788527
14928,104302208.96206264
14929,84153960.96656466
14930,54136359.720649995
14931,67298479.00257161
14932,48644745.51829408
14933,50742747.4863363
14935,183565259.71943495
14936,320346638.66086996
14937,86864323.14347878
14938,89826573.92689903
14939,32119183.41520758
14940,98621937.12293257
14941,181620586.48885113
14942,107806085.80280972
14943,98284862.62465043
14944,247214738.5376876
14946,71894013.65423012
14947,287990418.73323065
14948,111088815.67218894
14949,201481153.33442158
14951,90466409.95046118
14952,82168886.4094727
14953,50991341.94580558
14954,110980315.75415374
14955,95017765.28514539
14956,92249782.37064046
14957,146671684.7971945
14958,65105799.24099933
14959,77441927.398192
14960,162179611.89610362
14961,42584673.001374796
14962,174864290.13162038
14963,115504273.49586958
14965,104618923.21043745
14967,104433111.88033012
14969,58748854.02018243
14971,181178507.5738806
14972,119355586.42127429
14973,59975442.212034486
14974,117587581.54634964
14975,102285263.21496683
14976,62514088.44631518
14977,51122369.69045094
14979,112960036.203359
14980,97456742.55769046
14981,95190015.46605377
14982,66538241.887161784
14983,213351004.59512216
14984,156389960.3138408
14985,130234854.96744804
14986,43592986.02245677
14987,126686764.68757494
14988,112372396.20714927
14989,93221449.48086464
14991,69446351.67240335
14992,67147516.42547598
14993,198659085.68590754
14994,76009837.8789372
14995,60574871.24276373
14996,86249107.89063135
14997,53972278.40344228
14998,105917163.73528677
14999,68872694.24368237
15000,61143667.75837714
15001,125107557.028667
15002,127022211.29797333
15003,55014462.6291376
15004,54114407.55558159
15007,106081004.97570361
15009,118703863.15109637
15010,248728836.08711383
15012,135920394.36621878
15013,81519502.01665536
15014,51168756.911787935
15015,80930141.50590922
15016,173945376.3958689
15017,48937973.642496735
15018,86479139.04658574
15019,116748939.03379135
15020,51809204.87652209
15021,107876219.3298431
15022,58092469.27008114
15023,273118322.97663164
15024,128002333.4257748
15026,124045892.88529524
15027,83052985.89987506
15028,112105508.68742667
15029,139049949.65662482
15030,53826733.11223158
15031,76691465.01132551
15032,82997510.21687126
15033,159567857.54666352
15035,162737076.36333564
15037,53102254.6969433
15038,133755884.54895484
15039,95489675.20841828
15040,66263843.600190915
15041,99691847.99832729
15042,105525625.62233637
15043,71498195.68127364
15044,175477417.167327
15045,67994910.15347883
15046,86365593.45679557
15047,54784432.14619428
15048,39199822.22077382
15049,125031903.24884203
15050,131240494.06173137
15051,93660369.358605
15052,68113711.29348034
15053,50243500.761791684
15054,50008264.9743146
15055,97651508.69646987
15056,113626837.96101095
15057,173185245.1592278
15058,109119746.93931854
15059,51915081.86808209
15060,66081165.428461194
15061,184267002.92006123
15063,72229114.64220604
15064,42976591.509965226
15065,95754396.01936392
15066,103675847.99765031
15067,98667293.7363347
15068,56974419.836059675
15069,183118097.80331907
15070,85712418.52536705
15071,227768180.85128754
15072,75168874.16666439
15073,66123594.1757319
15074,88599320.62507029
15075,99950781.48764388
15076,73967271.19702744
15077,155639908.46851316
15078,154229332.84217694
15079,89632064.81596546
15080,109811598.7406059
15081,77229437.62124267
15083,62162435.03438525
15084,96321589.78453001
15086,71692625.69813524
15087,86834545.5090399
15088,91039302.35834067
15089,31015822.49144248
15090,77004929.88362664
15091,104906339.72435132
15092,186238166.50194877
15093,64826103.87245981
15094,119269344.86859077
15095,56589685.24755596
15096,101496171.76949957
15097,184360527.9736467
15098,68240500.87934119
15099,66318074.65484646
15100,76985269.11560243
15101,113964365.66479285
15102,109743767.36462416
15103,169359095.2769171
15104,27593079.093474913
15106,123951499.43157375
15107,63352004.127288856
15108,102761839.56646748
15109,106252496.41609418
15110,84909775.46664852
15111,26927857.550209615
15112,96652102.95617354
15113,148288997.78389382
15114,104388865.93349157
15116,99993361.10847828
15118,90587649.55531311
15119,70789369.37871045
15120,56073177.66191229
15121,100859681.36930959
15124,113183313.80706279
15125,242210404.60314417
15126,81775406.22909701
15127,97947917.90005738
15128,60304143.13806885
15129,163005617.05018854
15130,62014647.306646205
15131,189586457.74647534
15132,119803041.49464622
15133,51172122.2530101
15135,91456257.17820041
15136,254570872.6779862
15137,132813683.28275445
15138,107639244.83741815
15139,168310793.12509495
15140,97874275.10136026
15141,194743571.49249524
15142,138642721.22474062
15143,110721321.13425499
15144,320354541.6359668
15145,97570032.0480142
15146,107236589.88057263
15147,96763668.3400662
15148,81308047.60718232
15150,120384429.99806869
15151,104297870.73621318
15152,69431414.2769744
15153,100580422.7064732
15155,48777421.8245804
15156,95270929.82052137
15157,132128760.2033281
15158,67478442.78499013
15159,200351494.46416023
15160,78323204.31704038
15162,112947891.09920463
15163,109753617.34371325
15164,150016376.39653793
15166,65649683.24999576
15167,54251063.04475626
15168,104228077.65780845
15169,98350770.08961451
15170,97326349.95673248
15171,161969376.1552071
15172,128103577.92924094
15174,72886045.04007313
15175,176696442.69958967
15176,97664637.7146154
15177,48608625.6364922
15178,110455827.38826475
15179,79297603.11901996
15181,94660073.40167202
15182,80374903.04147114
15183,105877836.63412392
15184,160419257.72288162
15185,85534371.40729749
15186,75393690.1397329
15187,70335506.50031656
15188,111961706.15805167
15189,149259120.07562938
15190,46988603.49832866
15191,124933692.025625
15192,46989579.99663578
15193,299732518.547634
15194,60290430.08210099
15195,45934444.10766705
15196,111060839.77198032
15197,133394190.59819204
15198,97719501.28518076
15199,148327360.28242472
15200,133198768.00406982
15201,55888557.41195279
15202,63427333.18699152
15203,125485522.36487317
15204,123768330.39811824
15205,70074131.4995999
15206,111033854.11769542
15207,113631776.2104625
15208,59455816.619002186
15210,52402512.72508497
15211,198309999.78666127
15212,174294869.43085355
15213,43643052.93691998
15214,131548970.47725286
15216,109043928.6552997
15217,106681746.04173046
15218,169101860.07908353
15219,135585705.27033675
15220,125956673.08556333
15221,71986464.32975158
15222,63806347.46864461
15223,100972964.92625572
15225,364305525.4206982
15226,65534573.91519169
15227,112960842.76679286
15229,67741049.47670864
15230,168723683.08244753
15231,49275124.10479328
15232,133968688.98341441
15233,150717846.2092358
15234,62244039.96199714
15235,127738542.67131561
15236,160033806.18562955
15237,51956896.87337789
15238,117430874.88273303
15239,92706001.45563552
15240,236818599.64290184
15241,89793530.9374592
15242,181182298.1611739
15244,258421802.33684915
15245,83920913.0932863
15246,105040354.42697358
15247,86760440.59802127
15248,114684881.77545102
15249,90005585.22393772
15250,156442891.95926738
15251,94445600.77169402
15252,72449689.26385447
15255,201928659.6952601
15256,75562100.30914131
15257,142305459.07653975
15258,64081970.661062814
15260,102481123.54503092
15263,90543682.4273374
15264,80413894.22712389
15265,49815622.227001816
15267,124290962.61218685
15269,77534791.48219603
15270,104423687.38197497
15271,97951815.58384998
15272,102671635.22575858
15273,336613368.3620765
15276,63779114.76251938
15277,113499901.18712263
15278,246057219.06915987
15280,81072510.40604976
15281,53456465.47314327
15282,102071514.37118866
15283,82341642.50835061
15284,125920658.16530009
15285,133672344.20213486
15287,102517230.75418419
15288,285954273.172743
15289,54977242.49637397
15290,84718349.84424117
15291,95214824.69852659
15293,112762214.62911083
15294,62527947.408507526
15295,154656060.6543751
15296,43414549.31397772
15298,121647351.45619857
15299,77504879.89600939
15300,91151906.57910337
15302,38151935.974335015
15303,98750435.34122868
15304,73219839.14891486
15305,178665056.39167723
15307,103154670.43665203
15308,64225238.89064177
15309,60990303.96026473
15310,71960834.19273262
15311,63973385.28133584
15312,107050442.27403156
15313,77473412.35060503
15314,93605826.39302519
15315,78169020.1905174
15316,102194800.52416977
15317,78643571.16788544
15318,61396385.43472795
15319,87811405.24082172
15320,64923485.923161596
15321,157617662.97966528
15322,45852898.66743853
15323,64346167.10465641
15324,31655322.5317748
15325,77437007.16619325
15326,115166427.83499756
15327,46683319.88320691
15328,142446236.3231972
15329,55270466.35688389
15333,100262746.32616116
15334,110609564.02341136
15335,75206792.01404765
15336,62934153.891259365
15338,64056328.40376018
15339,56944860.22797419
15340,27542499.807351753
15341,43257465.06684828
15344,109367049.51612286
15347,73362999.22428808
15348,83532645.87772301
15349,172978261.0148288
15350,163930148.2733956
15352,113744080.26285732
15353,90042060.75274259
15354,145382334.6182044
15355,64522856.24159773
15356,105094947.71730247
15357,58304114.0127558
15358,91691443.30049032
15359,75578960.23524581
15360,48935816.59722628
15361,88069564.8449575
15362,120500426.35750999
15363,115450292.87968281
15364,154989596.7150671
15365,79041163.5734707
15366,98795482.216169
15367,153862501.56701234
15370,68565243.75001085
15371,166156726.9544347
15372,54651479.33624707
15373,100363466.19972861
15374,82770755.53895645
15375,211692392.06619787
15376,124378286.92532215
15378,83044677.40873912
15379,95730896.02462459
15380,164766127.9562096
15382,52211239.17082862
15383,122190155.1120817
15384,137902903.175846
15385,192484390.18131936
15386,78990854.41821742
15388,43466215.20745297
15389,299463233.01841044
15390,117207165.39504331
15391,76792228.41788182
15392,56160170.98086692
15393,71911665.31682462
15394,78020895.77904737
15395,98114198.1165241
15396,108863666.75675257
15397,260448656.33333537
15399,64513655.66907801
15400,86667085.41244982
15401,92559288.75970127
15402,119672587.50412798
15403,74258295.75056799
15404,114917651.49040279
15405,83005007.50314048
15406,229094206.44095904
15407,114393485.00640689
15408,77018537.12122408
15409,182784742.6649028
15410,110138135.13462313
15411,83305932.72048917
15412,228806156.22383764
15414,45819064.081937015
15415,155989522.45154527
15416,93063401.37632202
15417,64993880.13739303
15418,177130942.30588996
15419,78535194.94025363
15420,190545855.8143263
15421,48935626.57391839
15422,75757350.3999287
15423,81777246.74383435
15424,60373286.47518527
15426,48976604.297419675
15427,167983645.60919315
15428,95984578.77297011
15429,231618780.57790196
15430,51580029.49760476
15432,57575426.78403567
15433,54171130.0557909
15434,70902035.77855596
15436,166942256.9338326
15438,79743647.61785156
15439,87350293.70147505
15440,66284897.59629247
15442,175972713.37505966
15443,70397383.52182512
15444,72153603.60658345
15445,98023617.4279292
15446,70327081.99930312
15447,96703589.47877759
15448,86575170.08517596
15449,72969562.79379757
15450,139439557.24774045
15451,132763509.96272339
15452,173300616.20600596
15453,123845746.10645223
15454,106073552.15061414
15455,212090256.38792542
15456,54472581.32389234
15457,60118309.95334809
15458,210883599.85350537
15459,64416441.22967807
15460,83724038.077378
15461,48939546.21232967
15465,53715828.573623866
15466,64315204.2510341
15467,86800407.48074095
15469,63020208.07857123
15471,94499028.92559706
15472,84786905.97696319
15473,58447959.97267025
15474,50200726.38347938
15475,78804378.71821275
15477,44590778.368442714
15478,68883169.28602529
15479,106801530.32757092
15480,103930492.06483681
15481,190986438.5091312
15482,79912353.83986983
15483,156817755.03982294
15485,92937858.35464972
15486,80114755.85663602
15487,45739895.49554017
15488,82046135.01669706
15490,94598454.79020388
15491,89783303.24931335
15492,85214221.72959092
15494,83959551.41974959
15497,93362787.87726185
15498,135558767.80000445
15499,220794243.1816221
15500,121062720.62348011
15501,62451524.40127405
15502,123623337.36090375
15503,58953075.20106772
15504,89963806.10282153
15505,56154846.50998701
15507,120486115.66270564
15508,68907591.03389496
15509,107564801.79622774
15510,114924872.1581124
15511,78392699.01150696
15512,105760989.94598657
15514,77673959.81744485
15515,116026416.69896473
15516,100761944.48886746
15519,68542958.82138427
15520,85240489.89979163
15521,106935621.64087035
15522,62919322.08013426
15523,124226763.55070317
15524,54603959.74038704
15525,65532757.14471181
15526,93271387.38579604
15527,160903603.6033659
15528,78845192.05686586
15530,69502376.0564739
15531,76219419.95257607
15532,114914042.01728265
15534,93481291.67670155
15535,226472933.16529974
15536,79244317.83964849
15537,73078893.81905895
15539,78038567.1586893
15540,214555356.3897044
15541,99857248.25262424
15542,138101778.64833996
15543,75020234.78004
15544,130801513.39747807
15545,118336274.27136636
15546,261386691.7799403
15547,51024558.48756658
15548,74980790.33245432
15550,53713900.97939138
15551,129451804.0654966
15552,91738109.857779
15553,93173241.13770625
15555,56356978.08270787
15556,90209556.02360934
15557,78006651.60938275
15558,74109071.15791182
15559,72931820.25939885
15562,105177835.55601217
15563,184327988.95216024
15565,82196585.48846059
15566,71134969.71407577
15567,62885881.47348993
15568,37349592.893658675
15569,83424824.53805585
15570,79556010.71355928
15571,56176015.361506134
15572,67334614.36405592
15573,48843149.20197607
15574,84869971.96742491
15575,39811075.29567043
15576,141661096.12635696
15577,108379194.88075112
15578,69860047.63246225
15579,166822342.8773899
15580,59391783.789731205
15581,108526238.5419056
15582,57985083.6091595
15584,62495752.532609224
15585,57272675.47601701
15587,84697971.76828474
15588,34202746.28704508
15589,107755174.48939016
15590,71437407.79918079
15591,156513170.74509093
15592,158757475.2364517
15593,74003302.54577926
15594,78181991.65983917
15595,127772830.16849896
15599,58641639.57806598
15600,68687162.50419627
15601,79565775.99853903
15603,100448946.49281205
15605,63386618.625502825
15606,109715313.13537706
15607,94694661.0238582
15608,163692291.43753856
15610,79276766.063931
15613,62485815.1901219
15615,93543353.72690193
15616,71658541.716517
15617,149492072.74523243
15619,143074881.04365867
15620,185954583.91178447
15622,192166180.10133708
15623,124240122.83570102
15624,54327371.308148414
15625,118001876.54399379
15627,84229355.46397169
15630,84156820.01673709
15631,205178809.91995353
15632,105851841.96413298
15633,82472975.7345778
15634,110497232.78354703
15635,192278078.91119713
15636,76288959.11528565
15637,163839431.49300987
15638,78254127.39306484
15639,106365274.74538255
15640,111354063.45580877
15641,59046021.73432094
15642,174943146.70691088
15643,99704440.72633494
15644,251586099.88578078
15645,100510590.21066347
15646,218274795.5793612
15647,99144091.4508264
15648,231320755.26303846
15649,180848208.64424315
15650,82634812.95233172
15651,157017495.79253083
15652,68532598.88341527
15653,65096402.58364493
15655,95554425.24214436
15656,142934315.8871596
15657,38990177.563312225
15658,291869708.39774734
15659,106406306.91707183
15660,152498456.95625836
15661,65404901.68067816
15662,77602881.94046111
15663,112621125.73985487
15664,71401804.88897681
15665,53198971.70436266
15666,105731435.96238744
15667,127635353.53541258
15668,80981459.47258888
15670,180594243.11239165
15672,59974082.869833134
15673,179997731.11199248
15674,48532028.46469968
15675,92999885.86383875
15678,45992761.2840444
15679,66062636.188714065
15680,67320099.83545887
15681,152559817.99952403
15682,60252341.11079149
15683,122386807.98032561
15684,99639314.31737216
15685,96195015.0019275
15686,50187465.191829935
15688,64026176.86689665
15689,106683597.3766593
15690,78385559.56811883
15691,62315991.58263942
15692,150532819.94848043
15693,118392191.13801545
15695,106732088.95270422
15697,346736010.11018103
15698,79797572.88206834
15699,54619319.069423385
15700,55437754.395716116
15701,185744359.98955178
15702,100212277.26043133
15703,121650105.77656716
15704,117000716.14865702
15706,118131836.55653995
15707,48757146.04692881
15708,117604339.64698389
15709,132166527.81603098
15710,90663104.65490091
15712,100655456.53457794
15713,69788286.5123064
15714,68870019.06262247
15716,44184116.5833475
15717,115213446.39114442
15718,50845286.64763648
15719,138100208.09730867
15720,51266460.25431556
15721,113277061.32949874
15722,64693081.169493355
15723,99386315.50354937
15724,115997752.14429374
15725,57997442.76152755
15727,214644777.5747074
15728,94364120.7843026
15729,106597313.55143768
15730,51937385.00256908
15731,214800496.91399807
15732,111965611.21294257
15733,41168116.297394946
15734,58359235.54957372
15735,86249816.23048097
15736,60989338.474896185
15737,81547025.07381475
15738,91486642.12627238
15739,335327960.01081586
15740,203380272.7123591
15741,90415441.68384609
15743,82903119.7609709
15744,82112241.2203498
15746,132716299.91472344
15747,85539046.41994095
15750,80311320.0893412
15751,37382409.36785235
15753,196296842.46292686
15755,125805233.3762281
15756,48153072.165901445
15757,84193137.91237047
15760,74034324.87823665
15761,80770372.18103608
15763,133545745.50734463
15764,114830884.15709613
15765,87035120.24208663
15766,92935105.39965482
15767,70156222.57749699
15768,67043098.66700978
15769,129095926.50065316
15770,68930228.78170875
15771,46849732.042367995
15772,253111971.53985876
15773,67401683.67961507
15776,104668384.47573793
15778,68003246.85874744
15779,108916125.16188973
15780,79833106.04027788
15781,106691951.59230843
15783,61350265.33680852
15784,131762472.56314954
15785,41747538.521011546
15786,33043444.488615643
15787,41121106.533556014
15788,62218775.65322825
15790,84747237.68333805
15791,77584450.03100246
15792,31151337.24564149
15793,336332870.9046723
15794,297923611.8445207
15795,106110097.9948771
15796,73182943.00851032
15797,66610583.90221766
15798,43557716.42412718
15799,85244550.08137631
15800,81242970.36942783
15801,49315729.628008574
15802,68744758.56774846
15804,58238994.78450129
15806,93027988.49664782
15807,118700661.61959985
15808,50383396.9481674
15809,63864975.6683557
15810,72049601.10509819
15811,64437065.32594429
15812,40686410.24714464
15813,91924572.85859697
15814,89361418.98997974
15815,59373646.86731938
15817,96434478.79929125
15818,72064149.20956534
15819,199592954.08648473
15820,137885268.70251608
15821,52138049.98873787
15822,76574652.18823744
15823,103277482.50867468
15824,148197601.24787536
15825,235815490.55874148
15826,82983720.69841725
15827,72375690.46087508
15828,141163413.738686
15829,75118310.89546461
15830,85283085.3320967
15831,168745786.07207367
15832,223655837.71737006
15834,142800815.7595703
15835,81918530.88112646
15836,96188878.79100172
15837,64207577.71006572
15838,112363614.1056178
15839,82593552.56397127
15840,63151704.666399136
15841,62052368.67073849
15842,85808256.55087075
15843,88069777.34466934
15844,89712706.09802824
15845,81885891.62569699
15846,128828630.15664819
15849,89313232.53727965
15850,106225360.90308169
15851,204191663.34478673
15852,125572618.68184939
15853,187391324.30021423
15854,143490169.50809518
15855,57601044.13847059
15856,76621428.01177262
15859,51030365.873652734
15860,110994270.50492899
15861,76816943.41808462
15862,82210388.32189654
15863,110206108.80025478
15865,203368394.82179356
15866,183338422.64318
15867,51785656.22439639
15868,95135025.00894918
15869,85077150.81098281
15870,46076584.06228517
15871,94261712.36876735
15872,43393089.591735065
15873,64404824.471644096
15874,120130799.92167456
15875,180852117.9689455
15876,114813418.78240487
15877,63500142.66726918
15878,89068965.07063605
15880,113781196.81529284
15882,134084317.49417219
15883,73890777.22376777
15884,69726378.36380266
15885,126914563.4048333
15886,352971117.92781043
15887,65211160.55992292
15888,47087561.180221036
15889,67770884.3275357
15890,109299222.15222673
15891,72926302.21089256
15893,84766622.53858185
15894,64520828.060727656
15895,122066732.71375363
15896,42168320.85686099
15897,26599039.173634715
15898,40322307.74678699
15899,77605485.19623706
15900,67224343.46910791
15901,47021833.9254594
15902,69980871.60133441
15903,120119116.34681705
15904,71917449.97693545
15905,34363432.206801265
15906,81915798.328042
15907,139120671.52107227
15909,61285178.72144031
15910,28554663.514132433
15911,100539895.4528698
15912,90837871.62428811
15913,226576033.56856287
15914,72469868.33335885
15915,106138992.62558338
15916,80922739.34521072
15917,86674762.27485225
15918,175528273.35404578
15919,43979829.04096729
15920,130630880.42886356
15921,43190214.81142937
15922,182397738.2104861
15923,85989305.68545794
15924,46640785.73295245
15925,105013076.82441008
15926,162758259.20790952
15927,164515039.558178
15928,35364742.02642047
15929,96265943.74539614
15930,116298683.03361706
15931,153817174.32548922
15932,126990894.95050293
15933,227449496.68065232
15935,52158707.201063864
15936,58204626.32954621
15937,117385522.52044486
15938,57054121.71950615
15939,73312719.76863335
15940,90479489.9454542
15941,125417948.97430499
15942,118211485.40649092
15943,93188516.1241426
15944,45021636.94037298
15946,64495263.3156684
15947,148530465.41534624
15948,113701895.82822764
15949,71075994.8829603
15950,76944905.14826119
15951,127082394.23495531
15952,66541226.768524684
15953,68869363.40454544
15954,84378896.2615205
15955,69812844.46876812
15956,101533204.33231626
15957,68872623.57620673
15958,61045241.68602221
15959,61387579.03568657
15962,137393200.98773175
15963,50001975.21065111
15964,34804746.905553155
15965,61372764.26164617
15966,104584245.63452567
15967,73689557.43776384
15968,65015203.47008923
15969,102322157.52223633
15973,133354630.83608511
15974,71177696.84695695
15975,129717026.38210122
15976,111229040.76093897
15977,64916618.331259
15978,46793268.85760679
15979,55837795.56550132
15980,132501797.09818962
15981,45643733.129708365
15982,50662851.32200272
15983,131791539.91973113
15984,152727953.813871
15985,58856405.93920799
15986,47846690.69084826
15987,158670770.46540946
15988,70489406.97164388
15990,47239032.618838124
15991,80206859.1972305
15993,144385629.12526104
15994,112655438.41313495
15995,107548669.0517511
15996,48813928.39921005
15997,142547707.74022558
15998,64634784.607347175
15999,75761248.49703704
16000,85264826.784347
16001,93024193.64549515
16002,47814720.597490005
16003,71484301.45239234
16005,182225217.59173444
16006,121549553.33674449
16007,131072025.93721758
16008,186052160.5740385
16009,191612295.61213502
16010,54578208.126870126
16011,105411610.9846627
16012,89085022.2050494
16013,109217063.53254578
16014,117976147.92661197
16015,97442579.45427263
16016,48958868.46411857
16017,76840885.6534005
16018,178554714.25084242
16019,222700204.90603343
16020,81647605.93469456
16021,65299631.97610073
16022,153172434.57958084
16025,84607937.15041053
16027,86935739.17640637
16028,192232033.40383846
16030,152804454.20137894
16032,254506293.15553367
16033,75003115.2619907
16035,77161407.65034898
16036,66541189.14832492
16037,234080878.70939595
16039,122777471.79835774
16040,124934174.28763294
16042,46752093.37259697
16043,80809315.57899266
16044,177471608.03040886
16045,59922449.075914994
16047,48568302.256526716
16048,136362581.88836294
16049,181169940.85868245
16050,53124593.71840104
16052,58429119.35449695
16053,59881386.783666536
16055,85410022.35952735
16056,78757236.92143136
16057,113023332.24774802
16058,43155421.90837024
16059,128353779.90909386
16061,182015803.80783972
16062,85659635.46091413
16063,61009698.9864226
16064,78529620.03074358
16065,143701884.60263944
16066,57687818.68005867
16067,53784707.5941665
16068,166525764.94544768
16069,31102771.83944713
16070,91087180.54028949
16071,74711787.03894833
16072,98495158.95273492
16073,97514748.04700416
16074,101767749.17026438
16075,76678617.84135246
16076,84888716.28008977
16077,49075960.50420903
16078,60638968.11426448
16079,64312022.07560385
16080,64260798.21477447
16081,69511366.54415925
16082,114693908.92003173
16083,59711921.70572899
16084,95443629.8822811
16085,45545472.23284015
16086,121911827.40810347
16087,78752484.88885427
16088,75160131.95883335
16089,69795964.47716823
16090,149437508.49515113
16091,73097534.71621072
16092,72332431.89788401
16093,109116628.54230323
16094,58264688.60840075
16095,73622653.78003304
16096,104958964.61628495
16097,75380487.639454
16098,93539099.52184394
16099,149946974.31669796
16101,156864854.4282943
16102,49184077.803926185
16103,65116442.08207916
16105,48773337.798790514
16106,109005742.93635346
16107,93898381.19019574
16108,56649573.037892535
16110,102604091.08901623
16112,95333358.6862293
16113,46722568.48891425
16114,123646051.0293274
16115,71180073.52949816
16116,127948499.36132461
16117,64975077.763373256
16118,51402390.67917354
16119,89086522.01455434
16120,164422570.925625
16121,79208808.80397233
16122,34472900.56859352
16123,60194971.439512715
16125,63513853.06788104
16126,83643022.59809801
16127,91558892.5729293
16129,144133783.2989842
16131,284164583.4132693
16132,137661138.13130197
16133,151597300.48875314
16134,77623460.30972673
16135,106272220.33191787
16136,51012678.54625554
16137,87526329.85692027
16138,42135577.991539165
16139,84333373.66854474
16140,83184992.43522397
16141,138529533.2557466
16142,105365124.4446291
16144,99602606.81024966
16145,73110341.11976361
16146,75856820.562195
16148,70836278.43895905
16149,40969385.099799715
16151,73876981.6691707
16154,187546397.80091202
16155,73871321.94294521
16157,145900522.28729087
16158,236841027.53435737
16159,38059861.53516726
16161,70748763.05460924
16162,166238704.9666762
16163,60489385.13472808
16164,77085446.01321635
16165,325326294.1330626
16166,113069371.08522624
16167,250795681.87830058
16168,83295674.50632355
16169,83243696.53795159
16170,63627394.6916759
16171,200625288.11219847
16172,71888693.0573448
16173,72142500.96204495
16174,76371049.46360132
16176,90606184.7927503
16177,81372783.17080954
16178,56091321.37753503
16179,76345633.04805739
16181,75282269.90840296
16182,78026703.46551006
16183,327651050.0084357
16184,56028907.1744814
16185,172332788.75130606
16186,53436175.84070696
16187,86368577.63107942
16188,39442100.57656784
16189,57569104.87221076
16190,49711393.20458146
16191,136267930.94079697
16192,93743529.64628339
16193,60474423.09972435
16194,42757500.45266274
16195,124603157.74911836
16196,75768105.71830867
16197,101918922.27252911
16198,94106272.36584222
16199,177777260.10144135
16200,73820806.59149337
16201,35809158.5883878
16202,107259935.73553988
16203,62387742.190901265
16204,142310040.9992627
16205,59411345.43349332
16206,69215066.9150378
16207,56312543.33829268
16208,59761593.32148746
16209,145123822.03451958
16211,161360204.46706095
16212,130540552.65809676
16213,260011069.82929906
16214,69695228.86711115
16215,64514691.36829751
16216,52910244.37624832
16217,166098957.49462527
16218,107222608.9338662
16219,57909910.601894
16220,118958453.19486195
16221,106906877.10705255
16222,287971912.54386365
16223,58029338.59990502
16224,88653913.9955602
16225,34423894.19024895
16226,108544885.03713198
16227,186767929.8738843
16228,190241218.21263617
16229,183624495.83409706
16230,160801107.97929227
16231,76961309.77518916
16232,75600632.65410742
16233,46307907.53563927
16234,47642148.396545075
16237,118563907.94858116
16238,62681334.591867864
16239,71773193.91328663
16240,147054240.17381293
16242,75511245.47411156
16243,108565619.99464563
16244,164188578.46431014
16245,30636205.730266288
16246,100397566.80716795
16247,56534996.54495098
16248,111118174.54139896
16249,50604083.77233979
16250,90849870.67711177
16252,260720526.82553256
16254,124337973.77266625
16255,46474755.5713499
16257,199296882.60572135
16259,75551141.57806528
16260,98575588.38002633
16261,71552518.43042985
16262,61339308.25438998
16263,55296130.38958786
16264,87981960.73578626
16265,64274186.12277768
16266,68479270.77723467
16267,95606705.50686418
16268,46932110.901461154
16270,74716759.75157715
16271,114030646.91055061
16272,125217966.20767622
16273,38857325.4013491
16274,81384561.97619745
16276,65760213.508668676
16277,83879426.36041696
16278,154257565.5156159
16279,102393607.64299741
16280,45038341.84986808
16283,55450222.90548475
16284,153706307.3775779
16285,67781853.42504406
16286,180776999.01125282
16287,126368434.98389423
16288,118654218.16699716
16289,69172984.24843408
16290,62508247.4256181
16291,58205013.378413685
16292,74395775.70064971
16294,139797365.13251308
16296,51403913.1451237
16297,64261868.81569529
16298,47170824.05234335
16299,109636573.51157194
16301,66728237.67555548
16302,60772288.91443842
16303,38362422.16648469
16304,98956671.73812807
16305,107304562.35782029
16306,111022562.90532656
16307,73494096.06506896
16308,61122894.681444585
16309,81818311.29765114
16310,152945730.83459607
16311,109294238.79336639
16312,58283586.40250739
16313,72765667.99962334
16314,197689269.31554306
16315,211765215.7964129
16316,95563532.65890487
16317,100097582.29852512
16318,70260835.01343153
16319,170576748.38625154
16321,120278632.91332228
16322,70949566.72179094
16324,55231178.79341881
16325,75993526.87558742
16326,49008032.619569235
16328,62957208.60598108
16329,318596566.32646
16330,166628140.26060122
16331,213037167.45722085
16332,140437420.1513049
16333,128888605.42993534
16334,90476870.10320681
16335,55273768.043335415
16336,98853254.80111004
16337,61471189.45212564
16338,163781042.55061483
16340,116932989.7024139
16341,61585044.10130276
16342,122054540.89484933
16343,95067625.59570786
16344,82856018.5206023
16345,41421861.91852917
16346,112568545.9300163
16347,126963613.82375416
16348,76613720.13401507
16349,46241744.35773756
16350,63847923.011693224
16352,252200909.39134938
16353,132989123.27480724
16355,109574098.47789192
16356,18116496.309388738
16357,94708226.91703495
16359,138266227.9403832
16361,69613630.01111375
16362,71087448.53930473
16363,52474721.99125677
16364,129539075.24072379
16365,41563677.64620037
16367,100888525.33337307
16368,105898609.31080447
16370,48037989.4674184
16372,79974379.8313835
16373,46472809.311438516
16374,58047367.72322501
16375,111762226.63602258
16376,90533488.50074299
16377,63241311.857971355
16378,70536487.53669395
16379,235144536.490808
16380,89513748.90984231
16381,108354086.03176285
16382,153248816.74314168
16383,152412857.3095721
16384,184705346.95437297
16387,71932316.0130572
16388,324591046.35792184
16389,61299278.73210317
16390,73615258.48263513
16391,111246011.59413591
16392,53313443.029174745
16393,186862184.54095912
16394,155503663.87729204
16395,128629556.59240206
16396,115336553.18992718
16397,91554577.38005824
16399,82505856.26469219
16400,93896154.6760589
16401,125527988.52838698
16402,265125884.32089877
16403,78634662.0308533
16404,118693711.48052467
16405,239712138.8728813
16406,38720403.53856124
16407,129618036.86131257
16408,81074875.26210217
16409,46679002.68806973
16410,197475666.0770993
16411,100553423.11332482
16412,48704750.83832073
16414,82426507.67430776
16415,80156353.7429577
16416,92319661.83047493
16417,82283893.28701878
16418,127468252.7158541
16419,92522193.2558609
16420,93514431.60864834
16421,192983648.75006953
16422,64678839.032504015
16423,112893839.13086343
16424,55937858.90096953
16425,42108547.078086324
16426,62450064.50399564
16427,104053820.04843122
16428,57689751.0036687
16429,71853087.03272279
16430,39474829.51767818
16431,88201248.37312794
16432,94485105.61725864
16433,178767281.53234184
16434,90123135.6667393
16435,82392790.26020119
16436,53771695.0550971
16437,44549192.00541486
16438,47014003.24885835
16439,112755417.55145228
16440,83403718.58285102
16441,50391388.89010446
16442,100556678.75399826
16443,90174533.1942446
16444,73787265.36360072
16445,100107624.23222744
16446,185272616.14640555
16447,85362512.84527358
16448,190742330.30574483
16450,158542989.4960346
16451,67857644.38879563
16452,64308802.39414651
16453,157783725.12876385
16454,54409183.90805609
16455,97256819.16018131
16456,53251555.89962417
16457,68801238.36605124
16458,100525393.54143223
16459,195694593.7639894
16460,87379949.2349638
16461,142178481.81145364
16463,182369168.79195577
16465,225062645.39498186
16467,126027059.67396142
16470,98321150.1056366
16471,84520742.28533082
16472,77790490.03697366
16473,58201844.353544354
16474,78606233.16665365
16476,124601307.78414072
16477,49552069.76825611
16479,290256967.82846534
16480,69006678.048533
16481,68808860.21381906
16482,206749448.2948296
16483,102446081.94283947
16484,93630269.20404729
16485,86424317.9796181
16486,125183951.05949162
16487,181466270.2788359
16488,80192391.6777142
16489,370138943.00496906
16490,48355450.81467479
16491,109846049.85272439
16492,132719829.24319889
16493,59442070.78149149
16494,50865386.35662336
16495,66558702.10572184
16496,176663343.90195912
16497,123371569.17182632
16499,107215953.93322259
16500,80530865.41328667
16501,190506699.86538762
16504,50799103.826557055
16505,49924611.69268051
16506,32806906.87161434
16507,126008488.10927235
16508,25756526.52315247
16509,101503173.9418599
16510,41952418.80058276
16511,132077004.5333286
16512,94861699.23642631
16513,77151943.54179688
16514,42498291.63894571
16515,84196475.3253853
16516,68069063.32734136
16518,128705435.46526647
16519,57961514.90692109
16520,78554324.62667838
16521,159481170.89139974
16522,181091957.2530976
16523,64201285.8587021
16524,122014301.15498076
16525,81328675.39740428
16526,61063246.380041406
16528,150625053.02722389
16529,49228916.76065146
16530,70762253.12286176
16531,72349320.62724869
16532,68920218.96788023
16533,73907694.24681209
16534,211523425.02812338
16535,115081364.12444122
16536,84500868.81884332
16537,107355535.95212081
16538,77082851.13088304
16539,47462911.993619785
16540,176263845.99126002
16541,139493265.43565348
16542,168794348.71584544
16543,123734363.57929994
16545,61275185.33295703
16546,56475139.467095405
16547,146422933.10370734
16548,69368095.4158026
16549,90576232.08305278
16551,66006952.78978589
16552,42741507.023207225
16553,65647498.11595346
16554,82954484.6596707
16556,146437911.59458762
16557,116999474.18520245
16558,86577647.88259865
16559,136711336.62363344
16560,313691924.7534269
16562,330200929.5884992
16563,92930332.3851138
16564,89999631.03151806
16566,84186138.1961254
16567,160281139.72792768
16568,87270230.59344436
16569,141614733.69040734
16570,217124911.35024482
16571,88625330.15399079
16572,70780999.99129179
16573,58023250.99305396
16575,55552972.10142708
16576,73974431.97008695
16577,50976479.906802006
16579,97957042.01807244
16580,69651896.00457938
16581,77881763.55710083
16582,98342130.89648959
16585,90899819.69548644
16586,107937458.08837512
16587,111702856.83172
16588,65164579.997677505
16589,65698325.81432264
16590,118411596.4736296
16591,97163078.33447444
16592,43207240.143256694
16593,110073844.65667653
16594,110263731.62562075
16595,61342987.444706574
16596,100632774.78504534
16597,68411592.43981616
16598,76931151.79987265
16599,130394365.28430018
16600,163140466.2826267
16601,78146004.3969241
16602,122208529.75877354
16604,78973818.61056831
16605,72679357.28128283
16606,83964704.63467221
16608,105584386.20825677
16609,107145302.06827034
16610,86379282.26284608
16611,256482173.7226858
16612,58649174.66401814
16613,182199817.48752952
16614,73617459.56552938
16615,122645038.2837015
16616,118075185.73964751
16617,87467629.27787527
16618,92051416.24956201
16620,95038372.01133643
16621,26837230.67765772
16622,101348496.028495
16623,232477917.5484086
16624,70497987.80258098
16626,203468216.0941257
16627,317795670.24746144
16628,191898278.81688455
16629,81560570.88423671
16630,55017337.68697454
16631,65576163.40783179
16632,57818892.54759488
16633,209880278.45546675
16634,77376892.57918355
16635,109528319.65786386
16636,83851322.34836364
16637,80740247.79918043
16638,51439156.32276727
16639,113698972.55933583
16640,79232759.86479485
16641,83114214.26591212
16642,150020317.95184678
16643,98936213.33658731
16644,247206149.91044733
16646,231252645.0587629
16647,95256448.5282363
16648,143706619.29178575
16649,48528575.88168192
16650,69556826.82706416
16651,116317171.3692955
16652,83534642.4464823
16653,51229898.72727789
16654,47060817.21624077
16655,101122511.48826961
16656,95035818.09475562
16657,57853997.17208822
16658,84807781.54294397
16659,105198882.85503998
16660,122416676.25966907
16662,69737173.69978313
16664,216059023.51148462
16665,186678901.9579751
16668,97032609.31169467
16669,59914738.65069169
16670,51934516.70591129
16671,113446984.66030313
16672,83575556.91460797
16673,78061787.14732592
16674,45369070.265998356
16675,56353320.68480841
16676,104871412.81632593
16677,75883048.68732512
16678,55542542.65027123
16680,89684428.77420726
16681,122885358.9470558
16682,60156276.83596071
16684,73106033.40900642
16685,87976489.3180397
16686,51020463.50483519
16687,89294403.54580364
16688,43457873.73571962
16690,40644345.116098665
16691,174164690.076573
16692,326263415.4531368
16693,94853162.1760929
16694,63270822.216953486
16695,79973911.23744285
16696,84388886.4643237
16697,96122387.28488018
16698,188173254.9671623
16699,59440622.05860557
16701,54832957.26838273
16702,63126521.17812307
16703,181930539.08416387
16704,63549248.08198341
16705,263940070.52608114
16706,76091912.30208927
16707,93003597.11573376
16708,93428701.87939355
16709,91050457.37742779
16710,74238850.71005477
16711,92112486.8167924
16712,57897888.44957362
16713,199080643.00162873
16714,166119167.29792187
16715,57169678.85113056
16716,44396283.132782705
16717,123808287.954873
16718,51304813.073329754
16719,63022535.66004189
16720,48560271.15469777
16722,73548657.28024
16723,44706146.32827024
16724,58781285.52370547
16725,84562442.17581068
16726,66599964.50155744
16727,96068485.86889097
16728,80762375.23511598
16729,115736135.27702811
16730,211955197.06959176
16732,50787756.82700895
16733,98311446.12315816
16734,134585494.462362
16735,67367556.29592434
16736,75440454.90296449
16737,130862960.76104617
16738,69667044.98111844
16739,120901332.96795227
16740,135209417.91094074
16741,102995916.34958062
16742,64316419.69087745
16743,151025285.4165831
16744,116689593.94108543
16746,75946140.84810618
16747,58096842.32176118
16748,55592302.423436835
16749,76747123.75310431
16750,94984550.70281458
16751,85135924.92019248
16752,45807489.67037464
16753,143558235.9229075
16754,77223400.62933554
16755,200891691.42308947
16757,33836159.70581774
16758,65120965.666841134
16759,71012925.9954044
16760,45339064.70710573
16761,73374458.24808693
16762,60234163.81231197
16764,322066169.13676965
16765,94956619.13139011
16766,69692390.29474407
16767,104374414.78867471
16768,61929133.95193855
16769,81625378.64013825
16770,94281769.41039014
16772,87120341.36143121
16773,118355974.9838405
16774,150334408.75703022
16775,50555418.301485166
16776,105649800.04127365
16777,77732866.99417116
16779,198224236.26969922
16780,106388295.40341169
16781,162938074.49141714
16782,118358926.0835251
16783,114968410.83391006
16784,79916926.53544343
16785,81357763.99185666
16786,91650739.42897427
16787,94417236.72968754
16788,226265309.82777742
16789,82058881.3950583
16790,126494790.36574015
16791,198393279.8550318
16792,71855840.83408026
16793,132050769.96745
16794,60435062.77987067
16795,85458259.63554579
16796,98791446.53489575
16798,164927544.58883724
16799,287621487.87342876
16800,309450152.7339278
16801,108752601.76691493
16802,192003698.73423862
16803,107466091.2955493
16805,87333772.27500492
16806,42239160.45179878
16807,54731516.586662605
16808,86394922.65174538
16809,158688630.05412757
16810,50835720.62871097
16811,81368949.68768121
16812,26956319.523596123
16815,92143448.01426339
16816,128417757.36580564
16817,66049159.53785915
16818,77307971.81697406
16819,351700132.15116477
16820,89067232.45234944
16821,111561420.63847388
16822,89732843.5843881
16823,98943490.86707482
16825,70598243.64783011
16826,77766284.58987808
16827,218407574.46042567
16828,110995787.34226531
16829,70565287.57925284
16830,61148989.610481754
16831,89027417.72260198
16832,120620808.98702094
16833,90659651.48482849
16834,79361548.2729104
16835,72327240.3721353
16837,155768048.0490772
16838,75793347.15110168
16839,100165323.31062593
16840,139503203.43007582
16841,55325805.88442437
16843,129120107.67331341
16844,46035648.33843297
16845,255375859.71435517
16846,93456146.41669199
16847,80975799.0034899
16848,127223732.22274706
16849,28760379.767141826
16850,71175969.58449799
16851,83105050.48668434
16852,72991067.39894566
16853,49912962.960644916
16854,168148756.1208599
16855,164370449.5421387
16856,120858640.46105187
16857,105131384.10401674
16858,145007149.77344662
16859,38084910.7156074
16860,68721174.53316687
16861,69065544.26322068
16862,60549229.13378887
16863,45972224.28066399
16864,93354060.84031549
16865,53623168.58068011
16866,84102471.98783797
16867,67583051.49476117
16868,71733462.95029752
16869,70555514.33994228
16870,59696979.708177455
16871,152773980.11826563
16873,66067532.924338855
16874,69799293.83131777
16875,119755311.54528287
16876,74053018.62305795
16877,38803598.02333628
16878,58595783.80362712
16879,111683813.37725669
16881,85413353.14495923
16883,143177279.12116128
16884,73720912.58169675
16885,83379957.25956969
16886,49769537.541080214
16887,139202345.80569166
16889,113235491.3229791
16890,132528473.04699135
16891,70757566.97551998
16892,54144867.693279795
16893,46948735.52566103
16894,171637243.89608875
16895,122980419.3449837
16897,144816728.17776698
16898,159660921.37190413
16899,142388261.0704114
16900,88913278.90260243
16901,64343569.73674719
16902,64195226.03556409
16903,57859913.298253596
16904,142593152.9121431
16905,71564951.67040063
16906,95063789.24899635
16908,177822633.37589607
16909,58629045.96058376
16910,84810925.00354734
16911,72532159.85129003
16912,99844229.9695221
16913,73458497.00706145
16914,63661715.18032922
16915,39821453.221593246
16916,64588053.97187144
16917,88300637.09986678
16918,81142073.36698824
16919,143071468.9560717
16920,56070083.58541123
16922,86957032.68342179
16923,106405727.46240884
16924,190740691.60928732
16925,134675453.17091694
16926,75535474.06695122
16927,93872703.57902989
16928,156719189.1856
16929,57791039.6697946
16930,55486439.517311715
16932,92571877.39200191
16933,52613262.47590056
16934,363214250.6614033
16935,61472362.756851465
16936,107545426.10222605
16937,67325056.92879313
16938,57998609.257709846
16939,112825737.26861244
16940,89439365.90735383
16941,69590533.01475811
16942,131764406.72367714
16943,131080218.6431978
16944,63157004.016523756
16946,69782337.26481698
16947,58177887.744156264
16948,59325625.34107602
16949,99541824.67887576
16950,97971868.40683234
16952,114110023.03742635
16953,68894884.88174526
16954,80163922.09108426
16956,77703508.95795633
16957,133821340.61311214
16959,53257183.569055386
16960,113802584.64371994
16962,54405052.50255953
16963,64513404.69986922
16964,61247779.89618158
16965,121339755.71726717
16966,135693417.26648685
16967,61069702.58216517
16968,59235162.86064451
16969,65144506.57086319
16970,46304102.217020646
16971,196740617.2935962
16972,66985020.01671364
16973,63155916.06244208
16974,75122306.7199099
16975,95199471.78051266
16977,61880547.63257991
16978,133054793.08639438
16979,83314271.65758294
16980,141955075.62313712
16981,73749390.81668352
16983,160425196.75628936
16984,70333461.13364393
16985,178750524.05888727
16986,131652539.45236167
16987,79884786.74086829
16988,80179624.41588336
16989,82688240.53622244
16990,73164472.5057177
16991,64018771.82118656
16993,71902910.6183456
16994,46671492.21682905
16995,136335867.6552897
16996,78466389.52690318
16997,75312397.33686617
16998,112273647.39727044
16999,102314162.73828611
17000,50871190.53864137
17001,52644145.516810045
17002,60079015.04904793
17003,61506720.0745807
17004,133416551.36231394
17005,42190129.17586055
17007,45684088.549773894
17008,124248868.04224966
17009,33867305.87066118
17010,100302480.81461899
17011,78094639.71291845
17012,68197773.47769132
17013,76346606.75081387
17015,62231727.51214248
17016,139657657.41317368
17017,124030566.07866769
17018,61993659.44429025
17019,96185673.76347579
17020,92806332.7601085
17021,139929288.76090607
17022,60108621.95604547
17023,59460494.801910974
17024,172573012.44148365
17025,40040149.84849641
17026,96906078.263168
17027,60779548.93087417
17028,271678661.6489906
17030,68511467.65692022
17031,78678536.76394866
17032,102724298.29572992
17034,119774192.98740844
17036,62410247.65333924
17037,89504780.38904087
17038,160501555.0138296
17039,64878959.35286312
17040,59364764.00010021
17041,80383197.23448338
17043,45645336.39359352
17044,158919616.4111796
17045,59277723.16468876
17047,90060521.34738036
17048,91918894.82939601
17049,258872360.63987708
17050,71704025.88050419
17051,60740505.75118947
17053,67740902.97256263
17054,39884568.418711156
17057,47506626.13242552
17058,70421892.05925433
17059,96296565.28418124
17060,187881110.8162634
17061,51441125.15990177
17062,66461521.15385799
17063,102383097.75405598
17065,41431233.74368701
17066,91254089.30837542
17067,46034190.933364116
17068,50002510.82013189
17070,166995805.4254551
17071,113610641.9715338
17072,107887827.55122153
17073,127691183.30837277
17074,122723574.99386668
17075,135630364.4797759
17076,68394492.29649608
17077,49646465.00466438
17078,49805100.100852326
17079,50909613.22955294
17080,64151868.69754642
17081,79756642.81294912
17082,131554318.47281532
17083,118609812.81286204
17084,141200425.05954137
17085,57141942.71257833
17086,59244270.60410122
17087,115435536.34158173
17088,84725143.87016071
17089,59922728.47201447
17091,140743683.5601294
17093,151840471.80296543
17094,111761591.09097552
17095,76009891.6911377
17096,99389761.124077
17097,84365886.99992572
17099,65203576.2503845
17100,54030240.25163282
17101,43850285.30371563
17102,139272055.04712275
17103,176948047.566796
17104,66104201.02252215
17105,51005837.313814186
17106,125277190.95728704
17108,79235147.24658751
17109,95407089.92953518
17111,67616433.67495164
17112,105710673.86097485
17113,50894465.449156314
17114,112335384.20300539
17115,167392776.69439274
17117,96757597.9107239
17119,95872512.24809437
17120,127162415.12054765
17121,81631852.70248304
17123,102567883.49193199
17124,190835924.63418964
17125,115980184.49941221
17126,119528090.1349236
17127,40040124.26791941
17128,112687336.96500716
17130,50945763.87295873
17131,112540173.84082644
17132,53402764.77062082
17133,130684976.34272768
17134,84903546.50180559
17135,51574517.89685505
17136,64778599.89265936
17137,187869072.69184485
17138,71209780.64765921
17139,59421669.88171917
17140,81291019.49888188
17141,56531494.871224664
17142,113672129.72627157
17144,88183787.56542224
17145,79304330.93081771
17146,156547968.9129329
17147,254755242.37201583
17148,64128710.51354662
17149,83876831.49706662
17150,67747085.68657216
17151,95123399.33431546
17153,88853838.35514092
17154,125623882.13241033
17155,256295337.46634033
17157,84508266.00513266
17158,123986887.30902809
17160,43235869.23508251
17161,163411221.8073604
17162,122084599.78951985
17163,242829660.12879103
17164,45173620.0075665
17165,59479372.4680946
17166,78930681.3228505
17167,80940944.95676652
17168,142008718.81218988
17169,123366408.77866049
17170,202278666.7712603
17171,117203568.64537153
17172,75307920.42265184
17173,186878178.19401503
17174,72642722.70552446
17175,329610846.44053364
17176,63500952.88454702
17177,129232376.3695437
17178,71281284.2732729
17180,50252970.47250978
17181,58629314.718347415
17182,136823771.88399705
17183,81012841.32684247
17184,66269927.81469446
17185,55534258.542253226
17186,65999986.406161964
17187,337536542.9366536
17188,89439852.1160655
17189,46025231.033065036
17190,99210147.57563546
17191,57713922.90265133
17192,110620296.82014221
17194,72831404.56894545
17195,48435007.63251387
17197,62730603.17802855
17198,51881324.55291694
17199,63196635.65516466
17201,166447840.90644515
17202,76079866.42070854
17203,80657393.45076571
17205,138842266.8605212
17206,79106616.3098161
17207,104352231.02955401
17208,81930368.67314883
17210,90377009.22963707
17211,262390872.68328908
17212,75565516.0360015
17213,60685585.213520154
17214,150289988.3214128
17215,74623819.16643596
17216,57372178.74801838
17219,112671554.15634996
17220,165338926.39818424
17221,56604657.69928897
17222,92534877.49950127
17223,123911568.64116181
17224,80526115.74284323
17225,126883957.3143422
17226,165817728.9097114
17228,86183737.18618712
17229,60212726.10853328
17230,82958925.4267604
17231,55470181.33811873
17232,86963367.07432611
17233,285519964.49452215
17234,151834808.80657387
17235,73994688.70229499
17236,127518999.96670002
17237,58432541.399941295
17238,320040692.13575864
17240,48931040.56598017
17241,115949028.47831899
17242,87594455.11655192
17243,92110736.38151987
17244,57655546.7325017
17245,160788583.38686287
17246,89437730.76394007
17247,93697038.31173563
17248,96271883.8342574
17249,74260590.486589
17250,96111193.15025136
17252,78589821.97384557
17253,116847072.8832001
17254,80912767.92212196
17255,86595252.77163339
17257,57572725.260789
17260,106785111.42331907
17261,48235146.10332162
17262,101865495.47954172
17263,92362383.4754058
17265,94878853.05050781
17266,76329893.21166565
17269,72527358.8744232
17270,185582714.68720406
17271,63142377.14865162
17272,83413747.46582402
17273,183808760.06442076
17274,82453547.21176724
17275,73955876.3558661
17276,111270978.04354283
17277,82463187.7520132
17278,111351300.96732205
17279,75037929.38004722
17280,78357828.81096236
17281,89860987.77308787
17282,139575652.43814504
17283,107468958.21668993
17284,182593000.05841026
17285,291902060.75706196
17287,59338402.259813294
17288,200045469.23057956
17289,73055931.27264327
17290,89324490.15377407
17291,126559415.92039746
17293,86027767.21843316
17294,116355429.60844967
17295,84070918.13268682
17296,61188860.78964524
17297,83932803.42816518
17298,108540906.05788971
17299,91880560.5535325
17300,72098584.91946132
17301,71429602.16745074
17302,54027784.81770569
17303,111516859.62948
17304,105381682.31403527
17305,190318211.13945204
17306,139976372.05459768
17307,111355291.45702091
17308,70275704.49080081
17309,146911652.01523188
17310,52068381.078529626
17311,144262725.29179546
17312,148189248.18966442
17313,71314837.42043999
17314,59195487.505746335
17315,83950972.61150064
17316,134960830.59887362
17317,98788906.76941143
17318,59397089.68725403
17319,140707634.48143578
17320,228529808.98576763
17322,49986523.01532659
17323,127909842.97113279
17324,66368463.82662371
17325,116376164.64060593
17326,53120806.62691356
17327,259334942.3195171
17328,78441096.56686679
17329,53034405.35590396
17330,55760752.935591854
17331,68354695.69281162
17332,106075954.59733789
17333,116453454.14449593
17334,179925462.09728876
17335,92381071.7007181
17336,70241936.51088639
17337,98946597.35899478
17338,68518414.3743254
17339,79399938.90314642
17341,100417122.05574542
17342,111605489.76623306
17343,86844637.47199464
17344,60171401.72174492
17345,139675896.32239842
17346,54561500.409035236
17347,79176342.16334957
17348,191799977.26247886
17349,97946409.10891634
17351,64766684.18326168
17353,114038848.908742
17354,57925655.30355545
17355,120177643.17370862
17356,154738616.26720774
17357,84324027.26247871
17358,147672874.94122747
17359,71885839.29810931
17360,37666608.37752417
17361,229019449.90291804
17362,108671071.20581996
17363,86360280.15084104
17364,131192911.2661922
17365,112732951.22138706
17366,111309382.10115758
17368,115000103.9428435
17369,87273588.14287913
17370,72684307.97265108
17371,95293572.34218274
17372,111325676.95806873
17374,88359431.87630263
17375,172123479.32676506
17376,87295087.85371758
17377,71307520.08878168
17378,118793481.4652026
17379,80251259.38916406
17380,92902092.55730861
17381,129332844.97703113
17382,41751365.00182274
17383,48652192.398877256
17384,105898406.92695013
17386,143519372.0040449
17387,47788006.54454435
17388,85435866.38859124
17390,102080723.26742342
17391,138080934.27359378
17392,108991567.65668483
17394,120663733.03715467
17395,118848158.76047409
17396,212295041.55910003
17397,65260724.7344158
17398,65621855.845236704
17399,78164428.16444838
17400,69180333.73364878
17401,247164102.42952085
17402,66629082.21740335
17403,64704755.50336537
17404,74421971.48877114
17405,78389795.07075837
17406,63311649.34742554
17407,138315917.71738455
17408,112037581.96948743
17409,337516808.4771863
17410,124010145.04290915
17411,125062636.85806297
17412,107553256.13738197
17413,237726498.71424112
17414,139648801.84986898
17415,128775111.24004981
17416,115640905.60457452
17418,74306118.28071274
17419,89722081.37075174
17420,74697745.99056163
17421,130220987.92219603
17422,101688673.87888065
17423,135141275.04025882
17424,165543785.02427015
17426,127880932.5841711
17427,142598069.89852235
17428,94532678.31425211
17429,220870877.8993839
17430,67542834.3275134
17431,69428273.71825984
17432,74130263.92376591
17433,46967809.08244994
17434,137164270.22390994
17435,77674440.88958089
17437,54072888.620345116
17439,131311642.15346546
17440,83931963.55796096
17442,49325687.665264174
17443,90109735.22257707
17444,87762549.52916917
17445,351699936.40609646
17446,66151359.26919426
17447,76247424.16986217
17448,84214118.93495068
17449,47662108.1640812
17450,104835100.13570635
17451,70856840.30437575
17452,142496694.7449409
17453,190939812.66809973
17454,59854714.4352725
17455,68810147.79531644
17456,64612767.7371843
17457,48041751.77293013
17458,72968383.46343067
17459,91849991.347253
17460,72900635.89568043
17462,81760968.67192361
17463,196794917.965069
17464,110418059.79154235
17465,82487574.71908233
17466,79183128.53373341
17469,121257253.48919134
17470,217805798.61926705
17472,46717201.57826041
17474,42202165.320863396
17476,82390650.50908682
17477,76203224.48360942
17478,147494611.97631872
17479,90919005.45612445
17480,118313398.08689079
17481,84650161.15766595
17482,271557670.32821804
17483,81086191.68182455
17484,200819207.8232898
17485,85600380.31220424
17486,86448567.07545215
17488,83344558.9134759
17489,51180814.0464904
17490,100949765.75503153
17491,92623738.4221327
17493,142120413.0816197
17494,71000806.0445944
17495,72739150.41590852
17496,34941376.00571228
17497,113510380.15257272
17498,57432775.065296575
17500,64061080.05767167
17501,74804323.62083337
17502,70746822.23754089
17503,68797429.48206687
17504,64490286.228867695
17505,63398761.32339059
17506,138631081.98730195
17507,144985657.094704
17508,96595603.715585
17509,102340784.89292106
17510,104142148.31024924
17511,119187150.5356153
17512,61019873.00579235
17513,69267693.07382134
17514,88443312.83654729
17515,262618848.15583837
17516,100024529.28679837
17517,41445891.208011925
17518,45795522.21585746
17520,70071278.1954531
17522,93146694.83960846
17523,134390594.7777529
17524,75061272.57166272
17525,262202052.5609905
17526,161363946.49312237
17527,39860067.81333058
17528,255686488.4621335
17529,140639502.87597415
17530,56420157.87047832
17532,81424807.81395248
17533,88434705.94274175
17534,84243071.76851338
17536,77204305.70859452
17537,96414070.60172853
17538,68204044.81252255
17539,72874425.87155999
17540,97597057.07994051
17541,67923033.42498754
17542,46548675.043218166
17543,77891315.84258361
17545,89891983.20615047
17546,64676852.57197414
17547,110456497.5993478
17548,82365652.77747002
17549,125534351.30115202
17550,70531056.82386197
17551,80789921.47040638
17552,48081639.659237355
17553,25853882.764880516
17554,55879257.20248791
17555,71820095.9714853
17557,54351326.532381795
17558,169674126.47319856
17559,59534312.95992492
17560,78443263.2256298
17561,90709867.79467177
17563,35874542.36242164
17564,127286477.7438859
17565,216879913.70442155
17566,76794233.6301828
17568,268044488.79327482
17569,73952029.4783459
17572,217042165.61081436
17573,161101867.76055962
17576,57270777.24149796
17577,54965354.26907852
17578,84260366.07445946
17579,77226334.91594227
17580,127651616.799099
17581,120800961.26737578
17583,156878847.65620023
17584,94485773.69352974
17585,150432201.48497814
17587,316557131.34826225
17589,56049231.93371489
17590,43019053.36981329
17591,121955646.79114144
17592,89864882.70723933
17593,78008677.61056568
17594,130316177.2678206
17595,143462259.638632
17596,56658314.53177274
17597,91579233.11360887
17598,79418406.46766356
17599,51560767.18420054
17600,112888940.00259796
17601,49425652.95069489
17603,115902922.88629311
17604,38796744.67554961
17605,118806964.4070934
17606,107675347.09007666
17607,154289955.97652566
17608,140171548.4477813
17609,91599011.10195741
17610,75571638.7184
17611,98956976.53016642
17612,119303680.71987848
17613,186924258.4815278
17614,69354419.63799892
17615,117879642.4143305
17616,61359968.57984543
17617,128138337.15894523
17618,54592152.49141954
17619,75317058.73645434
17620,86740060.9319856
17621,63251202.222852275
17622,70329831.84153692
17623,99868203.4378026
17625,70749589.40865509
17626,149384632.10717022
17627,95731800.4577251
17628,196970880.35273373
17629,47903606.40648835
17630,71676224.11945325
17631,140805626.38268912
17633,80568865.56614311
17634,61707430.8009155
17635,98331578.08110067
17636,85833347.2955478
17637,281376950.7538458
17638,58689373.018769406
17639,104234286.07627821
17641,139091774.56447282
17642,109418425.00019783
17643,53842758.95081152
17644,34108567.742227346
17646,113496767.92950788
17647,128764939.26018801
17648,105605239.97101687
17650,120527423.00849146
17651,144770559.93509236
17652,65423463.815262005
17653,260353058.39772967
17654,113731842.37338205
17655,122760390.34765726
17656,111495018.52021585
17657,73318351.9991667
17658,156234330.8673874
17659,70587308.63878733
17660,55348688.25715128
17661,103022930.4250642
17662,123951184.58889455
17663,93283894.77074856
17664,73900570.23389511
17665,249960982.05005395
17666,84634561.29059128
17668,44306840.86907642
17669,134469732.73354396
17671,75520844.52086505
17672,75827880.6291603
17673,46424257.64605085
17674,130081124.78046805
17676,78380412.81768164
17677,88507855.1112044
17679,93706294.21805333
17680,71498570.62548392
17681,76214494.4938898
17682,100234318.48854226
17683,113411066.91637862
17684,71556127.51054409
17685,95589107.48409837
17686,112720753.07795045
17687,121666047.51381332
17689,90703638.2477839
17691,63064871.54806516
17692,327844295.6839068
17693,153080282.60167155
17695,58026690.83172196
17696,66297377.99901908
17697,120153890.65451482
17698,63123951.68797769
17699,146389465.09990254
17700,139820107.29812035
17702,37924536.88398233
17703,50659605.9366104
17704,109270726.98750916
17706,84397598.08381346
17708,105430797.72441487
17709,79328289.40616842
17710,76189014.07246728
17711,72082147.2769441
17712,44060492.61338692
17713,35871240.45538987
17714,98893837.29829928
17715,88308547.00797085
17716,217931864.60428727
17718,203880601.9420171
17719,101042563.12862904
17720,97533234.51660739
17721,118734633.5749371
17722,99588441.46754727
17723,99667058.815286
17724,67695022.35678232
17726,51927365.614379615
17727,80000958.20745593
17728,163551611.43268508
17730,146511379.37784815
17731,118538951.69761406
17732,70914875.08382371
17733,60242990.83300727
17734,64213324.4746563
17735,105300505.63409248
17736,94924666.66879778
17737,75055576.30222274
17738,64568459.39973626
17739,97680980.48527554
17740,104846950.66666141
17741,125804849.69327079
17742,64558333.532985196
17743,42748142.202179894
17744,121748274.20599712
17745,53259600.40976677
17746,173781014.06535897
17747,214304081.2422705
17748,67774877.63550293
17749,43742147.13804206
17750,349211481.97795844
17751,131396887.16438074
17752,77273480.43428916
17753,63107002.30832963
17756,188053104.76465562
17757,99892193.91127977
17759,76789657.29206398
17760,180701520.23304686
17761,199725180.03423363
17762,81328838.78638583
17763,81896980.1617302
17764,46075420.13358487
17766,205894593.26046544
17768,79598900.39409995
17769,101180752.25897874
17770,87421637.93014205
17771,172862330.91034776
17772,80338591.42459358
17773,95912884.59309717
17774,154926175.10638207
17775,71298388.3160124
17776,150178685.2781257
17777,53770741.14409757
17778,146571798.97663182
17779,149389080.87570822
17780,72226731.06318739
17783,159062276.0307036
17784,83423157.23594688
17785,91594555.69722438
17786,224236273.51912376
17787,102902425.86369038
17788,107577496.35510816
17789,69495506.71849617
17790,139773484.47978172
17792,190578717.60506254
17793,109917686.28075464
17794,47567805.436342396
17795,101388070.06627339
17797,114415337.05090791
17798,93777033.56703712
17799,84674540.75418004
17800,97223097.83118512
17801,64257966.76956837
17802,77261422.9971871
17803,180701107.6770365
17804,78867950.31445073
17805,96159968.29465133
17806,42110762.74485328
17807,57956746.93120942
17808,68685491.9191842
17809,96274605.41760354
17811,75814831.87289308
17812,84576392.59922636
17813,100002780.53299084
17814,84532745.09833094
17816,60348077.66069982
17817,130181705.21020807
17818,181421863.09485766
17819,66660457.7749981
17820,49088922.23354455
17821,37687055.649377905
17822,228190385.45433685
17824,91496652.07099223
17825,67182722.53516239
17826,127884782.2632997
17827,71004777.01111132
17828,59028581.04471582
17829,88749733.63405694
17832,94164314.52930462
17833,66304335.60854684
17834,63717361.92751715
17835,37111001.62019673
17836,109488485.10442027
17837,156454114.44192952
17839,69560806.09900156
17840,119324722.73227952
17841,94409522.39238931
17843,175663197.9356355
17844,102076732.30375564
17845,65433915.70312144
17846,57615935.15881792
17847,235994025.919768
17848,88171031.46971454
17849,30852089.261329316
17850,54654090.29288777
17852,116906257.59777889
17853,95541829.25323704
17856,120227916.42582986
17857,77569688.0930382
17858,63535786.67242527
17859,70773249.86698094
17860,82494555.20496175
17861,52977024.943630196
17862,131277909.16739537
17863,31237478.130726956
17864,59043390.187130004
17866,365317343.0865754
17867,48458250.98978361
17868,77522158.53911367
17869,79892561.4277038
17870,82838793.51228598
17871,191891740.8079775
17874,86065418.45209646
17875,136335623.36195385
17876,58851300.93199665
17877,125137752.20635362
17878,62138471.584537745
17879,92830028.70957538
17880,53253563.73335791
17881,53697911.338461906
17882,89483433.70225102
17883,83220531.69986764
17884,134349601.70830992
17885,72899596.7593522
17886,164878537.4111076
17888,174797810.31966668
17889,91172857.66826928
17890,120671119.44279951
17891,181323993.31117266
17892,95165610.94009241
17893,62244883.06873596
17894,85227301.98684528
17895,126165990.53792344
17896,40693773.4148469
17897,88284645.91413002
17900,187962725.7544826
17901,220175457.30926162
17902,73292140.29386058
17903,259761608.46717122
17904,97107166.70995328
17905,96353522.5988105
17906,101572549.4681525
17907,102452893.03665665
17908,53491196.45987825
17909,45831820.940766305
17910,79330444.05705708
17911,63099017.81089051
17913,155823619.96488345
17915,136740949.29345438
17916,66609572.845767625
17917,184499939.30743107
17918,36338030.353782915
17919,82389519.38221678
17921,48502974.16490482
17922,90932789.92695388
17923,116246362.071614
17925,51878858.090649396
17926,200131821.2569268
17927,235455061.93281406
17928,118771774.60942662
17929,75966503.3494929
17930,70106394.27890275
17931,56598585.809338294
17932,155421231.07577926
17933,210734279.03975222
17934,43021036.98376289
17935,150964731.6241184
17936,62954434.22591522
17939,67878561.76345608
17940,343399704.9666622
17941,79852818.25416487
17942,60544433.30009683
17943,54255828.601291105
17945,183038005.1465064
17946,134660745.05111554
17947,166658762.62933707
17948,128362448.97314896
17949,114944732.64204118
17950,324071865.5508146
17951,76661148.73182316
17952,67660040.25568596
17953,72312166.21826872
17954,149447641.04456723
17955,68336139.46171916
17956,165311502.8767305
17957,72886019.98758171
17958,255273442.90120536
17959,175272561.80696622
17960,151019112.06534517
17961,58751928.30744908
17962,107966799.97199556
17963,78668703.43525839
17964,127106616.69659165
17965,93844989.33376515
17966,101531671.09305014
17967,53867465.981316276
17968,58222458.7412681
17970,63041689.507854335
17971,202229081.39196306
17972,84134678.92354406
17974,48608370.200170934
17975,113781720.34931298
17976,243705949.6611635
17978,90671105.43232685
17979,62195848.974760845
17980,97128819.68381476
17981,129815585.03694887
17982,73746747.92499104
17983,173649979.75309464
17984,334120583.48397756
17985,103499096.99500525
17986,167949273.21736506
17987,59467530.33316753
17988,54009353.56686791
17989,53337345.69217723
17990,45825346.85544781
17991,176108115.37698048
17994,135738258.00306377
17995,122085069.50721017
17996,134345216.6663696
17997,88813423.32374556
17998,91150908.67141089
18000,424066040.17757213
18001,57112245.73235282
18002,140412661.65394124
18004,64357865.2595325
18005,70402803.99540408
18007,78256278.2275192
18008,52204568.23581962
18009,153651868.6869365
18010,95874336.78890228
18011,160843177.56249174
18012,362571455.0890892
18013,184597928.0051608
18014,93682679.97484627
18015,272762933.4705721
18016,97156337.39366539
18017,47465915.92908555
18018,83958212.02688558
18019,126177483.47423112
18021,76965426.30300471
18022,111655784.67970505
18024,76672636.70391142
18025,36921942.300626606
18026,76480368.24464995
18027,66890200.49225253
18028,92961710.32284164
18029,55528729.65521678
18031,102111503.43340926
18032,40653727.60276698
18034,141253894.60508353
18035,110863712.74551782
18036,102456699.27780181
18037,113182032.06867534
18039,38968294.38996717
18041,253921130.98831907
18042,148653684.60599247
18043,49431783.15964711
18044,108837787.80676714
18045,93430879.97247735
18046,74889373.64265606
18047,152802776.11999705
18048,116772341.69477202
18049,183707871.41512644
18050,111377870.40425472
18051,134057737.17441595
18052,98597289.26486984
18053,82792864.13337232
18054,80087209.53052968
18055,58435730.67881759
18056,133233836.89055075
18057,105742649.92040144
18058,77342011.2181001
18059,64675154.87942704
18060,55265607.610219285
18061,68505568.92564557
18062,125712811.00532638
18063,84608571.86883152
18064,146081447.9407569
18065,69922745.81289159
18066,57896949.62142575
18068,99757184.55365533
18069,65545343.53048476
18070,74503713.539033
18071,75963599.95880532
18072,71580012.68845472
18074,256949144.0429315
18075,131782823.74296077
18076,145014027.25453973
18077,167553043.54517072
18078,76168995.42144491
18079,67765201.65150584
18081,81231895.66075008
18082,51232670.52922563
18083,164068704.46778038
18084,191877609.46674916
18085,70942802.22835891
18086,68740643.91658813
18087,203143253.2567526
18088,68011799.95816231
18090,68996862.11095
18091,77988975.7914976
18092,163951842.02156553
18094,82554834.16690265
18095,111703561.28313915
18097,286846282.69211316
18098,80442715.66662411
18099,140270334.47061616
18100,95691978.83301711
18101,95101816.2914176
18102,63401249.294422194
18103,59541578.20030185
18104,90465381.40827364
18105,157141487.21795756
18106,76504591.45727244
18108,106171258.03789501
18109,69623359.4741357
18110,53588971.94095581
18111,140160780.54770392
18113,188342257.60983437
18114,84839877.23197174
18115,63768920.62485223
18116,68280464.43069768
18118,172121013.32274455
18119,73007957.46304762
18120,272102490.43107176
18121,75733909.42922436
18122,190783010.60346714
18123,57818814.05770519
18124,78440047.67725675
18125,66525317.03026105
18126,112827695.3583423
18128,85355793.59876008
18129,183690167.16122314
18130,33348349.702720292
18131,71738959.03130805
18132,39148456.944096014
18133,183670356.8122789
18134,54866278.886662506
18135,139939554.99390775
18138,44148881.703747705
18139,171568530.18261814
18141,109819017.93622744
18142,61920396.354588434
18144,72059747.10474205
18145,64616370.65726661
18146,134104857.33637847
18147,65543777.766478784
18148,345127719.115659
18149,65737061.64117081
18150,154691986.93822563
18151,85060656.25124791
18152,60206097.70320726
18153,62211369.481532924
18154,68354679.78044596
18155,78296866.49002752
18156,132502317.16321635
18157,75535898.94804925
18158,81533941.42621784
18159,46822552.520118855
18160,69075941.24219602
18162,53806444.31060134
18163,59884016.08446118
18164,125751421.51919083
18165,67723786.5215705
18167,69313068.39720847
18168,86611783.2045058
18169,58378121.63980852
18170,70761882.57453308
18171,42560837.807543784
18172,260582686.22468314
18173,185798568.12896693
18174,95251449.89182934
18175,116075314.17965594
18176,104963120.03994605
18179,96858948.03329538
18181,97790390.36027157
18182,71379320.87804034
18184,232709013.4243251
18185,50925138.91897655
18186,63494572.24950766
18187,92592659.81255174
18189,64522634.89969943
18190,80548496.83646837
18191,96472125.68188766
18192,84463441.09154905
18193,188463137.6003771
18194,41994642.720061325
18195,264092586.54823124
18196,46765248.760906935
18197,264634480.71883887
18198,91951899.18575622
18199,81297826.73508994
18200,86302142.23080513
18201,66821308.60775738
18202,89010117.51591551
18203,91229697.516453
18204,52246422.48944969
18205,144734928.46161303
18206,104849939.2175956
18207,66072658.85682806
18208,96639553.2189861
18209,51211582.83355549
18212,196644855.01430067
18213,67080095.09769641
18215,58542338.37788946
18216,109316150.88185576
18217,66647401.7785147
18218,111947494.73209275
18220,95939135.25927775
18221,128082712.56910008
18222,82889424.15677404
18224,63780600.72071724
18226,130775270.38431098
18227,92113956.97877261
18228,83211759.38138211
18229,96444651.88044554
18230,114153985.89791426
18231,155595237.9302864
18232,113903177.83941792
18233,110049266.43375829
18234,73114290.64617401
18235,106329475.75344464
18236,177550185.79269683
18238,163372880.12629297
18239,203282524.31262088
18241,122224910.13983133
18242,151535422.17919764
18243,96028980.1687501
18244,58181009.347045355
18245,105795516.29280649
18246,84703036.73967545
18247,113351096.49894089
18248,49278500.86955901
18249,76995652.23895985
18250,103122062.43645808
18251,76218652.12143238
18252,89657228.4089053
18253,90372871.00585753
18254,238780302.26633406
18255,38807241.523560345
18256,78753285.91715565
18257,247140541.9424382
18258,100470939.86583616
18260,214366178.59083387
18261,126427280.46710426
18264,99201949.32315686
18265,139662053.42060044
18266,177844446.58212218
18267,86635131.31096938
18268,127246607.39932169
18269,57616969.08266814
18272,69020002.84579693
18273,83412904.36631547
18274,100128906.84964922
18275,68517578.83285715
18276,132829307.66474213
18278,44711878.898679085
18279,68580930.61749178
18281,50614217.30724408
18282,60776175.110900596
18283,68887976.629594
18284,343191723.3457305
18285,95382933.84604962
18286,51990095.15356968
18287,109772867.13000286
18288,45089360.83721592
18290,80944684.95786272
18291,36354222.16599322
18293,59057544.97397588
18294,76260330.43067238
18295,72424093.73758154
18296,107356663.84071533
18297,52542771.7961337
18299,50502660.598092265
18300,91289463.42976421
18301,52991482.955946386
18302,59821498.69329199
18304,81467646.17057951
18305,57756127.04420393
18307,172497799.10511473
18308,55342155.429669574
18309,189308437.04335618
18311,62796778.21449731
18312,204883604.92466623
18313,142429234.9930827
18314,340930076.08124566
18315,160977156.73094606
18316,116426976.53170207
18317,122978813.04838672
18319,112278127.84865792
18320,66843436.63267316
18321,71566643.53315136
18322,59098837.462395795
18323,117659982.7482494
18326,68641995.74910598
18327,85279328.13413243
18328,61493892.75947375
18329,83334555.40318209
18330,84947628.80462565
18331,164287791.168232
18332,104938417.81898752
18333,95097062.74028903
18334,90784959.46621484
18335,162887580.25940534
18336,72464072.77367254
18337,122852934.87111059
18338,134801651.86866742
18339,186748325.52931708
18340,71658280.10175498
18342,39874065.333420515
18343,140225102.28497386
18344,245604758.11846647
18345,188559487.33348644
18346,102501311.81381078
18347,112464044.04863219
18348,50001493.40585266
18349,57732973.50395794
18350,126567796.65342999
18351,55279058.613551706
18352,147529544.89986265
18353,91715968.75696465
18354,119658094.63240866
18356,129424234.50435415
18357,76602313.53263065
18359,99471526.03685984
18360,76174470.08795416
18361,177697039.34592608
18362,79547912.00664774
18364,85498029.01086345
18366,66900138.539490126
18368,106587947.91206658
18369,50924533.96955375
18370,39632857.64972815
18373,100507179.23844312
18374,81195418.61870775
18375,78387464.16356646
18376,65092372.871903315
18377,113283443.42265221
18378,77280189.34795941
18379,54241950.30144575
18380,107703018.59070283
18382,67101283.54219021
18383,77779082.51044834
18384,134076616.54921618
18385,81316568.54814342
18386,83925557.73359707
18387,74789395.21611388
18388,90448514.47847253
18389,236402612.61385465
18391,192414352.8977537
18392,49162503.84328775
18393,200315029.8912931
18394,166675282.16809916
18395,45848841.592045665
18396,133452575.29052782
18397,83206021.31237778
18398,155524197.02491662
18399,64308652.28113307
18400,76104593.58370788
18401,233413149.57659188
18402,164269682.2150907
18403,66865792.82121647
18404,62453623.72917034
18405,94832266.33181983
18406,77426413.5216792
18407,83732230.90517253
18408,85555816.44548061
18409,51338342.906810954
18410,108373473.81914318
18411,57985583.63426402
18412,72719251.25308463
18413,163418163.57389265
18414,55678659.92579165
18416,61803737.736756384
18417,198268281.50149626
18418,104834310.95160364
18419,154650189.07334775
18420,69698837.79087582
18421,88822604.73333648
18422,27018032.09707988
18423,123337711.06265226
18424,132959844.41810472
18425,147956117.70239073
18426,203730529.731544
18427,84285719.24357337
18428,88227495.86252028
18429,60335316.28375632
18432,224914514.54138923
18434,44471513.01770909
18435,54593013.230398856
18436,89352065.56261152
18437,74611214.72357668
18438,85660324.23565042
18439,35951220.727966435
18440,53153588.423515044
18442,80725835.46104218
18443,159442526.00320855
18444,76161831.82379705
18445,131927849.74335243
18446,80898743.58600841
18447,59339777.92484263
18448,107471488.62687457
18449,51535433.37750724
18450,69733434.28608559
18451,169715935.75919044
18452,148744593.41416082
18453,98262077.11628285
18454,45762422.865774885
18455,94673339.80314389
18457,64741284.407220304
18458,119835863.3243831
18459,189194989.0458658
18460,83170588.65512997
18461,109631106.53734784
18462,38535117.95954806
18463,89246445.84615627
18465,148260153.50718927
18466,202004581.34347624
18467,167864644.9392438
18468,85920398.35041803
18469,88101943.81202878
18470,60892825.40433292
18471,47102550.28135215
18472,95857248.04384151
18474,85280222.08469953
18475,105265637.8898779
18476,69586585.14095668
18477,103840135.35103682
18478,39032405.53779462
18479,82426193.76769294
18480,151264216.84274465
18481,87781079.32397908
18482,84758745.39276788
18483,154406482.87785432
18484,85272380.38609852
18485,60346162.78264714
18486,58746497.86727115
18488,88642380.00961658
18489,95423236.55814211
18490,76314364.0333232
18491,74557675.51508723
18492,57716898.02912748
18494,108364293.65496492
18495,344352830.1546042
18496,58802342.52583165
18498,286311892.40260595
18499,196583221.84327078
18500,91326304.98686737
18501,38621719.083259724
18502,263169241.39621633
18503,94030195.76318033
18504,60185368.70219514
18505,103798479.1442881
18506,54828903.27330509
18507,175184432.2213239
18509,166443696.58098686
18510,66126496.92144117
18512,80105908.36183792
18514,63593210.9431047
18515,48200835.531546324
18516,37420968.19581917
18517,145490751.48814312
18519,76453723.84240586
18520,87008429.27518849
18521,77493596.02474502
18522,153776509.10975355
18523,66697737.879980914
18524,193995150.73569548
18526,46633730.457173325
18527,217850073.94963223
18528,53352837.33033096
18530,171560672.3367586
18532,234874432.64219368
18533,90187141.80557434
18534,42802524.002109416
18535,127709661.68124479
18536,143868318.04810604
18537,106181306.46147197
18538,44736907.38493066
18539,86326630.07055974
18540,59271853.47612889
18541,91152946.28600392
18542,93078209.03730477
18543,92574622.85070844
18544,58358875.211915515
18545,48463271.82453907
18546,81094759.96310426
18547,49356556.2466507
18548,147951415.17928702
18549,48428855.26245012
18550,71745055.844502
18551,186924252.1740899
18553,51359370.78828176
18554,71481337.67028475
18555,59472581.62513894
18556,67682785.6174645
18557,72217006.30232951
18558,78414462.92898986
18559,79706223.38951102
18560,258475823.53808883
18561,127252262.54726443
18562,214720447.2748626
18563,66132574.130121484
18564,90171350.88244504
18565,212452203.85077876
18566,157454336.90402392
18567,72474665.38385367
18568,142310965.0146637
18569,66151112.147714704
18570,99701337.90657674
18571,96081292.55450842
18573,125930230.47537903
18574,80128926.66615956
18575,134150256.50263251
18576,73625747.85932694
18577,42688444.50178397
18578,106522550.62065534
18580,269270251.84244806
18581,92771653.30368714
18582,178923444.82573563
18583,96659865.21311255
18584,180592897.9432407
18585,95485674.3550284
18586,197771031.235107
18587,63765418.287854
18588,85676289.74705982
18589,76311351.45676439
18590,77651796.60641612
18591,153812926.12681714
18592,59535204.14084145
18594,124490995.8211845
18595,129069155.10641345
18596,67105160.08038046
18597,37261062.907782264
18598,40795284.18677493
18599,93413097.5722469
18600,37005758.83551138
18601,80162266.14769904
18602,43110078.55984353
18603,64885143.300469086
18604,102293175.7823979
18605,111186121.55244963
18606,260481623.5744654
18607,73717865.28003095
18608,75739990.37554197
18609,148278344.6724192
18610,56963431.18310022
18611,112721350.3429839
18612,55220555.86336774
18614,47049473.43203783
18615,225748916.185781
18616,152593862.23158824
18619,107495804.54948032
18620,139658048.79645097
18621,34014752.76512479
18622,241786704.7065552
18623,150350946.19634527
18624,128137882.33063537
18625,64447303.89295643
18627,59326037.35858929
18628,85721082.41714506
18629,74431793.21082377
18630,55890714.03002792
18631,75628993.03855467
18632,137785736.5445265
18633,75696617.37185892
18634,296619904.5398709
18635,69825835.49231286
18636,293761393.4024864
18637,62367562.116178565
18638,76865675.3736014
18639,106875383.38848516
18640,69142711.24824366
18641,129902731.91159779
18642,230404638.05191904
18643,226415830.3399723
18644,124036466.14316459
18645,111921055.88992187
18646,99560485.67662601
18647,75270181.33100308
18648,217690048.96241337
18650,49046807.160736
18651,84884878.20660743
18652,161146613.60996395
18653,53870394.298358016
18654,70669070.79172736
18655,60932464.92831518
18657,185298094.98440403
18658,63850409.79387868
18659,71591841.48859257
18660,68791189.49496128
18661,38782295.791213706
18663,55477713.60786253
18664,103870619.84606954
18665,102127590.43498115
18666,91879793.45077948
18667,80545321.99126768
18668,79870639.57444705
18669,111956236.92686172
18670,144444566.7239652
18671,47555434.53650457
18673,85026249.85783178
18674,39706641.07355695
18675,68810380.93988681
18677,95980919.79507771
18678,135401027.92628565
18679,65588951.19156924
18680,101582035.22397041
18681,76696464.93332998
18683,34436240.33847487
18684,198469986.21619904
18685,88307530.90186138
18686,342144851.6237219
18687,104141879.02895704
18688,295895610.93081194
18689,51264975.261862166
18690,77172610.4438731
18692,65080527.62465093
18693,158603017.4987976
18694,69729211.04815695
18697,62965185.22931715
18699,83381603.61944161
18701,64936979.78235867
18702,182758240.74368685
18703,66280840.63202602
18704,56098767.678419255
18705,259677430.9215629
18707,211373484.89529353
18708,62821220.71879318
18709,68028954.87215976
18711,238580861.5999992
18712,56204356.583628625
18713,254229706.49750182
18714,139536601.19422984
18715,80042387.07267724
18716,147289717.92377707
18717,60846757.26237506
18718,86040774.42770785
18719,100346557.55063343
18720,108051363.33774988
18722,77229125.53936337
18723,211259728.5082242
18724,235239979.70964804
18725,46897133.13375348
18726,68823948.9802006
18727,101080398.6435794
18728,40201227.54237847
18729,108062025.89616136
18730,99570460.46909243
18731,93748013.23468609
18732,80105483.53542271
18734,100841482.97256248
18735,114076769.75821804
18736,84799172.53846587
18737,85092318.31003144
18738,58935950.302709684
18739,46874312.72893279
18740,55305986.72086132
18741,77182212.15095195
18743,66835020.77507881
18744,136249983.41806853
18746,101090088.13075301
18747,52379681.997283995
18749,89817765.39203651
18750,279544322.53362894
18751,88632416.2507819
18752,54004057.35915847
18753,247404365.57750812
18754,54087311.91046058
18755,186011232.47278187
18756,52867172.020942636
18757,59942226.65878788
18758,159038613.77925798
18759,73368713.59131573
18761,107163937.104689
18764,295971214.3639261
18765,85691531.63519931
18766,229887650.14074403
18767,164283733.51342937
18768,69973405.31770335
18769,114460797.47610243
18770,82642629.66034582
18772,58327481.67294468
18774,68415030.44853207
18775,86464695.89960612
18776,47093156.89884554
18777,65813546.95332481
18778,80684458.27900705
18779,80729324.73576483
18780,51270131.01064655
18781,64906948.75095834
18783,106250600.98233446
18784,98255113.29281907
18785,85487450.37223694
18786,138311287.46194392
18787,100290467.5807566
18788,102439382.53091262
18790,49316312.33994996
18791,150755503.59432352
18792,93324364.7343548
18793,107785870.10091451
18795,59332702.443071954
18796,103604273.67335501
18797,118761882.68700364
18799,107675116.9374449
18800,74848014.55252883
18801,91395941.87789536
18802,55660784.527746096
18803,174959652.23981655
18804,54657169.17616351
18805,73727501.90610889
18806,217551202.6323487
18807,201351835.82820103
18810,57284977.631753586
18811,81741756.31446743
18812,237724141.45611808
18813,83334650.42803696
18814,67102615.31832488
18815,81657426.93989478
18816,203562579.3781625
18818,71420275.43773973
18819,68498929.33415423
18820,53029778.99229177
18821,64845273.574013
18822,99619402.89168698
18823,70328134.28354844
18825,72499613.94440427
18826,27643756.7571112
18827,346045423.15403736
18828,162416006.68342233
18829,57579712.36789318
18830,44518481.97267753
18831,68061086.36964841
18832,149187322.12544915
18833,53676996.38125977
18834,95702916.45254625
18836,104926001.44849965
18837,83876509.88245502
18838,83286350.69088185
18839,127059882.12318164
18840,114538816.7185073
18841,233664969.5481661
18842,123839141.01115258
18843,119634085.87439656
18844,91565413.10097839
18845,105947576.88243316
18846,89183670.50744577
18849,149621509.98995978
18850,62651518.42564224
18851,81056270.0596951
18855,124120014.41321905
18856,98448686.34930483
18857,109535505.31868021
18858,82144052.66054362
18860,72404479.16042605
18861,92716667.42132908
18862,120444296.09724623
18863,89156083.499885
18864,120075837.40811372
18865,61035925.32034302
18866,83317155.18077055
18867,57129346.767945245
18868,42833151.441098124
18869,141841630.1268688
18871,91176598.32582542
18873,27379608.308849636
18874,63295096.20211665
18875,85240664.73716284
18876,80702616.54923223
18877,202701018.05237332
18878,66468848.860614724
18882,58991594.16246907
18884,128332259.22400461
18885,102304996.76832154
18888,55669966.02667219
18889,53213912.165967904
18891,130211254.3976706
18892,94682619.95398587
18893,210308787.0560093
18894,68246629.67266724
18895,167593111.9331404
18896,66398399.11802864
18898,197143671.4775787
18899,56296132.401222065
18900,101966440.06948
18901,179435018.76513293
18902,75056454.3487267
18903,91437125.58373918
18904,45027971.47514658
18905,97262094.22745767
18906,64297293.7712107
18907,83382056.59575972
18908,55327497.42856025
18909,107061235.74508907
18911,118500374.77202745
18912,36038278.87653337
18914,61383762.47575055
18915,113607834.92666265
18916,93891016.50925478
18917,103054666.00557846
18918,115435782.63446528
18919,119300413.8960841
18920,177085578.42901856
18921,97609961.8184271
18922,95171814.56572407
18923,100285943.74355114
18924,96647253.17067468
18925,212444655.9576702
18926,52109677.02246055
18927,95970179.1377346
18928,78017638.90589519
18929,85171494.87974335
18930,212983355.10163012
18931,65626666.0949991
18932,111868839.79475383
18933,166620418.12144932
18934,57981960.47348593
18935,157804402.88283852
18936,137980447.19702867
18937,180360962.54027414
18938,215546996.85271382
18939,74953038.86676651
18942,95402161.89581704
18944,141686128.95321214
18945,99585508.88410069
18946,72065048.99299695
18948,53442727.13915765
18949,55065735.04704962
18952,61821186.93073088
18954,82686614.88538617
18955,118569392.85881603
18956,60699682.38654535
18957,87964733.88127607
18959,77648677.4153718
18961,89530192.28852826
18962,107747809.52695392
18963,83470602.06932668
18964,82668107.9200852
18965,185634192.44713858
18966,194206405.27987853
18967,134586611.8852803
18968,70509727.43530577
18969,60842702.03135813
18970,103628531.20955907
18971,84107395.14050655
18972,59208510.509342186
18973,68248308.23126897
18974,67718088.38398314
18975,55202154.22264336
18978,50431129.448309645
18979,44800732.34653811
18980,121578214.08929442
18981,110051006.23790535
18982,105042923.89612374
18983,65850244.78629946
18984,154916867.33084077
18987,45195190.30759184
18988,61465228.74333545
18989,63732646.488551676
18990,82032239.68076524
18991,49682473.00150371
18992,186751665.501629
18994,91030757.04386055
18995,83899765.81959134
18996,120304171.06328222
18997,164193178.63549653
18998,261524347.5322194
18999,95132499.39568865
19000,50353968.77096126
19001,85867674.37216528
19002,83420798.06280035
19003,143018085.4660986
19004,126963124.64552103
19005,65202760.73541029
19006,123245855.9264695
19007,62330775.271048315
19009,78850569.36079678
19012,65733959.86393058
19013,60673981.16230582
19014,51297535.944867924
19015,48813466.99384046
19016,90309053.4092432
19017,74014784.68176956
19018,106309502.98765026
19019,97096667.2175975
19021,63196998.755635954
19022,192753813.10691077
19023,52548095.06051384
19024,107578867.06488329
19027,114392917.14981282
19029,104287378.8818992
19030,70446004.78361958
19032,134570941.56033164
19033,241982217.60946682
19034,303371109.21794677
19035,184148436.58599842
19037,56251775.8265561
19039,69226463.06170906
19041,101555449.15423957
19042,78527485.94622886
19043,136327204.35268652
19044,132025860.66993701
19045,69923811.13457912
19046,45660508.051533766
19047,83267818.16965517
19049,45595657.30723284
19051,124762339.37198393
19053,90120206.82258429
19054,111019966.19225985
19055,48521290.46334707
19056,97124231.74382225
19057,173345088.68271902
19058,70459296.15482357
19059,68846224.63525912
19060,134185564.99752489
19061,49532216.33475298
19062,223078321.24882436
19063,252013258.66322243
19064,56876824.25461564
19065,68432998.6060432
19066,115126395.47842492
19068,71550867.47882324
19069,109689989.71991396
19070,249612035.0356223
19071,84181474.5386546
19072,92325822.2563822
19073,84787988.7061735
19074,54635230.29614485
19075,119917475.32914202
19076,51683139.09072848
19078,47906013.44294721
19079,70856745.42017311
19081,51162999.455109134
19082,79171533.07929029
19083,37716023.15321113
19084,65375007.463463716
19085,133369909.28558508
19086,80701070.45203175
19087,121362808.01523829
19088,82345878.93977454
19090,189866752.65637654
19091,112475022.94344461
19092,74373340.92463166
19093,47565878.3781303
19094,74437921.02641149
19095,78252376.39325869
19096,78380221.82139048
19097,169943132.81583577
19098,120244206.9856033
19099,80216583.804277
19100,110637910.71772578
19101,48290167.62570431
19103,139388687.11054704
19104,121012776.6873065
19105,87197489.96651922
19107,60073041.76067393
19108,102997536.70262645
19109,84615520.16676363
19110,73672033.07524842
19112,152881108.17506555
19113,167437558.3419816
19114,65204236.566909224
19115,69795843.4739704
19117,35969950.10342842
19118,57841052.292595804
19119,105407207.88529581
19120,98652413.15673009
19121,84929204.1048785
19123,46085219.88317904
19124,138943714.88956204
19125,51572164.46642868
19126,155809435.48918867
19127,73260185.89644304
19128,79041680.84965377
19129,69147636.33882508
19130,255112788.47945637
19131,61384977.149074525
19132,63283987.70377781
19133,61796658.80328788
19134,121847610.00550756
19135,58969037.14014754
19136,105933759.89947413
19137,82733738.19691586
19139,81673208.42016095
19140,101887042.9379018
19141,77627900.56997253
19143,55236949.3546953
19144,72924588.74710792
19145,49830602.855235405
19146,127870308.72693473
19147,122878726.6631726
19148,79343004.22865678
19149,183726577.03787243
19150,102307629.78691724
19151,113302135.06905636
19152,166412221.4513907
19153,184209405.50107393
19154,59310988.58877057
19155,94606437.41268803
19156,85001192.77646041
19157,70332178.4115382
19158,224031209.2520996
19159,90438441.6157607
19160,105366632.41917251
19161,79457658.89569229
19162,66194684.70113535
19163,158442688.8356969
19164,111270632.0516086
19165,104268800.14139494
19166,103103864.82351185
19167,103304387.93172967
19168,67014059.89315193
19169,56511500.86093105
19170,146475861.82694483
19171,123598224.89970715
19172,64557507.87348741
19173,76385938.61251357
19174,132913899.75698249
19175,95864279.98985669
19176,98376596.67034657
19178,57941341.22781898
19179,43126647.1443319
19180,100607997.71879464
19181,69908009.55672953
19182,123598527.56511831
19183,214175059.29398888
19185,214421201.0479099
19187,91169887.24585971
19188,86693278.54751006
19190,95823385.65785699
19191,181029806.78431386
19192,56424153.622235596
19193,88269437.47886398
19194,50272118.64118505
19195,51164279.852528
19196,108110615.1543608
19197,68850867.1757649
19198,78757158.80031191
19199,107965629.62851286
19200,141453058.78615522
19201,102155428.09989926
19202,134823876.9674268
19203,57257353.32382149
19204,150130122.18040407
19205,61230148.12500601
19206,81063428.61844316
19207,94647638.20057233
19208,101951104.8921544
19209,68930160.81872654
19210,68160724.3751261
19211,203923426.9835016
19212,90738288.36330926
19215,83629631.46872115
19216,104227051.53316243
19217,67800397.93181238
19218,145575353.45432276
19219,85200740.20976652
19220,47428097.887755066
19221,66547284.178032905
19222,79209832.94774455
19223,124385308.469165
19224,28825541.234725244
19225,160992320.8677367
19227,260689365.09299183
19228,114572783.09314999
19229,109021611.08134559
19230,49240126.599876225
19232,142903203.51701432
19233,58574823.0853323
19234,134483544.977387
19236,73056502.77278635
19237,154913967.24311697
19239,61870152.06900099
19240,43492459.38657075
19241,76690507.48587555
19243,104130413.94344833
19244,108407632.89927001
19245,102850965.76302178
19246,75390804.11090933
19247,192875550.01942617
19248,128675967.48232386
19249,84594964.4422837
19250,90270541.36241958
19252,101465551.56644568
19253,68533138.08576377
19254,109381014.03567255
19255,67066193.33896703
19256,85915304.1048008
19258,90506092.70675664
19259,83644530.73663758
19260,158874776.1685859
19261,132950870.96512121
19262,103073807.73736054
19263,53096787.78017974
19264,143370093.19397643
19265,232444852.63153026
19266,119200550.89707294
19267,107882482.60299759
19268,64554271.8948826
19269,70931926.91821203
19270,122867574.96786408
19271,159911345.05453536
19272,41741698.61251674
19273,69841834.97630206
19274,63648955.01490533
19275,66267414.22741141
19276,52745473.507615134
19278,84019361.77821647
19279,60111274.9969808
19280,49051429.30836893
19281,90758092.49931403
19282,76335519.01601902
19283,91985670.6748218
19284,51725605.07206057
19285,48294787.40974583
19286,177897464.8379531
19288,46972584.087788336
19290,59592125.88047864
19291,76581313.93488342
19292,56039902.14010249
19293,54028120.28716986
19294,65211306.03041449
19296,105419983.43240458
19297,107767030.72291718
19298,80351129.52047381
19299,81277781.22875178
19300,71368536.97231701
19302,79826140.19711113
19303,58942282.97360368
19304,86059988.1849576
19305,32219932.93684998
19306,63776457.381385475
19307,111087025.57472837
19308,71948188.48939553
19309,81620641.48404719
19311,60948289.71207501
19312,117731167.67895767
19313,50617602.844403766
19315,62233642.02956097
19316,105589555.4628455
19318,58741875.79616282
19319,60795360.1299414
19320,213215949.43504447
19321,67327745.1847645
19322,79413843.78161445
19323,75473040.24594775
19324,76160792.27786607
19325,77951195.16863742
19327,102149928.71084708
19328,160747376.48001826
19329,106171056.15514693
19330,75559519.67297934
19331,89773939.35866754
19332,162624090.58606052
19333,65957231.01464309
19334,106759118.59513777
19335,139946110.32205933
19337,105730826.92545326
19338,164239489.64137387
19339,66407551.73708376
19340,156379721.52165985
19341,115001034.89789687
19342,88727483.64164548
19343,83055112.2549361
19344,65191186.65914101
19346,172242334.9951093
19347,335801325.7139597
19348,76211054.36439443
19349,136055854.53417382
19350,162510693.6128967
19351,65253077.182941414
19352,185001634.7460663
19353,69500523.48805259
19354,65304709.26610916
19356,104280651.05694649
19357,57964168.809435464
19358,99971454.33699782
19359,49059006.521572106
19360,116410118.16490738
19361,61512563.247885905
19362,114430418.58004878
19364,64482113.31927025
19365,89191246.78917079
19366,55199579.60398572
19367,89591013.40996963
19368,216280169.96620235
19369,83075698.44048075
19370,69871397.92259654
19371,70144741.85935755
19372,53373812.84302964
19374,86482267.64788148
19375,107227924.69748257
19376,171823292.14473233
19377,100631417.06853054
19379,110587661.09519964
19381,43478734.1579485
19382,73205909.04728067
19383,79942505.37469107
19384,59819659.44796861
19385,193804245.5319784
19386,92322821.59140591
19387,115593207.23720673
19388,126063054.10287215
19389,178516550.82875463
19390,116823876.43767169
19391,118627711.89908467
19392,135398213.58953652
19393,214026891.70751464
19396,166277263.79173768
19397,168091313.85834697
19398,117671048.073029
19400,107657168.24030527
19401,67082136.55503595
19402,261173348.32886976
19403,91294923.27284276
19404,44241702.384862326
19405,211521416.4767459
19406,72235372.01205699
19407,58509184.98985466
19409,98685745.49108452
19410,65507410.32775566
19411,81607217.16478553
19412,99756423.79483706
19413,37699455.66145898
19415,113585324.29547602
19416,166051047.21906582
19417,98730550.0244836
19418,92657724.89196123
19419,98618923.61478427
19420,85509321.62582865
19421,55845966.089419216
19423,108529966.71276502
19424,98462603.77180462
19425,56406751.45907964
19427,115278895.77043861
19429,171990530.2867195
19431,109871967.04785326
19432,103069169.73783109
19433,42018374.48962173
19434,67783074.67697597
19435,132476566.44881208
19436,289540212.82405424
19437,49116508.591177374
19438,84289772.35163027
19439,122854892.26441602
19440,54390696.57038331
19441,112630559.96146743
19442,55778734.98682139
19443,95608725.31344262
19444,70537558.8921694
19445,74364288.34906836
19446,43109429.07926151
19447,165574722.79293105
19448,69583420.13526046
19449,293123052.5453804
19451,188183859.90889236
19453,77436121.69033873
19454,80275128.72032446
19455,100621409.63921475
19456,251705694.8447634
19457,127384917.7663815
19458,58282340.75514928
19459,73318583.77787204
19460,75927542.47460425
19462,99725739.27191389
19463,53301094.55237363
19464,252300211.42918795
19465,106412890.25512134
19466,93977151.62801135
19467,128989581.8394725
19468,56038472.33087703
19469,146736553.75924692
19470,72806147.5863929
19471,61125008.63672501
19472,134518446.00225806
19473,110139005.22316484
19475,96035898.85231134
19476,107455027.0147194
19478,52266857.50802969
19479,258190801.03569987
19480,47209234.780045725
19481,115265021.62596738
19482,52796995.98592378
19483,125379405.37118432
19484,113750429.36412475
19485,37748340.06956269
19486,117895512.58375981
19487,186127718.05725414
19488,212248448.392729
19490,54093983.87113386
19491,96276029.17809542
19493,157277609.41151595
19494,107179866.35441884
19495,124355278.97112566
19496,61421502.81866203
19497,54043386.72845815
19498,50510605.520888165
19499,93237176.96180966
19500,74531293.75447065
19501,116095097.24046375
19502,74248579.82603958
19503,70810782.45026915
19504,45545387.480481654
19505,77796645.39436942
19506,80613495.57326116
19507,100309889.8862022
19508,81357549.74249697
19509,207419506.00116304
19510,84946086.77571183
19511,81844276.23876134
19512,86127124.21608227
19514,349830620.2211398
19515,181803141.85121644
19516,72112493.22564662
19518,47198040.065310985
19519,80292020.03598683
19520,64214050.837853834
19521,50682220.7157576
19522,101693630.72379504
19523,105068610.99815172
19524,34655297.01740867
19525,78736870.3928079
19526,51631571.82695185
19527,66481981.99865859
19528,89697630.42914347
19529,88452596.616356
19530,81781803.32484935
19531,118842036.27608584
19532,170393413.45733255
19533,49468209.59614296
19534,343419273.7574769
19535,175845727.21768767
19536,78905321.18739268
19537,225423987.11037025
19538,61336384.35736337
19539,42402043.562848106
19543,73475523.66400409
19544,88440597.60997884
19545,146943151.0526839
19546,144873146.5615968
19547,234207981.56390774
19548,55298350.50326017
19549,62974710.312810086
19550,78299845.78353788
19551,39003341.4078988
19552,48236534.17070384
19553,156769073.26478034
19554,89476600.71593872
19555,97194069.15655425
19556,130259571.1662332
19557,229251300.01173854
19558,58016850.87318361
19559,59509429.828009985
19560,291480431.5753589
19561,128780236.58059688
19562,103181669.76649147
19563,41998954.670174345
19565,36752302.31768064
19566,38305307.16407525
19570,92738299.14342116
19571,198230834.53380096
19572,145022952.21884108
19573,52684403.0641299
19574,67372465.02897899
19575,58998179.15067956
19576,97741077.71949615
19577,35625719.31220816
19578,90495639.31398067
19579,41630584.504132465
19580,159085124.38752663
19582,67385550.32393356
19583,57395687.871617466
19584,79633674.05989023
19585,130545813.9823657
19586,72764577.98674776
19587,89795120.40287858
19588,94614598.27939235
19589,104633302.58249499
19590,100303902.33212812
19591,104128331.08448967
19593,40481152.14948484
19595,220445869.48559555
19596,47643286.093041405
19597,127805667.1274037
19598,226155944.81486166
19600,197059803.03706035
19602,97903267.65326488
19603,107018949.37183776
19604,56716819.55401665
19605,91287234.60769975
19606,292945932.281194
19607,102163763.04804593
19608,104927441.1220794
19609,155356443.4188253
19610,166110119.34837818
19611,72590115.4615837
19612,46931336.66180146
19613,153508618.31756267
19614,46515424.383912586
19615,61031902.226455934
19616,89958180.19997784
19617,62120691.052169956
19618,71539500.59306131
19619,167013542.6202383
19620,231934131.8949383
19621,140664320.92918983
19622,111608099.14122382
19624,79020946.45185995
19625,203644911.90746316
19626,43317969.105025366
19627,61851001.09760408
19628,41408110.17914159
19629,66314245.10769714
19630,126107254.66266522
19631,101549299.65929283
19632,120894240.9488597
19633,70062552.26289175
19634,43895797.03443097
19636,53148727.789629094
19637,91758620.56848152
19639,71743863.74266794
19640,34770714.407849476
19641,80980715.45577104
19642,97715954.6447182
19643,41390627.88744295
19644,76097675.23574525
19647,151768693.02076864
19649,118216901.89878535
19650,154814215.5695794
19653,60858991.38603688
19655,78712987.0114313
19656,91191540.51835507
19657,71590544.10048467
19658,119960592.88733721
19659,91589378.30899271
19660,47767818.9151973
19663,109151213.98415038
19664,102088221.46826884
19665,65205052.750855386
19666,73749483.03909728
19667,81158978.99645159
19668,182821777.6383258
19669,95979195.73718277
19670,180670184.75058222
19671,67829161.10897732
19672,74623644.26573999
19674,77869193.53533825
19676,94544994.63552395
19677,162992175.32273805
19678,59526755.71599303
19679,55920894.039293945
19680,116412080.68296793
19681,156313271.49414265
19682,84154529.23876034
19685,114043311.65984204
19686,72434866.85321964
19687,108841577.31640758
19689,63036923.09644698
19691,50235585.649875104
19692,61904446.405211374
19693,364040996.90690684
19694,85140466.12305671
19695,196555089.38923424
19696,107808224.25235476
19698,80384342.29562616
19699,188651358.03851673
19700,113818631.4068078
19701,89117193.63436832
19702,84880603.77878822
19703,107727499.28280304
19704,163319014.32784688
19705,131301703.35246836
19706,87673505.49228342
19707,76076513.57778485
19708,149440092.85254842
19709,51446958.28302014
19710,208517392.07376364
19711,89074016.67438594
19712,111791129.6704549
19713,80660679.42857857
19714,140906515.59394482
19715,105610084.18061341
19716,79931123.899613
19717,126972675.2038005
19718,108602047.72104514
19719,324271783.1465347
19720,83665719.11708614
19721,52638625.32394593
19722,225914669.68749884
19723,34601627.36133726
19724,69039827.03107962
19726,65922338.03343936
19727,114187826.29106764
19728,60768709.73298992
19729,287492860.72547877
19730,125050269.43841952
19731,102460886.8573093
19732,246944051.44659618
19733,53308676.42330135
19734,90927793.3022657
19736,83462055.29411885
19737,142780443.98352325
19738,48293830.98467702
19739,112032811.60221726
19740,133065424.09050763
19741,60065076.62763574
19742,58709931.02232428
19743,74269613.8113448
19744,28918455.614035897
19745,80614865.66609465
19746,113848812.22667351
19750,45189981.71418676
19751,111796952.82243127
19752,59693700.05313539
19753,205492096.9017
19754,109318318.78038085
19755,114128567.79447627
19756,65745922.45333157
19758,94704185.58316258
19759,99068527.00141378
19760,63220229.37111128
19762,189545902.32638195
19763,49789923.08428845
19764,113611910.7371407
19765,58928099.05677554
19767,108396669.53697672
19768,129743857.17812076
19769,62369587.42888981
19770,52313976.561873674
19771,203921664.37865505
19773,65352437.10516294
19774,165743191.7016017
19776,135310155.8609992
19777,109944735.94071163
19778,45861267.53662379
19779,98303312.23320597
19780,105549059.5606601
19781,98218548.60590409
19783,153881219.89705056
19784,67574844.08905508
19785,89710142.13040075
19786,235413000.89736468
19788,50298690.67511638
19789,89080278.28959355
19790,84853150.10057473
19791,76219281.81279153
19793,54082068.753163874
19794,58321265.781676196
19795,165812237.42082018
19797,78777299.99590017
19799,76199326.25300905
19801,112979126.05124831
19802,89433039.24125277
19803,82119586.54341406
19804,119744697.65939358
19805,132004834.95635179
19807,107427828.39210658
19808,42797217.54792252
19809,186294196.14410928
19810,50413627.89908629
19811,123056675.53187257
19812,66465646.72570698
19813,172755335.14969856
19814,139320742.38720313
19816,82610641.20587525
19817,140895834.83325946
19818,106506197.10136154
19819,72123051.16227458
19820,48603835.67153171
19821,82820181.60432401
19822,139601751.92823008
19823,105886115.14417075
19824,84297132.57921042
19825,52886019.09235724
19827,57838599.69965365
19828,101252176.93176706
19830,90938849.29741505
19831,104699124.0848358
19833,106707552.63206127
19834,92939570.06956008
19835,71133453.2264338
19836,114373200.02641422
19837,100071932.98101968
19838,204338247.0518606
19839,96080716.98824461
19840,75673219.90073766
19841,380171095.9818507
19842,60113009.98396966
19843,64241542.64645302
19844,108678211.07058138
19845,56852071.60623963
19846,181209422.11325097
19847,190741951.6754936
19848,114851526.10955946
19849,85786926.0934107
19851,111990185.88706979
19852,89516378.22703902
19853,51756297.07248191
19854,102815986.21601775
19855,114751562.51014966
19856,72686948.80617712
19857,70492683.681263
19858,203453477.99343178
19859,110272126.3956472
19862,105273234.22527236
19863,86085223.39093734
19864,111997969.80087776
19865,195941160.8662181
19866,153411560.39584106
19867,89089615.22068264
19868,80177172.7681081
19869,62491249.1465926
19870,84231871.14370733
19871,51287678.33570729
19872,137040352.6190486
19873,167475838.2815157
19874,119645019.98847476
19875,80832547.0701073
19876,98661039.18764213
19877,156025416.16340107
19878,91419052.50504418
19879,68758376.709743
19880,65409080.81399137
19881,63310811.906749874
19882,61182348.78774447
19883,51504317.50281549
19884,270595636.8606248
19885,108865271.99706253
19886,64881494.06786602
19887,43794207.973855734
19888,52228050.94391076
19889,82032217.16485989
19890,108664973.35761254
19891,153097821.24063072
19892,36063911.76362167
19894,66093601.49333785
19896,106829426.73578589
19898,73649931.4694832
19899,210779681.26720247
19900,49406350.521949835
19901,51160865.404512696
19902,179357889.20913774
19903,106366516.57312565
19904,113590849.61665514
19905,130168158.4596682
19906,161722016.43511596
19908,67723297.82442415
19909,25019603.376083907
19910,35497127.84581898
19911,133090249.02225628
19912,57236042.47951254
19913,89451320.38627955
19914,142523181.16139576
19915,70210093.84024586
19916,105281866.16751543
19917,106873617.82182348
19918,86407014.57320887
19919,70206174.74584654
19920,58916133.53809047
19922,89340820.297361
19923,231353042.95051548
19924,138812512.22389713
19925,49176560.152233675
19926,35071546.136260174
19927,160453938.00483134
19928,159094356.9919918
19929,58982247.72156042
19930,156088152.48081583
19931,55542630.66948391
19932,106379603.23273584
19933,86646927.1741676
19935,41473105.07965038
19936,88119924.02034895
19937,75101894.69770741
19938,92516253.00218752
19939,50474935.60673542
19940,89816377.71381097
19943,107420185.89942047
19945,144416840.17474574
19946,67305363.87607534
19947,91524139.39265086
19948,79922874.6941513
19950,46875224.91746895
19951,82806121.75125186
19952,72031087.83347502
19954,52701140.64959645
19955,67211610.05251591
19956,71082001.5901861
19957,73693810.71723008
19958,92055866.50515881
19959,79207445.66619013
19960,102153145.20546821
19961,50740237.947286054
19962,87341621.7354019
19963,111522096.69167733
19964,85095347.82073441
19965,58622984.366992325
19966,105947224.87491602
19969,106845953.54829514
19971,37062776.6218654
19972,95178079.66504455
19973,66925237.87725493
19974,55243000.12841159
19975,76116760.04620768
19977,198899072.95660943
19978,233464667.16225326
19979,104144891.007961
19980,73998850.26816553
19981,151744915.02438855
19982,112821553.56009644
19983,171758717.64279485
19984,48110810.35688216
19985,82217224.73414719
19986,169101953.6750706
19987,275384458.1459314
19988,78265317.17309044
19989,73292108.51523286
19990,46666397.98884455
19991,132173257.5247843
19992,66590130.253170595
19994,52350888.276871875
19995,223484525.92546755
19996,94206484.60844383
19997,99125585.40294519
19998,132360171.8494316
19999,43827135.87128
20000,60217382.97802168
20001,159091052.26151124
20003,49120075.23221779
20004,70055361.24048278
20005,74175880.21425486
20006,101359880.5109523
20007,125517901.35829847
20008,89641601.62842245
20009,118738079.20912799
20010,74246012.91995257
20011,111843173.07462443
20012,85239420.43502416
20013,80278179.12272368
20014,54791746.147446565
20015,53141611.12205733
20016,95625013.19496833
20017,60252152.80807023
20018,63024620.87662635
20019,121899323.19226113
20020,47199920.09325409
20021,52422175.871763885
20022,57567639.09629305
20023,167994650.6276644
20024,166517406.69702068
20025,127907735.8869551
20026,74699374.23526786
20027,68999255.31333014
20029,250748162.52636924
20031,161802197.91920704
20032,45868626.24900626
20033,112285404.51307788
20034,105304326.08238834
20035,194314844.02083546
20036,67148388.52230862
20037,81934998.39113335
20038,293248656.9161507
20039,52319871.37755899
20040,120380969.25862023
20041,34797350.632288456
20042,105774960.25029352
20043,132277907.69501679
20044,53986492.86848669
20045,111030848.21126784
20046,124051078.17602468
20047,44518969.89419502
20048,65662229.790645406
20049,99391653.71481748
20050,71229498.47127564
20051,65303918.26156172
20052,98248035.65497588
20053,46182319.21502082
20054,120052315.68827747
20055,70706623.95262733
20056,83185378.32288039
20057,71642208.98555009
20058,113123527.28494182
20059,56861186.28113197
20060,122873082.97876859
20062,61840902.0680359
20063,73379466.90928675
20064,48521764.918287806
20065,95590744.60846815
20066,65335633.515521035
20067,156675858.389257
20068,51197960.361964494
20069,81415740.8271972
20070,100234545.16007906
20071,58199248.02997804
20072,187528602.7149555
20073,70154543.67758118
20074,56569765.629211426
20076,93935588.12129878
20077,86779735.04559918
20078,271289290.34144574
20079,205603691.57709533
20080,128678860.69019781
20081,52799035.83479506
20082,106423008.54425299
20083,75855117.73117884
20085,51354634.34596797
20087,105519752.95671214
20088,112354838.34704241
20089,56304095.467593
20090,43835593.233515576
20091,44091175.59209581
20092,69628103.65848231
20093,63916263.93147181
20094,102819394.93245469
20095,94961749.62162524
20096,118079081.41528147
20097,73057010.20945531
20098,51099157.449169464
20100,66645408.848997295
20101,79675185.39752416
20102,51185576.67196418
20103,111468562.05193357
20104,164045543.10244936
20105,37929271.71195517
20106,116569248.86294714
20107,41567256.1014344
20108,167153236.04664055
20109,83041801.9364478
20110,97686969.65495467
20111,46103407.365326695
20112,71587171.79034644
20113,49364409.82584953
20114,126704479.8249623
20115,82548787.71352538
20117,88838454.4189112
20118,218634073.30006793
20120,95652049.23296425
20121,81321893.29935312
20123,100278062.3876355
20124,48222760.6325565
20125,174773042.0666266
20128,152432583.83584708
20129,77447719.34827232
20130,133944224.86786735
20131,38351481.30342029
20132,96563988.43708062
20133,52861735.090953976
20134,142973347.62654603
20135,74371699.64750758
20136,102199193.09394766
20137,87160083.94568112
20138,96046452.18787158
20139,66928467.10312553
20140,54953306.8870341
20141,318510174.06413126
20142,131821467.0307342
20143,140129098.60191903
20144,55402455.025739364
20145,117395617.85583632
20146,97135383.84407923
20147,63618956.76947094
20148,48009124.71634749
20149,115111289.86432669
20151,68783460.33969702
20153,92825910.69328555
20154,84130176.32971284
20155,51457122.3021066
20156,59828519.13913843
20157,113935371.25297198
20158,90086054.31487079
20159,124397625.59327969
20160,131542136.1706073
20162,48776062.5833177
20163,76728915.55323094
20164,146142066.66427153
20165,81500478.00145137
20166,59373830.314094625
20167,74747127.71739142
20168,32639538.250943944
20169,42513959.38303981
20170,123284603.60682276
20171,66447355.113611765
20172,181775177.43388087
20173,82382185.923507
20174,231351361.37454164
20175,181967073.3172248
20176,134216077.7476494
20177,120543775.68080273
20178,75613060.13344193
20179,83246171.5512514
20181,78682138.89312989
20182,183803563.0515798
20183,88787242.12411603
20184,120921466.99775848
20185,128218393.11208355
20186,72630604.4921269
20187,135835139.73737073
20188,56297854.8628104
20189,121109895.80695729
20190,64865466.11479391
20191,134924678.4425511
20192,49197394.63286643
20193,56127622.12041689
20194,59732421.07121895
20195,128090294.69037293
20196,105300678.78257939
20197,115690756.47244973
20198,89892964.43057159
20199,153512395.9371701
20200,53686324.781318024
20203,73676498.08164954
20204,91554291.8479972
20205,173636243.4555253
20206,143411521.15175128
20207,82926123.87274216
20209,215947399.25231606
20210,100113595.29019602
20213,56837642.44358523
20215,294506336.25307286
20216,86806413.09792705
20217,81188347.24578612
20218,54078124.479901716
20219,170652092.32120383
20220,334337629.32554436
20221,105325581.43256237
20222,115906462.09177732
20224,80435299.60509613
20225,34266826.39966919
20226,156677700.28979254
20228,103389530.04914057
20229,212656688.98996326
20230,59081459.18257048
20231,78178767.20815228
20233,99019111.0349513
20234,146383785.56663007
20235,56373569.744487375
20237,84018812.63668188
20238,90108906.2582472
20239,68663818.96923788
20240,54313264.05259535
20241,388306219.15723956
20242,189979695.22800833
20243,104240768.56242025
20244,190771900.61608648
20245,54089327.94731004
20246,109166636.46251518
20247,107309468.91166404
20248,125816321.96942624
20249,143853228.88761175
20250,133274885.25948055
20251,61650377.734972015
20252,84775167.21100932
20253,57045617.13466274
20254,84618974.15464574
20255,86554487.32445274
20257,87140936.54238263
20258,62188364.0129908
20259,129123896.27709489
20260,249394357.02010992
20261,67879969.06209384
20262,53395408.21238968
20263,84586239.75329146
20264,46334723.98620588
20265,122309968.3372958
20266,104003948.50865594
20267,234208494.4321948
20269,202500558.03097463
20270,78142146.1064962
20271,35545832.461019054
20272,57476878.45856066
20274,194170887.70901674
20275,97878104.25943793
20276,100165849.05847037
20277,70872562.52124289
20279,62545857.0827484
20280,62719421.594567575
20281,82132668.7317334
20282,114116772.8954354
20283,120302937.0691878
20284,148539344.80405915
20285,37871967.40965073
20286,122639454.42896208
20287,210599872.44578868
20289,46579975.863702826
20290,98574203.09114623
20291,48766031.27432306
20292,86952893.27856892
20294,82066607.60223761
20295,121805153.36233878
20296,49284152.63570481
20297,68645548.72888002
20298,80900265.60918215
20299,64702406.044044346
20300,44405006.149712846
20301,71631678.17819524
20303,114009536.2921901
20305,88420982.64245693
20306,97405751.42001402
20307,142746567.81779668
20308,85305520.0218906
20309,47985157.26261184
20310,72546520.1556415
20311,154690402.0080246
20312,102351753.12195188
20313,140780922.5704376
20314,65632254.64993149
20315,71676722.78300369
20316,112230571.44155495
20317,59773320.616422415
20318,112086269.79876032
20319,113070112.20324339
20320,154333211.35517484
20321,50626179.55726452
20324,78803272.29734191
20326,161229733.83370772
20329,113763671.62406659
20330,181973321.83874026
20331,181317412.2109093
20333,114740255.75902027
20334,96611698.34803358
20335,83376470.0961323
20336,47990297.087263286
20337,36965744.46609491
20338,186559968.1237526
20339,108863374.47966382
20341,116382616.61187989
20342,158640763.1561299
20344,218938748.41330284
20345,140351659.18381768
20346,102699766.5145851
20347,41833820.427505605
20348,89320145.44758204
20349,120809644.96135685
20351,52852006.65858017
20352,103743946.63701132
20353,67675787.17405674
20354,92961307.63661617
20355,41551813.26706593
20356,104608494.91733186
20357,111047347.80376534
20358,102197434.54102679
20361,28167721.903053083
20362,98532588.74982154
20364,117044604.93172362
20365,79994961.90054828
20366,139285906.1180858
20367,69742995.07798341
20368,68524039.95835647
20369,74590814.3093285
20370,319672996.48174125
20371,59373354.871057615
20373,58877259.016525686
20374,60985253.95882571
20376,214912237.30075386
20377,88058661.75914025
20378,153756197.4949764
20379,70950541.55707006
20380,77283232.40727521
20381,124605752.1400544
20382,149883494.10559738
20383,194488105.04757226
20384,92057551.07150218
20385,43269947.74206959
20386,66180096.67667462
20387,55032131.87107993
20388,82215308.11187485
20389,152480724.66229934
20391,48084689.14075714
20392,204004732.47097573
20393,147879331.76222602
20394,111879938.66941482
20395,70104138.3699316
20396,88988136.93106137
20397,80646355.58417276
20398,90016406.79154177
20399,112143437.67035079
20400,144402930.28242585
20401,137813760.21656683
20402,52677913.984061606
20403,51226485.62659655
20405,130464305.9920539
20406,46268300.08463238
20407,85077791.5695632
20408,73388637.84414977
20409,102966492.79398301
20410,49944026.000124216
20411,61938908.87686691
20412,137158381.64528635
20413,88829214.10413885
20414,85770208.07662047
20415,126247895.03550309
20417,40884962.96750748
20418,76548927.4572346
20419,57780988.36171051
20420,32017864.098598834
20421,32991110.308988046
20424,114119833.78932098
20425,136043391.3261198
20426,142015534.87706107
20427,140159690.4606409
20428,42050557.0338394
20429,76134963.19948144
20431,284162258.59744114
20432,93281107.15400478
20433,86772239.65538234
20434,146689252.54563558
20435,255804837.2262651
20437,51171146.54036099
20440,77693670.53853235
20441,231210247.2189589
20442,246295435.42075694
20443,85487250.98125954
20444,60464690.32845332
20448,84201853.88928917
20449,94890178.59220906
20450,77667227.71072479
20451,58579852.69132806
20452,50552819.13572812
20454,186984077.3048441
20455,45687194.09283017
20456,95367526.2947847
20458,142861765.6653662
20459,59917710.40310268
20460,91269029.20762828
20461,48743209.91972458
20463,58825095.49368087
20464,71014518.72253692
20465,63421017.21205816
20466,85314861.03767796
20467,84441291.76880524
20468,58894390.79961496
20470,72983253.1357061
20471,84106647.94850501
20473,119503264.5891232
20475,70984926.575388
20476,83161067.75509776
20477,94152359.8891825
20478,104698436.79040706
20479,100628741.92544346
20480,69627030.93643576
20481,72419430.82788637
20482,55556362.58584149
20483,209043115.13013846
20484,84428107.3705182
20485,108707461.853295
20486,83130281.32343373
20487,102068399.66870083
20488,54748016.86779766
20489,110720675.41032907
20490,104526534.93243112
20491,83388900.46458492
20492,78690201.67739436
20493,194436922.32500982
20494,134828117.78807926
20496,191037179.73283046
20497,335370019.6723047
20498,79603151.43792216
20499,127022107.91002975
20501,51394292.12379363
20502,140114923.44922087
20503,251564613.19950885
20504,133960222.14333718
20506,90412837.8759667
20507,100630205.20664415
20508,93604981.701859
20509,71926905.87830909
20510,210359137.9346749
20511,133420229.21644394
20512,86300576.60738301
20514,73547801.85987842
20515,115768850.24959245
20516,46092371.748840444
20517,69212933.93888246
20518,138032137.43521634
20519,125864638.4568875
20520,135306415.99177334
20521,91271027.23211105
20522,62638368.7109063
20525,109601372.97409654
20527,76110894.46784773
20528,83770342.56608342
20530,152240207.11148375
20531,62812549.393043034
20535,186126553.1519224
20536,91681893.0399041
20537,108604612.52718908
20538,88839574.65963858
20539,103566710.70663403
20540,69600749.95803991
20541,39640933.3076753
20543,212022791.2228516
20544,135723671.4120879
20545,81122437.08505708
20546,105516454.59987387
20549,71200969.90626958
20550,54831051.53939055
20551,69406693.81754151
20552,60998192.37833291
20554,57207826.470051795
20555,105254797.91458681
20556,107473492.83498658
20557,62584624.93490724
20558,69280757.6554993
20559,113948536.8107067
20560,142034211.69372705
20561,108323143.14103866
20562,64329616.25916246
20563,46526213.627645954
20564,182285413.775607
20566,161937954.45272818
20568,70089270.375877
20569,80216341.56990722
20570,204049694.60119927
20571,76688513.6874012
20572,77868978.74266191
20573,52803349.47355139
20574,72742511.5780372
20575,88081447.06351896
20576,153208362.17554957
20577,56998882.16343141
20578,146696143.74989158
20579,95806406.97654186
20580,162406223.16778207
20581,54915866.462286875
20582,196996305.30819607
20583,134421980.20342982
20584,62875291.87796666
20585,70988886.3547837
20586,83124003.39534307
20587,45630975.621518746
20588,129798969.03969362
20589,103728866.3403597
20590,79032126.08562037
20591,236627949.25351453
20593,87592357.30863275
20594,163316695.66809958
20595,100111090.61771432
20596,31226073.757762946
20597,48207011.57846398
20598,54552204.86381138
20600,253830903.2937566
20602,213125940.29820383
20603,61068476.170154884
20604,70681999.31958508
20605,93308298.5564811
20606,55077165.36664401
20607,35758532.68523832
20608,83470646.89017531
20609,194174831.06994677
20610,75845086.35135248
20611,69767225.12023921
20614,94753560.63184607
20615,95030408.39286856
20616,64121029.314205885
20617,86335653.91254339
20618,96714770.0900571
20619,77143756.62644067
20620,233615433.37742466
20621,182941758.90776208
20622,217986380.77065298
20623,46123721.477807194
20624,124585832.37523206
20625,81086784.46523324
20626,319673239.36153567
20628,148522234.56923005
20629,139985080.30529425
20630,64510527.184815556
20631,322784103.2401761
20632,28497108.99681304
20633,68951499.23937212
20634,107488474.3442747
20635,122512844.28372744
20636,77066134.4419176
20637,76817637.77667853
20639,65879389.90014897
20640,106017718.7619517
20642,78081370.09483339
20643,77177348.40273356
20644,131096735.5157536
20645,94324411.03117666
20647,48699805.86936624
20648,158713477.02671674
20651,84526257.09330851
20652,139256208.2913008
20653,75855477.45211953
20654,44035251.5698916
20655,82486230.99199575
20656,196191489.75509894
20657,83389124.94659749
20658,33748628.65430798
20659,54367053.386819534
20660,76993124.3515887
20662,115889075.10781762
20663,44320815.14493877
20665,73558465.57644662
20666,103880428.44388291
20667,171095430.6263135
20668,88773851.21393436
20669,75008223.51400724
20670,76609246.5471001
20671,68268234.25063443
20673,161747345.36362317
20674,70586980.77037242
20675,53423015.02390159
20677,136918420.03183538
20678,163071249.851764
20679,29141617.643979564
20680,71788650.14303857
20681,70815901.81873281
20683,78830362.92988878
20685,57210942.780600056
20688,80591530.30759478
20689,126872481.57117826
20690,219301598.4248553
20691,44243411.25699137
20692,165336817.9001044
20693,110121350.8350211
20694,48095985.59031383
20695,133617865.58661957
20696,77873626.86077482
20697,39985740.260100774
20698,85964317.4949098
20699,118150655.91060847
20700,99332501.9769823
20701,90558710.60741389
20702,59226036.17254702
20703,67923948.39353083
20704,53122687.295832954
20705,134623397.64917493
20706,107840026.45199613
20707,171164751.35331208
20708,61146692.53080613
20709,74892941.32868224
20710,103306773.52461979
20711,72008389.9851109
20713,60837651.04318012
20714,152308019.21638855
20715,70363101.57673675
20716,130505094.9224413
20717,92343607.59731081
20718,105581444.02044335
20719,50062373.06860779
20720,88928588.53894071
20721,58597436.9461017
20722,61028945.400198966
20723,70055113.75915991
20724,110196488.64437914
20725,79464166.66328664
20726,134840251.35966218
20728,99330042.96304737
20729,114926465.21517383
20730,141685528.56259742
20731,114544339.84997195
20732,50631851.62744926
20733,94815212.23424143
20734,105727567.53645746
20735,67002103.42208144
20736,89089809.93224907
20738,68317308.43764189
20739,351858591.7871629
20741,108261627.6798979
20742,101737003.06442374
20743,73690099.56257924
20744,111610791.59040466
20745,143966497.1200566
20746,64068208.43056573
20747,80804311.92096467
20749,168719038.8901487
20751,94495147.1812087
20752,100724779.19785489
20753,160934422.48487455
20754,88451358.87192914
20755,276965884.8026276
20757,60294090.870058745
20759,82770201.8897217
20761,183981607.86337852
20762,137120134.1597523
20763,89137308.41153218
20764,57887230.13322191
20765,109300894.10853606
20766,73167199.24449576
20768,110645962.12907964
20769,49430483.804942146
20770,105250095.35785864
20772,56637426.980685025
20773,48053123.257247455
20774,80201763.85559162
20775,92809436.83775796
20778,112859912.68618831
20779,125036618.96323165
20780,57214345.73950013
20781,51660801.93848445
20782,215519913.71457162
20783,122893320.87870061
20785,77127420.55386692
20786,133251004.09544322
20787,134795076.6008977
20788,86117649.80934232
20789,52732293.407847926
20790,46395487.46207287
20791,78479001.77975091
20792,153322851.867141
20793,100227197.21000943
20794,103668263.19934873
20796,40301583.98849895
20797,212094718.80331826
20798,47541980.31246342
20799,63890274.60997966
20800,37788472.005278856
20801,64970026.58526276
20802,114028683.84048232
20803,112162920.01291859
20804,103755920.89133914
20806,126366362.51381731
20807,72355856.2963753
20808,122246125.02003543
20809,204609064.63474205
20810,112966718.24212801
20811,44120400.88687067
20812,43076644.664020054
20813,46862717.92003002
20814,112065847.94396701
20815,128308543.542831
20816,65504385.38681849
20817,128176607.65181626
20818,31092334.437458068
20819,71109022.02642319
20820,111822408.73622401
20821,145520781.2440075
20822,48657178.86273661
20824,160710960.65069133
20826,89429201.8423413
20828,85051651.28673594
20829,46640199.32696935
20830,62651428.89166306
20832,93603948.42011988
20833,53256853.47576347
20834,40537031.48257201
20836,112416567.12140124
20837,48887856.376891814
20838,130826305.56625018
20839,80951042.59943351
20840,71179774.903593
20841,335702070.41966164
20842,160227805.414781
20844,81663631.41363327
20845,57309087.409745894
20846,256683915.23480374
20847,148790867.29129958
20848,68027472.29164188
20849,133221258.60492878
20850,83238283.49780966
20852,66398937.1403863
20853,345963738.3681487
20854,43123836.45584887
20855,136010502.84697726
20856,137214801.74728245
20857,162501797.7589554
20858,79601409.34801999
20859,135167382.66504452
20860,152039725.44372863
20861,242853744.97671252
20863,61629484.19998482
20864,88329115.94812672
20865,68658278.41130915
20866,92829211.5895885
20867,108273803.48831771
20868,110239463.91869314
20869,135892707.47614244
20871,105590112.21896973
20872,101889706.01466367
20873,75765559.38744688
20874,158719331.8926338
20875,56126355.26456126
20876,133692870.54432824
20877,183587162.80037844
20880,97998920.22504508
20881,113962811.14898373
20883,102606684.16267228
20885,73686564.80589962
20887,58180028.633151375
20888,97149277.91871405
20889,85089931.1740232
20890,96280870.20893066
20891,151520687.51317155
20892,119714944.37844832
20893,99882681.22465147
20894,95355914.22965194
20895,126224832.83802627
20896,157587962.51679635
20897,76639756.78562386
20898,183486933.2633057
20899,112229622.48955159
20900,155326275.56144243
20902,54450280.1627278
20903,91519328.00074527
20905,100516287.18762934
20906,139160621.11631957
20907,89506263.56792904
20909,117821989.43385515
20910,54930885.46975896
20911,52473846.47734118
20912,211005840.84998387
20913,78187361.61225994
20914,53658024.678208396
20915,71825504.80849981
20916,56653663.191254124
20917,158435768.08912718
20918,91178346.4816986
20920,50696750.12616311
20922,75774765.59915632
20924,86482403.58352393
20925,57921572.57847958
20926,163918349.45572302
20927,45669454.238019906
20928,98493537.27823691
20930,82769759.8574012
20931,63512392.23203574
20932,82704631.70961833
20933,70856452.58343318
20934,59446670.86340601
20935,132875225.08234738
20936,78883844.10419892
20938,61047335.08707103
20939,63165069.387700275
20940,198709495.0647754
20941,81315957.91904293
20942,75292662.98550104
20943,174357919.4308769
20944,147833916.22361356
20945,78334171.89046776
20946,100270079.41709977
20947,47332423.6382218
20948,194312216.10230845
20949,68334573.46534258
20950,106646590.89356035
20951,82701512.30018508
20952,71254294.69925588
20953,79231239.37993325
20954,42360462.8031765
20955,177891073.1342761
20956,317591058.2825621
20957,58111775.478783734
20958,88821728.13617465
20959,64166780.58899735
20960,84302214.57903755
20961,74055168.54726656
20962,104219517.03947729
20963,113309427.37157738
20964,98087649.12586926
20965,126583420.53965001
20967,128527794.06054471
20968,69963360.53253068
20969,68248469.0244224
20970,229649041.8935272
20971,107173037.31857309
20972,69239270.5271432
20973,54232855.66788207
20974,66351157.27695519
20975,142441546.16070226
20976,67650120.7933213
20978,118716178.61703157
20979,52671100.439341545
20980,75865915.12315823
20982,102460517.59517871
20983,75990083.1023101
20984,69403733.37578383
20985,95611688.88740404
20986,52334835.58366532
20987,122915588.94688334
20988,76629137.73828311
20989,131201551.09471896
20990,61091749.63457087
20991,333533006.5472599
20992,141203898.24592984
20993,70518299.41651969
20995,139631149.2196289
20996,85190440.22235644
20998,85633906.83970529
20999,111629364.18982384
21000,226037327.69478562
21001,102643748.76478466
21002,88543325.73328757
21003,73943004.85307689
21005,344161373.01164675
21006,107549737.50075352
21007,98241809.86003329
21008,61676715.53663168
21009,105374045.84349583
21010,103672856.48003656
21012,74466338.81197873
21013,92131926.9829279
21014,79112330.04042582
21016,61858464.076961376
21017,67660621.10171518
21018,64548735.84940786
21019,242349861.39220273
21020,71894325.83294307
21021,119759852.58960791
21022,54427357.50217223
21024,77499341.0617334
21025,262040422.11573967
21026,78900716.97536321
21027,101203768.07853349
21028,132388741.55608216
21029,62888253.57936823
21030,108493170.92237222
21032,139988927.87609613
21033,78230361.46684898
21034,80300142.14307085
21035,113372029.37246892
21036,50419082.382180065
21037,142405584.9139628
21038,48010540.02039496
21039,58519819.569268465
21040,56540953.06893782
21041,87936791.27516311
21042,61986664.18579474
21043,65505396.941544846
21044,111299894.36274932
21045,89047805.24698335
21047,135811605.4876138
21050,83743887.70768434
21051,76398254.38428311
21054,86202876.46600455
21056,57984120.39374496
21060,199249743.10822693
21062,148371538.2064849
21063,69094691.96521583
21064,103236501.93051542
21065,26027589.407778434
21066,99600739.79083772
21068,69303932.88914469
21070,132566725.60506031
21072,121291642.90267806
21073,53546448.66285871
21074,176051076.77359974
21075,60862875.09127181
21076,101513277.91161242
21078,151186004.3753203
21079,59406614.847975336
21080,55765501.812187955
21081,78582780.31285945
21082,76165733.59710559
21083,53984444.75010617
21084,76562008.16924031
21085,66643466.90574871
21086,100348847.92465721
21087,81216804.75476296
21089,66891755.71160016
21090,68052500.63501321
21091,51487859.250391744
21092,62997788.70757429
21093,95382656.93865061
21094,140335945.55229047
21095,64464426.663337305
21097,92347228.47338039
21098,133042241.41625254
21099,71502813.85678764
21100,51609481.75117021
21102,65703880.089490496
21103,53344048.95779041
21104,100271017.62032984
21105,64210259.06548448
21106,93800175.10393795
21107,72626471.09769295
21108,66914340.771554925
21109,62342659.913954295
21110,63888544.78435095
21111,127532064.11153495
21112,104801674.10016717
21113,64094512.8990057
21114,63699798.21016675
21115,93822749.18907845
21116,106649323.1992777
21117,143228549.40172043
21118,88587108.92027229
21119,99945726.24113151
21120,66344438.5458269
21121,113149728.06561568
21122,200564811.4048525
21124,77668501.09932975
21125,167921991.8221743
21126,160906713.80772364
21127,55676343.725458115
21129,191813607.72243273
21130,94137457.4116388
21131,128503636.90949896
21132,62832290.730111435
21133,123786861.77172306
21134,124675588.67146285
21135,67265934.43019633
21136,64873651.03512361
21137,119851450.86310771
21138,150245302.57925507
21139,90611107.036606
21140,72019752.40150844
21142,148738019.45950875
21143,83836584.04099171
21144,217223295.86165026
21145,112740658.84304394
21146,72939465.89716183
21147,89366555.69926098
21148,74878777.56921996
21149,122114276.5323767
21150,71759695.53146473
21151,195992857.94344392
21152,61355342.35906181
21153,48857766.58660961
21154,78768568.08064465
21155,48791130.93973882
21156,72410453.25086845
21157,89906668.85813905
21158,95162960.73667678
21159,211269961.18612236
21160,68045113.1986369
21161,48046510.783458136
21162,46353345.62241142
21163,107814009.7532008
21164,114333075.55520588
21165,100380847.58285415
21166,107660144.05084103
21167,157157154.74691546
21168,117394935.50735742
21169,54525345.60090528
21170,139108389.37650967
21171,182978751.00972253
21172,57933238.81233301
21173,80453608.90825322
21175,72470239.05371203
21176,40695324.99879852
21177,104538023.74691792
21178,48901238.069975615
21179,115411651.84637119
21180,67706459.45502238
21181,234662234.58218753
21182,64426744.24277843
21183,61552309.16431274
21184,51200017.86403193
21185,153047267.9047657
21186,153121760.60479167
21187,112371249.9926571
21190,66780705.237013645
21191,70350641.49092512
21192,71133727.45659569
21193,52773235.3826057
21194,158110109.16045052
21195,43388224.0221434
21196,89821469.11490463
21197,145319146.9517902
21198,118019450.66319975
21199,110504548.83741623
21200,89704472.49972284
21201,100603287.83873415
21202,64477476.404499084
21203,45085125.53897412
21204,60953728.53513604
21205,94276759.60393101
21207,53031189.45059265
21208,117193098.51479906
21209,251257991.57761556
21210,165887662.94024983
21211,73424066.90980503
21212,117704714.80940276
21214,140348742.584454
21216,130123959.34237385
21217,150027281.7568938
21218,97342071.96501052
21219,51003110.1889153
21222,112211863.25109309
21223,44120904.45250657
21224,121828321.89295113
21225,119464685.81276579
21226,169412681.552728
21227,69008256.79433903
21228,61234044.790806785
21229,68276838.67206311
21230,135472112.2506601
21231,145044802.36252338
21232,123863763.83294222
21234,87639203.70928983
21235,94984727.71747673
21237,88747547.00766319
21238,64570187.13605044
21241,93225733.45281853
21242,76337913.27116036
21244,61393736.541546315
21245,137416412.41981906
21246,65391006.87042957
21247,70543167.35626286
21248,193374942.60245582
21249,183380232.83961135
21250,59568450.21138148
21251,54388193.93571538
21253,86909309.58709799
21255,89632418.13769896
21256,74744800.34169635
21257,50868815.64081177
21258,89779128.02700187
21260,105890700.67180651
21261,172255127.6865636
21262,121926377.75621913
21263,118174160.03892487
21264,131845509.65251449
21269,98673998.09138379
21270,70562097.69896583
21271,99165570.23319997
21272,47645275.97204978
21273,89661560.77557306
21274,96321381.08703078
21275,77740350.73436457
21276,60868825.832981996
21277,179646137.2327902
21278,68227110.85313806
21279,107625752.64082718
21280,79259868.89535972
21281,78165072.30697829
21283,184277469.8202506
21284,45120483.04768081
21285,87505803.99111518
21286,59839154.512370005
21287,55849680.46983552
21288,256380551.1702221
21289,136209197.2383768
21290,43615851.09321413
21291,87037393.74654236
21293,47627830.106002584
21294,50750749.23472273
21295,85746765.16486008
21296,193331833.55768496
21297,99053609.04718792
21298,55920866.965461366
21300,35874277.60730103
21301,107393598.20700976
21302,64932178.08448175
21303,105206161.32629113
21304,158614659.11258027
21306,58237333.31921427
21307,164130976.08397827
21308,63188774.520638674
21309,47860503.459759556
21310,100450741.80844525
21312,135564634.26295066
21313,103279422.29007947
21314,93105711.94139355
21315,78743892.26452637
21316,164437616.14727202
21317,61180557.431338325
21318,192747768.75560603
21319,130638041.041112
21320,52686000.30426679
21322,63777307.35708611
21323,119239153.37022954
21324,234866428.78801852
21325,75947776.73203966
21326,55982869.77931393
21327,61574823.00347865
21328,95880528.05259626
21329,139933477.24720478
21330,59744697.53020704
21331,63521529.1748815
21334,101510850.08651358
21335,73995991.10150792
21336,55168823.695683174
21337,119328622.26448874
21339,61857682.78320304
21340,81559038.92509064
21341,91307303.83202875
21342,77693440.69073516
21343,99354167.77416843
21344,186293039.30674312
21345,83073694.86488229
21346,211758651.02035877
21347,77133702.50927593
21348,61359805.61564349
21349,65913547.296136804
21350,51839944.49727473
21352,65965457.831512004
21353,55633589.00113897
21355,130340431.52842523
21356,50968599.54722992
21357,130077604.32978056
21358,74238588.78812844
21359,85886285.03974533
21361,131511319.70030661
21362,56460326.04332963
21363,176128365.5067401
21364,70225512.00332215
21365,108258927.76454984
21366,73221451.60063376
21367,52505198.161551945
21368,66163131.55702544
21369,54135428.38497104
21370,185086581.61555374
21371,86797729.30329217
21372,89765975.9632158
21373,71943141.2108511
21374,99952027.01762745
21375,69796361.54439904
21377,93745603.97820443
21378,317295854.8248359
21379,126637685.549655
21380,112594514.84375125
21381,137175284.30524704
21382,126208654.03602925
21385,106450146.35623232
21386,111460785.0958849
21387,114189874.42723295
21388,78580230.55969
21390,134768199.13140556
21392,116122390.19764405
21393,67227867.07079215
21395,52524733.53096822
21396,65186873.733573414
21397,41252544.171243794
21398,327917366.89530885
21399,77961869.06874892
21400,71618814.5137249
21401,164013731.48014674
21402,98292348.9395228
21403,42143396.70926106
21404,96705567.70832896
21405,76348520.05524158
21406,72333768.4377748
21407,69422922.92200814
21408,118520624.31531197
21409,85426275.01325835
21410,95231362.99038748
21411,133735106.0682196
21412,131908764.26021874
21413,190195318.51323014
21414,90302985.94461232
21415,84651034.84984191
21416,63393930.72851014
21417,69428123.53376706
21418,115836273.7727361
21420,88823986.86634585
21421,229251372.41202277
21422,59588672.80106898
21423,194666391.94704947
21424,148945465.74318087
21425,198308233.4923603
21426,147348675.69813287
21427,184471028.409864
21428,60971714.67756415
21429,62791538.45874248
21431,87330098.77704254
21432,145065300.21675983
21433,102813544.0086336
21434,94487332.35111889
21435,92582790.07001758
21437,260300139.67415693
21438,95119393.63388684
21441,57917912.56257634
21442,97677947.95387486
21443,48422521.5799869
21444,56292070.63339748
21445,93445835.40290694
21446,43970234.50879816
21447,35274590.31383908
21448,144278371.61757225
21449,183851150.82923064
21450,106497854.69981134
21452,70291907.52905492
21454,113637705.43104556
21455,76988610.73268767
21456,66568660.914771095
21458,292560090.2738782
21459,77555649.42207423
21460,91380865.46445921
21461,95521030.37583418
21462,105851368.54811712
21463,119228509.2848882
21464,190471076.45237273
21465,105706515.97452241
21466,146041227.70140752
21467,54447465.797539294
21468,96109121.4302659
21470,119646964.60293809
21471,84833401.6895465
21472,151405914.43447188
21473,70550393.46431623
21475,57532510.08320486
21476,96320880.90084757
21477,77532525.50096737
21478,100055105.01214842
21479,55887378.22994108
21480,112957074.19237861
21481,113341292.36479439
21482,61311001.47813449
21483,65263202.35357722
21484,130267484.48216447
21485,63624343.21386963
21486,59513191.93682988
21487,52354617.18445979
21489,50441206.7785293
21490,70171660.00252098
21491,59110088.193406574
21492,68677684.06735669
21493,77278297.37196626
21494,72959410.11139292
21495,242576677.12051675
21496,159176246.68412602
21497,64523328.23585108
21498,102058319.30364415
21499,164734765.5986306
21500,86541924.36962835
21501,65430393.92596902
21502,58084410.33459751
21503,175758808.66626444
21504,61631019.222338974
21505,132454696.22817366
21507,167639074.63814092
21508,62541364.712414056
21509,60488937.072714314
21510,118804327.13072109
21511,54930660.16226887
21512,73905250.8712285
21515,104624468.92642534
21516,37200319.49335451
21517,76971000.42708915
21519,103548199.84250267
21521,141185593.54073358
21522,58493316.053148106
21523,71222044.51764394
21525,73011478.16477421
21526,177204382.70294854
21528,100688665.35756609
21530,122795482.16827917
21531,106354330.08713138
21533,82859797.40851995
21534,35718959.71862339
21535,54536156.84174538
21537,180362452.0151951
21538,57332150.3447801
21539,48508793.56224762
21542,66964445.30700453
21543,46072933.16517108
21545,78254121.94229253
21546,55468764.39391108
21547,76759884.9623084
21549,72928788.26819772
21550,167037334.69929636
21551,153111542.4353082
21553,172259440.0502006
21554,132818070.7502703
21555,179347006.72712877
21556,224510068.40843022
21557,72750064.22270012
21558,90312044.3501006
21559,80257804.8109028
21560,50576537.737380795
21561,90913532.09391141
21562,108960332.07776763
21563,107234420.46087606
21564,165451256.9997067
21566,88978877.97289117
21567,62865557.7192862
21568,80675150.33744374
21569,120350872.26365513
21571,88618627.66731606
21572,198942778.815952
21573,101062334.9150343
21574,72764681.65205045
21575,66735806.331989184
21576,49538776.52632681
21577,83304608.20006591
21578,100806672.4470307
21579,78270338.81529593
21580,60604485.71454415
21581,71702602.9922682
21582,70958552.34381308
21583,154652219.33301938
21584,74974589.75369434
21585,48833509.65029997
21586,249446607.89582735
21587,76654397.05714032
21588,97104923.05143824
21589,108491142.52053618
21590,90439068.50549677
21592,133558066.08949651
21594,64687838.63601482
21595,85440602.55885518
21596,59787899.40685367
21597,101095307.61294717
21598,57044980.03312921
21600,71975738.37659888
21601,37889858.86806087
21602,62834119.86597715
21604,92141400.31952488
21605,123526335.0210724
21606,85145398.92478436
21607,77587662.65441732
21608,103156799.9066963
21609,97581902.34593292
21610,89314524.8114093
21611,97942825.29916936
21612,172372968.78978586
21613,127318055.78365988
21614,60579838.74869595
21615,54490477.34641213
21617,32501377.464090917
21618,175697944.02026618
21619,176589929.2801643
21620,155615502.8343536
21621,48902932.50215974
21622,76064155.39836913
21623,64023341.37757353
21625,54882690.36798946
21626,91228975.54691212
21627,72977858.3043323
21628,135500164.9903841
21629,115611466.63318244
21630,53615941.76942595
21631,133376391.91117541
21633,104847430.70246652
21634,86969615.1726566
21636,43067579.43968323
21637,73091592.55904211
21638,98568005.2690779
21640,61383020.43573968
21641,90318521.08401597
21642,116741777.41066675
21643,93811930.4041808
21644,70964057.57783239
21645,50281573.71337856
21646,135748609.2020672
21648,202408779.19865313
21649,80876867.97348404
21650,59613458.07697275
21651,78076463.86568227
21653,79889284.62436423
21654,324239956.30210495
21655,58502100.60974263
21657,87624978.81053692
21658,53860910.81935306
21659,68611421.80443604
21660,157580292.30074954
21661,99513557.17951949
21662,59760168.89022833
21663,74170753.50478855
21664,97604533.00301541
21665,42780662.69863604
21666,64108891.58869914
21669,58989301.826963075
21670,95363758.49389565
21671,60298190.323395826
21672,26252636.72380882
21673,42742930.71111959
21675,31156544.68381019
21676,98952138.00889814
21677,89899575.76024829
21678,221760087.63286093
21679,347791252.07943976
21680,71041054.55624074
21681,71216506.30081993
21682,205363471.47975716
21683,176494755.79177427
21684,155199971.17323643
21685,116475380.50376067
21686,78851046.76741892
21687,52176867.28480744
21688,46976834.45907916
21689,66889438.60130121
21690,185108389.56648225
21691,45182714.48093941
21692,86302431.62267862
21693,72842267.47525355
21694,61082675.94986774
21695,39994731.61405426
21696,66834575.6822606
21697,105027133.76106076
21698,102116252.9582633
21699,77223886.09759688
21700,139298908.09527493
21701,219333423.09927708
21702,140381562.6649615
21703,212845557.9315083
21704,166189182.07910413
21705,46204943.47361264
21706,167484218.21647543
21707,74238881.00841975
21709,69814880.01265723
21710,183562598.2340545
21711,80768824.24418104
21712,145766478.07395822
21713,120126064.20369034
21714,92780555.25655493
21715,64175572.27616951
21717,209889628.68615237
21718,249442208.95643157
21720,300426455.7649582
21721,189831572.24646068
21722,152135998.458
21723,54932662.0612677
21724,50179383.0001318
21725,95431838.76528585
21726,97138146.26731627
21727,154075461.22758117
21728,44641454.84644109
21729,186643789.1288393
21730,62910727.89286057
21731,170928697.28703415
21732,63151996.04184008
21733,129296321.94676405
21734,102382571.59641281
21736,118886280.33707222
21737,85288747.01963809
21738,69786569.74159575
21742,89768571.19898838
21743,52411294.47601373
21744,46972441.05229368
21745,215012813.50018436
